{
    "meta_data": {
        "name": "RouteScenario_453",
        "index": 1,
        "town": "Town04",
        "Num_agents": 4
    },
    "is_terminated": true,
    "tot": 76,
    "adv_collision": false,
    "adv_rel_pos_at_collision": [
        0.945026695728302,
        0.3269931375980377
    ],
    "adv_rel_yaw_at_collision": -4.4479851722717285,
    "Loss": 4.997631072998047,
    "ego_col": 6.652493476867676,
    "adv_rd": 0.10475686937570572,
    "adv_col": 1.25,
    "Collision Metric": 1.0,
    "Time of Termination": 76.0,
    "Cumulative OOB": 0.0,
    "Time spent OOB": 0.0,
    "iteration": 35,
    "first_metrics": {
        "Loss": 4.997631072998047,
        "ego_col": 6.652493476867676,
        "adv_rd": 0.10475686937570572,
        "adv_col": 1.25,
        "Collision Metric": 1.0,
        "Collision Metric_scaled": 0.8283470273017883,
        "Collision Metric_thresholded": 1.0,
        "Time of Termination": 76.0,
        "Cumulative OOB": 0.0,
        "Time spent OOB": 0.0,
        "adv_collision": false,
        "iteration": 35
    },
    "all_iterations": {
        "0": {
            "Loss": 9.598690032958984,
            "ego_col": 8.41385555267334,
            "adv_rd": 0.16873912513256073,
            "adv_col": 0.7299826145172119,
            "Collision Metric": 0.0,
            "Time of Termination": -1.0,
            "Cumulative OOB": 0.0,
            "Time spent OOB": 0.0,
            "adv_collision": false,
            "iteration": 0
        },
        "1": {
            "Loss": 9.895566940307617,
            "ego_col": 9.406418800354004,
            "adv_rd": 0.2119574099779129,
            "adv_col": 1.25,
            "Collision Metric": 0.0,
            "Time of Termination": -1.0,
            "Cumulative OOB": 0.375,
            "Time spent OOB": 0.375,
            "adv_collision": false,
            "iteration": 1
        },
        "2": {
            "Loss": 9.368890762329102,
            "ego_col": 9.54532527923584,
            "adv_rd": 0.17867828905582428,
            "adv_col": 1.25,
            "Collision Metric": 0.0,
            "Time of Termination": -1.0,
            "Cumulative OOB": 0.4000000059604645,
            "Time spent OOB": 0.4000000059604645,
            "adv_collision": false,
            "iteration": 2
        },
        "3": {
            "Loss": 10.210397720336914,
            "ego_col": 8.561058044433594,
            "adv_rd": 0.2699669897556305,
            "adv_col": 1.25,
            "Collision Metric": 0.0,
            "Time of Termination": -1.0,
            "Cumulative OOB": 0.1875,
            "Time spent OOB": 0.1875,
            "adv_collision": false,
            "iteration": 3
        },
        "4": {
            "Loss": 7.838849067687988,
            "ego_col": 8.338033676147461,
            "adv_rd": 0.16254077851772308,
            "adv_col": 1.25,
            "Collision Metric": 0.0,
            "Time of Termination": -1.0,
            "Cumulative OOB": 0.10000000149011612,
            "Time spent OOB": 0.10000000149011612,
            "adv_collision": false,
            "iteration": 4
        },
        "5": {
            "Loss": 9.318243026733398,
            "ego_col": 8.801704406738281,
            "adv_rd": 0.11755597591400146,
            "adv_col": 0.611527144908905,
            "Collision Metric": 0.0,
            "Time of Termination": -1.0,
            "Cumulative OOB": 0.0,
            "Time spent OOB": 0.0,
            "adv_collision": false,
            "iteration": 5
        },
        "6": {
            "Loss": 8.969078063964844,
            "ego_col": 8.813776016235352,
            "adv_rd": 0.11070115864276886,
            "adv_col": 0.686240553855896,
            "Collision Metric": 0.0,
            "Time of Termination": -1.0,
            "Cumulative OOB": 0.0,
            "Time spent OOB": 0.0,
            "adv_collision": false,
            "iteration": 6
        },
        "7": {
            "Loss": 7.42949104309082,
            "ego_col": 8.638111114501953,
            "adv_rd": 0.12706902623176575,
            "adv_col": 1.25,
            "Collision Metric": 0.0,
            "Time of Termination": -1.0,
            "Cumulative OOB": 0.0,
            "Time spent OOB": 0.0,
            "adv_collision": false,
            "iteration": 7
        },
        "8": {
            "Loss": 7.047502517700195,
            "ego_col": 8.342656135559082,
            "adv_rd": 0.12274233251810074,
            "adv_col": 1.25,
            "Collision Metric": 0.0,
            "Time of Termination": -1.0,
            "Cumulative OOB": 0.0,
            "Time spent OOB": 0.0,
            "adv_collision": false,
            "iteration": 8
        },
        "9": {
            "Loss": 7.437056541442871,
            "ego_col": 8.76501178741455,
            "adv_rd": 0.1211022362112999,
            "adv_col": 1.25,
            "Collision Metric": 0.0,
            "Time of Termination": -1.0,
            "Cumulative OOB": 0.0,
            "Time spent OOB": 0.0,
            "adv_collision": false,
            "iteration": 9
        },
        "10": {
            "Loss": 6.960272789001465,
            "ego_col": 8.42099666595459,
            "adv_rd": 0.11446382105350494,
            "adv_col": 1.25,
            "Collision Metric": 0.0,
            "Time of Termination": -1.0,
            "Cumulative OOB": 0.0,
            "Time spent OOB": 0.0,
            "adv_collision": false,
            "iteration": 10
        },
        "11": {
            "Loss": 6.555599212646484,
            "ego_col": 8.274544715881348,
            "adv_rd": 0.10155270248651505,
            "adv_col": 1.25,
            "Collision Metric": 0.0,
            "Time of Termination": -1.0,
            "Cumulative OOB": 0.0,
            "Time spent OOB": 0.0,
            "adv_collision": false,
            "iteration": 11
        },
        "12": {
            "Loss": 6.202376365661621,
            "ego_col": 8.052756309509277,
            "adv_rd": 0.08581089973449707,
            "adv_col": 1.1888660192489624,
            "Collision Metric": 0.0,
            "Time of Termination": -1.0,
            "Cumulative OOB": 0.0,
            "Time spent OOB": 0.0,
            "adv_collision": false,
            "iteration": 12
        },
        "13": {
            "Loss": 6.182276725769043,
            "ego_col": 8.01171875,
            "adv_rd": 0.0960279107093811,
            "adv_col": 1.25,
            "Collision Metric": 0.0,
            "Time of Termination": -1.0,
            "Cumulative OOB": 0.0,
            "Time spent OOB": 0.0,
            "adv_collision": false,
            "iteration": 13
        },
        "14": {
            "Loss": 6.254186630249023,
            "ego_col": 7.953980445861816,
            "adv_rd": 0.10251031070947647,
            "adv_col": 1.25,
            "Collision Metric": 0.0,
            "Time of Termination": -1.0,
            "Cumulative OOB": 0.0,
            "Time spent OOB": 0.0,
            "adv_collision": false,
            "iteration": 14
        },
        "15": {
            "Loss": 5.611678123474121,
            "ego_col": 7.320705413818359,
            "adv_rd": 0.10204863548278809,
            "adv_col": 1.25,
            "Collision Metric": 0.0,
            "Time of Termination": -1.0,
            "Cumulative OOB": 0.0,
            "Time spent OOB": 0.0,
            "adv_collision": false,
            "iteration": 15
        },
        "16": {
            "Loss": 5.653528213500977,
            "ego_col": 7.481452941894531,
            "adv_rd": 0.09610375016927719,
            "adv_col": 1.25,
            "Collision Metric": 0.0,
            "Time of Termination": -1.0,
            "Cumulative OOB": 0.0,
            "Time spent OOB": 0.0,
            "adv_collision": false,
            "iteration": 16
        },
        "17": {
            "Loss": 6.032218933105469,
            "ego_col": 7.476294994354248,
            "adv_rd": 0.08604219555854797,