{
    "meta_data": {
        "name": "RouteScenario_608",
        "index": 6,
        "town": "Town05",
        "Num_agents": 4
    },
    "is_terminated": true,
    "tot": 70,
    "adv_collision": false,
    "adv_rel_pos_at_collision": [
        0.4877343773841858,
        -0.8729920983314514
    ],
    "adv_rel_yaw_at_collision": 0.9419025182723999,
    "Loss": 17.3829345703125,
    "ego_col": 20.1319580078125,
    "adv_rd": 0.028335601091384888,
    "adv_col": 1.1052452325820923,
    "Collision Metric": 1.0,
    "Time of Termination": 70.0,
    "Cumulative OOB": 0.0,
    "Time spent OOB": 0.0,
    "iteration": 1,
    "first_metrics": {
        "Loss": 17.3829345703125,
        "ego_col": 20.1319580078125,
        "adv_rd": 0.028335601091384888,
        "adv_col": 1.1052452325820923,
        "Collision Metric": 1.0,
        "Collision Metric_scaled": 0.2566317617893219,
        "Collision Metric_thresholded": 0.0,
        "Time of Termination": 70.0,
        "Cumulative OOB": 0.0,
        "Time spent OOB": 0.0,
        "adv_collision": false,
        "iteration": 1
    },
    "all_iterations": {
        "0": {
            "Loss": 18.073348999023438,
            "ego_col": 21.116788864135742,
            "adv_rd": 0.035328011959791183,
            "adv_col": 1.25,
            "Collision Metric": 0.0,
            "Time of Termination": -1.0,
            "Cumulative OOB": 0.0,
            "Time spent OOB": 0.0,
            "adv_collision": false,
            "iteration": 0
        },
        "1": {
            "Loss": 17.3829345703125,
            "ego_col": 20.1319580078125,
            "adv_rd": 0.028335601091384888,
            "adv_col": 1.1052452325820923,
            "Collision Metric": 1.0,
            "Time of Termination": 70.0,
            "Cumulative OOB": 0.0,
            "Time spent OOB": 0.0,
            "adv_collision": false,
            "iteration": 1
        },
        "2": {
            "Loss": 17.3829345703125,
            "ego_col": 20.1319580078125,
            "adv_rd": 0.028335601091384888,
            "adv_col": 1.1052452325820923,
            "Collision Metric": 1.0,
            "Time of Termination": 70.0,
            "Cumulative OOB": 0.0,
            "Time spent OOB": 0.0,
            "adv_collision": false,
            "iteration": 2
        },
        "3": {
            "Loss": 30.29812240600586,
            "ego_col": 33.72188186645508,
            "adv_rd": 0.016312094405293465,
            "adv_col": 1.25,
            "Collision Metric": 0.0,
            "Time of Termination": -1.0,
            "Cumulative OOB": 0.02500000037252903,
            "Time spent OOB": 0.02500000037252903,
            "adv_collision": false,
            "iteration": 3
        },
        "4": {
            "Loss": 29.613056182861328,
            "ego_col": 33.101131439208984,
            "adv_rd": 0.013096294365823269,
            "adv_col": 1.25,
            "Collision Metric": 0.0,
            "Time of Termination": -1.0,
            "Cumulative OOB": 0.02500000037252903,
            "Time spent OOB": 0.02500000037252903,
            "adv_collision": false,
            "iteration": 4
        },
        "5": {
            "Loss": 28.848827362060547,
            "ego_col": 32.54728317260742,
            "adv_rd": 0.002577143255621195,
            "adv_col": 1.25,
            "Collision Metric": 0.0,
            "Time of Termination": -1.0,
            "Cumulative OOB": 0.0,
            "Time spent OOB": 0.0,
            "adv_collision": false,
            "iteration": 5
        },
        "6": {
            "Loss": 28.221885681152344,
            "ego_col": 31.963953018188477,
            "adv_rd": 0.0003966205404140055,
            "adv_col": 1.25,
            "Collision Metric": 0.0,
            "Time of Termination": -1.0,
            "Cumulative OOB": 0.0,
            "Time spent OOB": 0.0,
            "adv_collision": false,
            "iteration": 6
        },
        "7": {
            "Loss": 27.562610626220703,
            "ego_col": 31.30756187438965,
            "adv_rd": 0.00025246522272937,
            "adv_col": 1.25,
            "Collision Metric": 0.0,
            "Time of Termination": -1.0,
            "Cumulative OOB": 0.0,
            "Time spent OOB": 0.0,
            "adv_collision": false,
            "iteration": 7
        },
        "8": {
            "Loss": 26.84543800354004,
            "ego_col": 30.590396881103516,
            "adv_rd": 0.000252046826062724,
            "adv_col": 1.25,
            "Collision Metric": 0.0,
            "Time of Termination": -1.0,
            "Cumulative OOB": 0.0,
            "Time spent OOB": 0.0,
            "adv_collision": false,
            "iteration": 8
        },
        "9": {
            "Loss": 26.08895492553711,
            "ego_col": 29.82136344909668,
            "adv_rd": 0.0008795486064627767,
            "adv_col": 1.25,
            "Collision Metric": 0.0,
            "Time of Termination": -1.0,
            "Cumulative OOB": 0.0,
            "Time spent OOB": 0.0,
            "adv_collision": false,
            "iteration": 9
        },
        "10": {
            "Loss": 25.46112060546875,
            "ego_col": 29.130529403686523,
            "adv_rd": 0.004029530566185713,
            "adv_col": 1.25,
            "Collision Metric": 0.0,
            "Time of Termination": -1.0,
            "Cumulative OOB": 0.0,
            "Time spent OOB": 0.0,
            "adv_collision": false,
            "iteration": 10
        },
        "11": {
            "Loss": 24.908557891845703,
            "ego_col": 28.544775009155273,
            "adv_rd": 0.005689107812941074,
            "adv_col": 1.25,
            "Collision Metric": 0.0,
            "Time of Termination": -1.0,
            "Cumulative OOB": 0.0,
            "Time spent OOB": 0.0,
            "adv_collision": false,
            "iteration": 11
        },
        "12": {
            "Loss": 24.375539779663086,
            "ego_col": 28.074750900268555,
            "adv_rd": 0.0025394766125828028,
            "adv_col": 1.25,
            "Collision Metric": 0.0,
            "Time of Termination": -1.0,
            "Cumulative OOB": 0.0,
            "Time spent OOB": 0.0,
            "adv_collision": false,
            "iteration": 12
        },
        "13": {
            "Loss": 23.925748825073242,
            "ego_col": 27.635955810546875,
            "adv_rd": 0.0019896235316991806,
            "adv_col": 1.25,
            "Collision Metric": 0.0,
            "Time of Termination": -1.0,
            "Cumulative OOB": 0.0,
            "Time spent OOB": 0.0,
            "adv_collision": false,
            "iteration": 13
        },
        "14": {
            "Loss": 23.50319480895996,
            "ego_col": 27.194580078125,
            "adv_rd": 0.0029306949581950903,
            "adv_col": 1.25,
            "Collision Metric": 0.0,
            "Time of Termination": -1.0,
            "Cumulative OOB": 0.0,
            "Time spent OOB": 0.0,
            "adv_collision": false,
            "iteration": 14
        },
        "15": {
            "Loss": 23.101709365844727,
            "ego_col": 26.750635147094727,
            "adv_rd": 0.0050537255592644215,
            "adv_col": 1.25,
            "Collision Metric": 0.0,
            "Time of Termination": -1.0,
            "Cumulative OOB": 0.0,
            "Time spent OOB": 0.0,
            "adv_collision": false,
            "iteration": 15
        },
        "16": {
            "Loss": 22.728286743164062,
            "ego_col": 26.31389808654785,
            "adv_rd": 0.008219463750720024,
            "adv_col": 1.25,
            "Collision Metric": 0.0,
            "Time of Termination": -1.0,
            "Cumulative OOB": 0.0,
            "Time spent OOB": 0.0,
            "adv_collision": false,
            "iteration": 16
        },
        "17": {
            "Loss": 22.36634063720703,
            "ego_col": 25.892736434936523,