{
    "meta_data": {
        "name": "RouteScenario_429",
        "index": 7,
        "town": "Town04",
        "Num_agents": 4
    },
    "is_terminated": true,
    "tot": 79,
    "adv_collision": false,
    "adv_rel_pos_at_collision": [
        0.9950889945030212,
        -0.0989844799041748
    ],
    "adv_rel_yaw_at_collision": 3.0706043243408203,
    "Loss": 23.643245697021484,
    "ego_col": 24.573413848876953,
    "adv_rd": 0.034452375024557114,
    "adv_col": 0.5397383570671082,
    "Collision Metric": 1.0,
    "Time of Termination": 79.0,
    "Cumulative OOB": 0.0,
    "Time spent OOB": 0.0,
    "iteration": 3,
    "first_metrics": {
        "Loss": 23.643245697021484,
        "ego_col": 24.573413848876953,
        "adv_rd": 0.034452375024557114,
        "adv_col": 0.5397383570671082,
        "Collision Metric": 1.0,
        "Collision Metric_scaled": 2.783290386199951,
        "Collision Metric_thresholded": 1.0,
        "Time of Termination": 79.0,
        "Cumulative OOB": 0.0,
        "Time spent OOB": 0.0,
        "adv_collision": false,
        "iteration": 3
    },
    "all_iterations": {
        "0": {
            "Loss": 23.775745391845703,
            "ego_col": 25.540393829345703,
            "adv_rd": 0.09926752746105194,
            "adv_col": 1.25,
            "Collision Metric": 0.0,
            "Time of Termination": -1.0,
            "Cumulative OOB": 0.0,
            "Time spent OOB": 0.0,
            "adv_collision": false,
            "iteration": 0
        },
        "1": {
            "Loss": 22.43278694152832,
            "ego_col": 25.235990524291992,
            "adv_rd": 0.04733983799815178,
            "adv_col": 1.25,
            "Collision Metric": 0.0,
            "Time of Termination": -1.0,
            "Cumulative OOB": 0.0,
            "Time spent OOB": 0.0,
            "adv_collision": false,
            "iteration": 1
        },
        "2": {
            "Loss": 24.192829132080078,
            "ego_col": 26.529891967773438,
            "adv_rd": 0.07064690440893173,
            "adv_col": 1.25,
            "Collision Metric": 0.0,
            "Time of Termination": -1.0,
            "Cumulative OOB": 0.15000000596046448,
            "Time spent OOB": 0.15000000596046448,
            "adv_collision": false,
            "iteration": 2
        },
        "3": {
            "Loss": 23.643245697021484,
            "ego_col": 24.573413848876953,
            "adv_rd": 0.034452375024557114,
            "adv_col": 0.5397383570671082,
            "Collision Metric": 1.0,
            "Time of Termination": 79.0,
            "Cumulative OOB": 0.0,
            "Time spent OOB": 0.0,
            "adv_collision": false,
            "iteration": 3
        },
        "4": {
            "Loss": 23.643245697021484,
            "ego_col": 24.573413848876953,
            "adv_rd": 0.034452375024557114,
            "adv_col": 0.5397383570671082,
            "Collision Metric": 1.0,
            "Time of Termination": 79.0,
            "Cumulative OOB": 0.0,
            "Time spent OOB": 0.0,
            "adv_collision": false,
            "iteration": 4
        },
        "5": {
            "Loss": 18.414480209350586,
            "ego_col": 21.625782012939453,
            "adv_rd": 0.026934951543807983,
            "adv_col": 1.25,
            "Collision Metric": 0.0,
            "Time of Termination": -1.0,
            "Cumulative OOB": 0.0,
            "Time spent OOB": 0.0,
            "adv_collision": false,
            "iteration": 5
        },
        "6": {
            "Loss": 18.280054092407227,
            "ego_col": 21.482709884643555,
            "adv_rd": 0.02736722305417061,
            "adv_col": 1.25,
            "Collision Metric": 0.0,
            "Time of Termination": -1.0,
            "Cumulative OOB": 0.0,
            "Time spent OOB": 0.0,
            "adv_collision": false,
            "iteration": 6
        },
        "7": {
            "Loss": 18.003704071044922,
            "ego_col": 21.320905685424805,
            "adv_rd": 0.021639956161379814,
            "adv_col": 1.25,
            "Collision Metric": 0.0,
            "Time of Termination": -1.0,
            "Cumulative OOB": 0.0,
            "Time spent OOB": 0.0,
            "adv_collision": false,
            "iteration": 7
        },
        "8": {
            "Loss": 17.788639068603516,
            "ego_col": 21.17182731628418,
            "adv_rd": 0.018340561538934708,
            "adv_col": 1.25,
            "Collision Metric": 0.0,
            "Time of Termination": -1.0,
            "Cumulative OOB": 0.0,
            "Time spent OOB": 0.0,
            "adv_collision": false,
            "iteration": 8
        },
        "9": {
            "Loss": 17.62940788269043,
            "ego_col": 21.03412437438965,
            "adv_rd": 0.01726415380835533,
            "adv_col": 1.25,
            "Collision Metric": 0.0,
            "Time of Termination": -1.0,
            "Cumulative OOB": 0.0,
            "Time spent OOB": 0.0,
            "adv_collision": false,
            "iteration": 9
        },
        "10": {
            "Loss": 17.487276077270508,
            "ego_col": 20.89244842529297,
            "adv_rd": 0.0172413382679224,
            "adv_col": 1.25,
            "Collision Metric": 0.0,
            "Time of Termination": -1.0,
            "Cumulative OOB": 0.0,
            "Time spent OOB": 0.0,
            "adv_collision": false,
            "iteration": 10
        },
        "11": {
            "Loss": 17.34455108642578,
            "ego_col": 20.739837646484375,
            "adv_rd": 0.01773570105433464,
            "adv_col": 1.25,
            "Collision Metric": 0.0,
            "Time of Termination": -1.0,
            "Cumulative OOB": 0.0,
            "Time spent OOB": 0.0,
            "adv_collision": false,
            "iteration": 11
        },
        "12": {
            "Loss": 17.176753997802734,
            "ego_col": 20.5855655670166,
            "adv_rd": 0.017059454694390297,
            "adv_col": 1.25,
            "Collision Metric": 0.0,
            "Time of Termination": -1.0,
            "Cumulative OOB": 0.0,
            "Time spent OOB": 0.0,
            "adv_collision": false,
            "iteration": 12
        },
        "13": {
            "Loss": 16.993738174438477,
            "ego_col": 20.42137908935547,
            "adv_rd": 0.016117995604872704,
            "adv_col": 1.25,
            "Collision Metric": 0.0,
            "Time of Termination": -1.0,
            "Cumulative OOB": 0.0,
            "Time spent OOB": 0.0,
            "adv_collision": false,
            "iteration": 13
        },
        "14": {
            "Loss": 16.82794952392578,
            "ego_col": 20.25916862487793,
            "adv_rd": 0.01593903638422489,
            "adv_col": 1.25,
            "Collision Metric": 1.0,
            "Time of Termination": 79.0,
            "Cumulative OOB": 0.0,
            "Time spent OOB": 0.0,
            "adv_collision": false,
            "iteration": 14
        },
        "15": {
            "Loss": 16.82794952392578,
            "ego_col": 20.25916862487793,
            "adv_rd": 0.01593903638422489,
            "adv_col": 1.25,
            "Collision Metric": 1.0,
            "Time of Termination": 79.0,
            "Cumulative OOB": 0.0,
            "Time spent OOB": 0.0,
            "adv_collision": false,
            "iteration": 15
        }
    }
}