{
    "meta_data": {
        "name": "RouteScenario_452",
        "index": 0,
        "town": "Town04",
        "Num_agents": 4
    },
    "is_terminated": true,
    "tot": 79,
    "adv_collision": false,
    "adv_rel_pos_at_collision": [
        0.9681228995323181,
        0.2504756450653076
    ],
    "adv_rel_yaw_at_collision": 0.23895561695098877,
    "Loss": 6.302684783935547,
    "ego_col": 9.10747241973877,
    "adv_rd": 0.047260601073503494,
    "adv_col": 1.25,
    "Collision Metric": 1.0,
    "Time of Termination": 79.0,
    "Cumulative OOB": 0.0,
    "Time spent OOB": 0.0,
    "iteration": 31,
    "first_metrics": {
        "Loss": 6.302684783935547,
        "ego_col": 9.10747241973877,
        "adv_rd": 0.047260601073503494,
        "adv_col": 1.25,
        "Collision Metric": 1.0,
        "Collision Metric_scaled": 0.49515706300735474,
        "Collision Metric_thresholded": 1.0,
        "Time of Termination": 79.0,
        "Cumulative OOB": 0.0,
        "Time spent OOB": 0.0,
        "adv_collision": false,
        "iteration": 31
    },
    "all_iterations": {
        "0": {
            "Loss": 10.977031707763672,
            "ego_col": 11.704909324645996,
            "adv_rd": 0.15110613405704498,
            "adv_col": 1.25,
            "Collision Metric": 0.0,
            "Time of Termination": -1.0,
            "Cumulative OOB": 0.0,
            "Time spent OOB": 0.0,
            "adv_collision": false,
            "iteration": 0
        },
        "1": {
            "Loss": 10.965036392211914,
            "ego_col": 12.07847785949707,
            "adv_rd": 0.1318279504776001,
            "adv_col": 1.25,
            "Collision Metric": 0.0,
            "Time of Termination": -1.0,
            "Cumulative OOB": 0.05000000074505806,
            "Time spent OOB": 0.05000000074505806,
            "adv_collision": false,
            "iteration": 1
        },
        "2": {
            "Loss": 9.837226867675781,
            "ego_col": 11.731571197509766,
            "adv_rd": 0.09278275817632675,
            "adv_col": 1.25,
            "Collision Metric": 0.0,
            "Time of Termination": -1.0,
            "Cumulative OOB": 0.0,
            "Time spent OOB": 0.0,
            "adv_collision": false,
            "iteration": 2
        },
        "3": {
            "Loss": 8.999848365783691,
            "ego_col": 11.37021541595459,
            "adv_rd": 0.06898164004087448,
            "adv_col": 1.25,
            "Collision Metric": 0.0,
            "Time of Termination": -1.0,
            "Cumulative OOB": 0.0,
            "Time spent OOB": 0.0,
            "adv_collision": false,
            "iteration": 3
        },
        "4": {
            "Loss": 9.110406875610352,
            "ego_col": 10.939362525939941,
            "adv_rd": 0.09605221450328827,
            "adv_col": 1.25,
            "Collision Metric": 0.0,
            "Time of Termination": -1.0,
            "Cumulative OOB": 0.0,
            "Time spent OOB": 0.0,
            "adv_collision": false,
            "iteration": 4
        },
        "5": {
            "Loss": 8.890048027038574,
            "ego_col": 11.097317695617676,
            "adv_rd": 0.07713650912046432,
            "adv_col": 1.25,
            "Collision Metric": 0.0,
            "Time of Termination": -1.0,
            "Cumulative OOB": 0.0,
            "Time spent OOB": 0.0,
            "adv_collision": false,
            "iteration": 5
        },
        "6": {
            "Loss": 8.65371322631836,
            "ego_col": 11.202412605285645,
            "adv_rd": 0.06006500869989395,
            "adv_col": 1.25,
            "Collision Metric": 0.0,
            "Time of Termination": -1.0,
            "Cumulative OOB": 0.0,
            "Time spent OOB": 0.0,
            "adv_collision": false,
            "iteration": 6
        },
        "7": {
            "Loss": 8.448052406311035,
            "ego_col": 11.20295238494873,
            "adv_rd": 0.049754999577999115,
            "adv_col": 1.25,
            "Collision Metric": 0.0,
            "Time of Termination": -1.0,
            "Cumulative OOB": 0.0,
            "Time spent OOB": 0.0,
            "adv_collision": false,
            "iteration": 7
        },
        "8": {
            "Loss": 8.386703491210938,
            "ego_col": 11.081747055053711,
            "adv_rd": 0.05274784564971924,
            "adv_col": 1.25,
            "Collision Metric": 0.0,
            "Time of Termination": -1.0,
            "Cumulative OOB": 0.0,
            "Time spent OOB": 0.0,
            "adv_collision": false,
            "iteration": 8
        },
        "9": {
            "Loss": 8.222862243652344,
            "ego_col": 10.877018928527832,
            "adv_rd": 0.054792143404483795,
            "adv_col": 1.25,
            "Collision Metric": 0.0,
            "Time of Termination": -1.0,
            "Cumulative OOB": 0.0,
            "Time spent OOB": 0.0,
            "adv_collision": false,
            "iteration": 9
        },
        "10": {
            "Loss": 7.95854377746582,
            "ego_col": 10.641621589660645,
            "adv_rd": 0.053346093744039536,
            "adv_col": 1.25,
            "Collision Metric": 0.0,
            "Time of Termination": -1.0,
            "Cumulative OOB": 0.0,
            "Time spent OOB": 0.0,
            "adv_collision": false,
            "iteration": 10
        },
        "11": {
            "Loss": 7.849276542663574,
            "ego_col": 10.441368103027344,
            "adv_rd": 0.057895440608263016,
            "adv_col": 1.25,
            "Collision Metric": 0.0,
            "Time of Termination": -1.0,
            "Cumulative OOB": 0.0,
            "Time spent OOB": 0.0,
            "adv_collision": false,
            "iteration": 11
        },
        "12": {
            "Loss": 7.737201690673828,
            "ego_col": 10.325316429138184,
            "adv_rd": 0.05809426307678223,
            "adv_col": 1.25,
            "Collision Metric": 0.0,
            "Time of Termination": -1.0,
            "Cumulative OOB": 0.0,
            "Time spent OOB": 0.0,
            "adv_collision": false,
            "iteration": 12
        },
        "13": {
            "Loss": 7.526181221008301,
            "ego_col": 10.255136489868164,
            "adv_rd": 0.05105224996805191,
            "adv_col": 1.25,
            "Collision Metric": 0.0,
            "Time of Termination": -1.0,
            "Cumulative OOB": 0.0,
            "Time spent OOB": 0.0,
            "adv_collision": false,
            "iteration": 13
        },
        "14": {
            "Loss": 7.320450782775879,
            "ego_col": 10.167243003845215,
            "adv_rd": 0.045160382986068726,
            "adv_col": 1.25,
            "Collision Metric": 0.0,
            "Time of Termination": -1.0,
            "Cumulative OOB": 0.0,
            "Time spent OOB": 0.0,
            "adv_collision": false,
            "iteration": 14
        },
        "15": {
            "Loss": 7.208808898925781,
            "ego_col": 10.046740531921387,
            "adv_rd": 0.04560340568423271,
            "adv_col": 1.25,
            "Collision Metric": 0.0,
            "Time of Termination": -1.0,
            "Cumulative OOB": 0.0,
            "Time spent OOB": 0.0,
            "adv_collision": false,
            "iteration": 15
        },
        "16": {
            "Loss": 7.062063217163086,
            "ego_col": 9.884271621704102,
            "adv_rd": 0.04638958349823952,
            "adv_col": 1.25,
            "Collision Metric": 0.0,
            "Time of Termination": -1.0,
            "Cumulative OOB": 0.0,
            "Time spent OOB": 0.0,
            "adv_collision": false,
            "iteration": 16
        },
        "17": {
            "Loss": 6.9551191329956055,
            "ego_col": 9.738615989685059,
            "adv_rd": 0.04832514747977257,
            "adv_col": 1.25,
            "Collision Metric": 0.0,