{
    "meta_data": {
        "name": "RouteScenario_676",
        "index": 4,
        "town": "Town05",
        "Num_agents": 4
    },
    "is_terminated": true,
    "tot": 35,
    "adv_collision": false,
    "adv_rel_pos_at_collision": [
        -0.9022945165634155,
        0.43112024664878845
    ],
    "adv_rel_yaw_at_collision": -0.09353506565093994,
    "Loss": 0.6045737266540527,
    "ego_col": 1.335801362991333,
    "adv_rd": 0.15093861520290375,
    "adv_col": 1.25,
    "Collision Metric": 1.0,
    "Time of Termination": 35.0,
    "Cumulative OOB": 0.0,
    "Time spent OOB": 0.0,
    "iteration": 2,
    "first_metrics": {
        "Loss": 0.6045737266540527,
        "ego_col": 1.335801362991333,
        "adv_rd": 0.15093861520290375,
        "adv_col": 1.25,
        "Collision Metric": 1.0,
        "Collision Metric_scaled": 0.2796497941017151,
        "Collision Metric_thresholded": 0.0,
        "Time of Termination": 35.0,
        "Cumulative OOB": 0.0,
        "Time spent OOB": 0.0,
        "adv_collision": false,
        "iteration": 2
    },
    "all_iterations": {
        "0": {
            "Loss": 2.401392936706543,
            "ego_col": 3.8540122509002686,
            "adv_rd": 0.11486902087926865,
            "adv_col": 1.25,
            "Collision Metric": 0.0,
            "Time of Termination": -1.0,
            "Cumulative OOB": 0.0,
            "Time spent OOB": 0.0,
            "adv_collision": false,
            "iteration": 0
        },
        "1": {
            "Loss": 0.802154541015625,
            "ego_col": 2.4840359687805176,
            "adv_rd": 0.10340593010187149,
            "adv_col": 1.25,
            "Collision Metric": 0.0,
            "Time of Termination": -1.0,
            "Cumulative OOB": 0.0,
            "Time spent OOB": 0.0,
            "adv_collision": false,
            "iteration": 1
        },
        "2": {
            "Loss": 0.6045737266540527,
            "ego_col": 1.335801362991333,
            "adv_rd": 0.15093861520290375,
            "adv_col": 1.25,
            "Collision Metric": 1.0,
            "Time of Termination": 35.0,
            "Cumulative OOB": 0.0,
            "Time spent OOB": 0.0,
            "adv_collision": false,
            "iteration": 2
        },
        "3": {
            "Loss": 0.6045737266540527,
            "ego_col": 1.335801362991333,
            "adv_rd": 0.15093861520290375,
            "adv_col": 1.25,
            "Collision Metric": 1.0,
            "Time of Termination": 35.0,
            "Cumulative OOB": 0.0,
            "Time spent OOB": 0.0,
            "adv_collision": false,
            "iteration": 3
        },
        "4": {
            "Loss": 1.276050329208374,
            "ego_col": 2.2162301540374756,
            "adv_rd": 0.0016883130883798003,
            "adv_col": 0.3246487081050873,
            "Collision Metric": 0.0,
            "Time of Termination": -1.0,
            "Cumulative OOB": 0.0,
            "Time spent OOB": 0.0,
            "adv_collision": true,
            "iteration": 4
        },
        "5": {
            "Loss": 2.7807326316833496,
            "ego_col": 2.6772472858428955,
            "adv_rd": 0.008685051463544369,
            "adv_col": 0.02340521477162838,
            "Collision Metric": 0.0,
            "Time of Termination": -1.0,
            "Cumulative OOB": 0.0,
            "Time spent OOB": 0.0,
            "adv_collision": true,
            "iteration": 5
        },
        "6": {
            "Loss": 2.4317493438720703,
            "ego_col": 2.324146270751953,
            "adv_rd": 0.013866311870515347,
            "adv_col": 0.05657433718442917,
            "Collision Metric": 0.0,
            "Time of Termination": -1.0,
            "Cumulative OOB": 0.0,
            "Time spent OOB": 0.0,
            "adv_collision": true,
            "iteration": 6
        },
        "7": {
            "Loss": 2.202843189239502,
            "ego_col": 2.1833064556121826,
            "adv_rd": 0.011831586249172688,
            "adv_col": 0.07236499339342117,
            "Collision Metric": 0.0,
            "Time of Termination": -1.0,
            "Cumulative OOB": 0.0,
            "Time spent OOB": 0.0,
            "adv_collision": true,
            "iteration": 7
        },
        "8": {
            "Loss": 1.9710867404937744,
            "ego_col": 2.1360790729522705,
            "adv_rd": 0.007436563726514578,
            "adv_col": 0.1045745387673378,
            "Collision Metric": 0.0,
            "Time of Termination": -1.0,
            "Cumulative OOB": 0.0,
            "Time spent OOB": 0.0,
            "adv_collision": true,
            "iteration": 8
        },
        "9": {
            "Loss": 1.7451765537261963,
            "ego_col": 2.0003037452697754,
            "adv_rd": 0.004025754984468222,
            "adv_col": 0.11188077926635742,
            "Collision Metric": 0.0,
            "Time of Termination": -1.0,
            "Cumulative OOB": 0.0,
            "Time spent OOB": 0.0,
            "adv_collision": true,
            "iteration": 9
        },
        "10": {
            "Loss": 1.772245168685913,
            "ego_col": 2.0389811992645264,
            "adv_rd": 0.004643002059310675,
            "adv_col": 0.11986535042524338,
            "Collision Metric": 0.0,
            "Time of Termination": -1.0,
            "Cumulative OOB": 0.0,
            "Time spent OOB": 0.0,
            "adv_collision": true,
            "iteration": 10
        },
        "11": {
            "Loss": 1.6053588390350342,
            "ego_col": 2.147592067718506,
            "adv_rd": 0.007891890592873096,
            "adv_col": 0.2333570420742035,
            "Collision Metric": 0.0,
            "Time of Termination": -1.0,
            "Cumulative OOB": 0.0,
            "Time spent OOB": 0.0,
            "adv_collision": true,
            "iteration": 11
        },
        "12": {
            "Loss": 2.2851150035858154,
            "ego_col": 2.2449891567230225,
            "adv_rd": 0.01335657574236393,
            "adv_col": 0.0756685808300972,
            "Collision Metric": 0.0,
            "Time of Termination": -1.0,
            "Cumulative OOB": 0.0,
            "Time spent OOB": 0.0,
            "adv_collision": true,
            "iteration": 12
        },
        "13": {
            "Loss": 2.5646932125091553,
            "ego_col": 2.256006956100464,
            "adv_rd": 0.016066083684563637,
            "adv_col": 0.0042118472047150135,
            "Collision Metric": 0.0,
            "Time of Termination": -1.0,
            "Cumulative OOB": 0.0,
            "Time spent OOB": 0.0,
            "adv_collision": true,
            "iteration": 13
        },
        "14": {
            "Loss": 1.35175621509552,
            "ego_col": 2.317155122756958,
            "adv_rd": 0.01015233900398016,
            "adv_col": 0.38948190212249756,
            "Collision Metric": 0.0,
            "Time of Termination": -1.0,
            "Cumulative OOB": 0.0,
            "Time spent OOB": 0.0,
            "adv_collision": true,
            "iteration": 14
        },
        "15": {
            "Loss": 1.6151213645935059,
            "ego_col": 2.2009201049804688,
            "adv_rd": 0.006146728526800871,
            "adv_col": 0.23624442517757416,
            "Collision Metric": 0.0,
            "Time of Termination": -1.0,
            "Cumulative OOB": 0.0,
            "Time spent OOB": 0.0,
            "adv_collision": true,
            "iteration": 15
        },
        "16": {
            "Loss": 2.0905416011810303,
            "ego_col": 2.201042652130127,
            "adv_rd": 0.0026366112288087606,
            "adv_col": 0.05441112071275711,
            "Collision Metric": 0.0,
            "Time of Termination": -1.0,
            "Cumulative OOB": 0.0,
            "Time spent OOB": 0.0,
            "adv_collision": true,
            "iteration": 16
        },