{
    "meta_data": {
        "name": "RouteScenario_114",
        "index": 2,
        "town": "Town03",
        "Num_agents": 4
    },
    "is_terminated": true,
    "tot": 62,
    "adv_collision": false,
    "adv_rel_pos_at_collision": [
        0.9383589029312134,
        0.34566232562065125
    ],
    "adv_rel_yaw_at_collision": 6.232282638549805,
    "Loss": -0.9692785739898682,
    "ego_col": 2.1916778087615967,
    "adv_rd": 0.029452180489897728,
    "adv_col": 1.25,
    "Collision Metric": 1.0,
    "Time of Termination": 62.0,
    "Cumulative OOB": 0.0,
    "Time spent OOB": 0.0,
    "iteration": 4,
    "first_metrics": {
        "Loss": -0.9692785739898682,
        "ego_col": 2.1916778087615967,
        "adv_rd": 0.029452180489897728,
        "adv_col": 1.25,
        "Collision Metric": 1.0,
        "Collision Metric_scaled": 3.9938621520996094,
        "Collision Metric_thresholded": 1.0,
        "Time of Termination": 62.0,
        "Cumulative OOB": 0.0,
        "Time spent OOB": 0.0,
        "adv_collision": false,
        "iteration": 4
    },
    "all_iterations": {
        "0": {
            "Loss": 2.2300119400024414,
            "ego_col": 4.188299179077148,
            "adv_rd": 0.08958563208580017,
            "adv_col": 1.25,
            "Collision Metric": 0.0,
            "Time of Termination": -1.0,
            "Cumulative OOB": 0.0,
            "Time spent OOB": 0.0,
            "adv_collision": false,
            "iteration": 0
        },
        "1": {
            "Loss": 0.5538787841796875,
            "ego_col": 3.468937397003174,
            "adv_rd": 0.0417470820248127,
            "adv_col": 1.25,
            "Collision Metric": 0.0,
            "Time of Termination": -1.0,
            "Cumulative OOB": 0.0,
            "Time spent OOB": 0.0,
            "adv_collision": false,
            "iteration": 1
        },
        "2": {
            "Loss": 4.116639137268066,
            "ego_col": 3.1555373668670654,
            "adv_rd": 0.07009319216012955,
            "adv_col": 0.14692066609859467,
            "Collision Metric": 0.0,
            "Time of Termination": -1.0,
            "Cumulative OOB": 0.03750000149011612,
            "Time spent OOB": 0.03750000149011612,
            "adv_collision": false,
            "iteration": 2
        },
        "3": {
            "Loss": 0.22165942192077637,
            "ego_col": 2.9651591777801514,
            "adv_rd": 0.05032501369714737,
            "adv_col": 1.25,
            "Collision Metric": 0.0,
            "Time of Termination": -1.0,
            "Cumulative OOB": 0.0,
            "Time spent OOB": 0.0,
            "adv_collision": false,
            "iteration": 3
        },
        "4": {
            "Loss": -0.9692785739898682,
            "ego_col": 2.1916778087615967,
            "adv_rd": 0.029452180489897728,
            "adv_col": 1.25,
            "Collision Metric": 1.0,
            "Time of Termination": 62.0,
            "Cumulative OOB": 0.0,
            "Time spent OOB": 0.0,
            "adv_collision": false,
            "iteration": 4
        },
        "5": {
            "Loss": -0.9692785739898682,
            "ego_col": 2.1916778087615967,
            "adv_rd": 0.029452180489897728,
            "adv_col": 1.25,
            "Collision Metric": 1.0,
            "Time of Termination": 62.0,
            "Cumulative OOB": 0.0,
            "Time spent OOB": 0.0,
            "adv_collision": false,
            "iteration": 5
        },
        "6": {
            "Loss": 0.8621854782104492,
            "ego_col": 3.9811553955078125,
            "adv_rd": 0.031551510095596313,
            "adv_col": 1.25,
            "Collision Metric": 0.0,
            "Time of Termination": -1.0,
            "Cumulative OOB": 0.0,
            "Time spent OOB": 0.0,
            "adv_collision": false,
            "iteration": 6
        },
        "7": {
            "Loss": 0.6615614891052246,
            "ego_col": 3.8321056365966797,
            "adv_rd": 0.028972802683711052,
            "adv_col": 1.25,
            "Collision Metric": 0.0,
            "Time of Termination": -1.0,
            "Cumulative OOB": 0.0,
            "Time spent OOB": 0.0,
            "adv_collision": false,
            "iteration": 7
        },
        "8": {
            "Loss": 0.6974029541015625,
            "ego_col": 3.9097907543182373,
            "adv_rd": 0.02688061073422432,
            "adv_col": 1.25,
            "Collision Metric": 0.0,
            "Time of Termination": -1.0,
            "Cumulative OOB": 0.0,
            "Time spent OOB": 0.0,
            "adv_collision": false,
            "iteration": 8
        },
        "9": {
            "Loss": 0.8056588172912598,
            "ego_col": 4.053107738494873,
            "adv_rd": 0.025127548724412918,
            "adv_col": 1.25,
            "Collision Metric": 0.0,
            "Time of Termination": -1.0,
            "Cumulative OOB": 0.0,
            "Time spent OOB": 0.0,
            "adv_collision": false,
            "iteration": 9
        },
        "10": {
            "Loss": 0.7298955917358398,
            "ego_col": 4.0024003982543945,
            "adv_rd": 0.023874765262007713,
            "adv_col": 1.25,
            "Collision Metric": 0.0,
            "Time of Termination": -1.0,
            "Cumulative OOB": 0.0,
            "Time spent OOB": 0.0,
            "adv_collision": false,
            "iteration": 10
        },
        "11": {
            "Loss": 0.6380209922790527,
            "ego_col": 3.926882266998291,
            "adv_rd": 0.023056942969560623,
            "adv_col": 1.25,
            "Collision Metric": 0.0,
            "Time of Termination": -1.0,
            "Cumulative OOB": 0.0,
            "Time spent OOB": 0.0,
            "adv_collision": false,
            "iteration": 11
        },
        "12": {
            "Loss": 0.5649957656860352,
            "ego_col": 3.860725164413452,
            "adv_rd": 0.022713541984558105,
            "adv_col": 1.25,
            "Collision Metric": 0.0,
            "Time of Termination": -1.0,
            "Cumulative OOB": 0.0,
            "Time spent OOB": 0.0,
            "adv_collision": false,
            "iteration": 12
        },
        "13": {
            "Loss": 0.4840106964111328,
            "ego_col": 3.78723406791687,
            "adv_rd": 0.02233882248401642,
            "adv_col": 1.25,
            "Collision Metric": 0.0,
            "Time of Termination": -1.0,
            "Cumulative OOB": 0.0,
            "Time spent OOB": 0.0,
            "adv_collision": false,
            "iteration": 13
        },
        "14": {
            "Loss": 0.23209762573242188,
            "ego_col": 3.5403194427490234,
            "adv_rd": 0.022088905796408653,
            "adv_col": 1.25,
            "Collision Metric": 0.0,
            "Time of Termination": -1.0,
            "Cumulative OOB": 0.0,
            "Time spent OOB": 0.0,
            "adv_collision": false,
            "iteration": 14
        },
        "15": {
            "Loss": 0.15826869010925293,
            "ego_col": 3.468465805053711,
            "adv_rd": 0.021990148350596428,
            "adv_col": 1.25,
            "Collision Metric": 0.0,
            "Time of Termination": -1.0,
            "Cumulative OOB": 0.0,
            "Time spent OOB": 0.0,
            "adv_collision": false,
            "iteration": 15
        },
        "16": {
            "Loss": 0.10010123252868652,
            "ego_col": 3.4079720973968506,
            "adv_rd": 0.022106453776359558,
            "adv_col": 1.25,
            "Collision Metric": 0.0,
            "Time of Termination": -1.0,
            "Cumulative OOB": 0.0,
            "Time spent OOB": 0.0,
            "adv_collision": false,
            "iteration": 16
        },
        "17": {
            "Loss": 0.03264474868774414,
            "ego_col": 3.3463711738586426,
            "adv_rd": 0.021813683211803436,
            "adv_col": 1.25,