{
    "meta_data": {
        "name": "RouteScenario_696",
        "index": 4,
        "town": "Town05",
        "Num_agents": 4
    },
    "is_terminated": true,
    "tot": 77,
    "adv_collision": false,
    "adv_rel_pos_at_collision": [
        -0.0055113560520112514,
        -0.999984860420227
    ],
    "adv_rel_yaw_at_collision": 1.286270022392273,
    "Loss": 15.107633590698242,
    "ego_col": 18.542295455932617,
    "adv_rd": 0.015766918659210205,
    "adv_col": 1.25,
    "Collision Metric": 1.0,
    "Time of Termination": 77.0,
    "Cumulative OOB": 0.0,
    "Time spent OOB": 0.0,
    "iteration": 1,
    "first_metrics": {
        "Loss": 15.107633590698242,
        "ego_col": 18.542295455932617,
        "adv_rd": 0.015766918659210205,
        "adv_col": 1.25,
        "Collision Metric": 1.0,
        "Collision Metric_scaled": 0.7688241004943848,
        "Collision Metric_thresholded": 1.0,
        "Time of Termination": 77.0,
        "Cumulative OOB": 0.0,
        "Time spent OOB": 0.0,
        "adv_collision": false,
        "iteration": 1
    },
    "all_iterations": {
        "0": {
            "Loss": 15.76732063293457,
            "ego_col": 19.400577545166016,
            "adv_rd": 0.005837161559611559,
            "adv_col": 1.25,
            "Collision Metric": 0.0,
            "Time of Termination": -1.0,
            "Cumulative OOB": 0.0,
            "Time spent OOB": 0.0,
            "adv_collision": false,
            "iteration": 0
        },
        "1": {
            "Loss": 15.107633590698242,
            "ego_col": 18.542295455932617,
            "adv_rd": 0.015766918659210205,
            "adv_col": 1.25,
            "Collision Metric": 1.0,
            "Time of Termination": 77.0,
            "Cumulative OOB": 0.0,
            "Time spent OOB": 0.0,
            "adv_collision": false,
            "iteration": 1
        },
        "2": {
            "Loss": 15.107633590698242,
            "ego_col": 18.542295455932617,
            "adv_rd": 0.015766918659210205,
            "adv_col": 1.25,
            "Collision Metric": 1.0,
            "Time of Termination": 77.0,
            "Cumulative OOB": 0.0,
            "Time spent OOB": 0.0,
            "adv_collision": false,
            "iteration": 2
        },
        "3": {
            "Loss": 23.186424255371094,
            "ego_col": 26.737567901611328,
            "adv_rd": 0.009942772798240185,
            "adv_col": 1.25,
            "Collision Metric": 0.0,
            "Time of Termination": -1.0,
            "Cumulative OOB": 0.0,
            "Time spent OOB": 0.0,
            "adv_collision": false,
            "iteration": 3
        },
        "4": {
            "Loss": 22.660133361816406,
            "ego_col": 25.927045822143555,
            "adv_rd": 0.02415439300239086,
            "adv_col": 1.25,
            "Collision Metric": 0.0,
            "Time of Termination": -1.0,
            "Cumulative OOB": 0.0,
            "Time spent OOB": 0.0,
            "adv_collision": false,
            "iteration": 4
        },
        "5": {
            "Loss": 22.14901351928711,
            "ego_col": 25.321414947509766,
            "adv_rd": 0.028879908844828606,
            "adv_col": 1.25,
            "Collision Metric": 0.0,
            "Time of Termination": -1.0,
            "Cumulative OOB": 0.0,
            "Time spent OOB": 0.0,
            "adv_collision": false,
            "iteration": 5
        },
        "6": {
            "Loss": 21.608108520507812,
            "ego_col": 24.762319564819336,
            "adv_rd": 0.02978942170739174,
            "adv_col": 1.25,
            "Collision Metric": 0.0,
            "Time of Termination": -1.0,
            "Cumulative OOB": 0.0,
            "Time spent OOB": 0.0,
            "adv_collision": false,
            "iteration": 6
        },
        "7": {
            "Loss": 20.969839096069336,
            "ego_col": 24.184898376464844,
            "adv_rd": 0.026747053489089012,
            "adv_col": 1.25,
            "Collision Metric": 0.0,
            "Time of Termination": -1.0,
            "Cumulative OOB": 0.0,
            "Time spent OOB": 0.0,
            "adv_collision": false,
            "iteration": 7
        },
        "8": {
            "Loss": 20.170896530151367,
            "ego_col": 23.55403709411621,
            "adv_rd": 0.01834292709827423,
            "adv_col": 1.25,
            "Collision Metric": 0.0,
            "Time of Termination": -1.0,
            "Cumulative OOB": 0.0,
            "Time spent OOB": 0.0,
            "adv_collision": false,
            "iteration": 8
        },
        "9": {
            "Loss": 19.254323959350586,
            "ego_col": 22.85824203491211,
            "adv_rd": 0.007304089609533548,
            "adv_col": 1.25,
            "Collision Metric": 0.0,
            "Time of Termination": -1.0,
            "Cumulative OOB": 0.0,
            "Time spent OOB": 0.0,
            "adv_collision": false,
            "iteration": 9
        },
        "10": {
            "Loss": 18.404020309448242,
            "ego_col": 22.07932472229004,
            "adv_rd": 0.003734732046723366,
            "adv_col": 1.25,
            "Collision Metric": 0.0,
            "Time of Termination": -1.0,
            "Cumulative OOB": 0.0,
            "Time spent OOB": 0.0,
            "adv_collision": false,
            "iteration": 10
        },
        "11": {
            "Loss": 17.5919189453125,
            "ego_col": 21.252609252929688,
            "adv_rd": 0.004465473350137472,
            "adv_col": 1.25,
            "Collision Metric": 0.0,
            "Time of Termination": -1.0,
            "Cumulative OOB": 0.0,
            "Time spent OOB": 0.0,
            "adv_collision": false,
            "iteration": 11
        },
        "12": {
            "Loss": 16.71508026123047,
            "ego_col": 20.407032012939453,
            "adv_rd": 0.0029023822862654924,
            "adv_col": 1.25,
            "Collision Metric": 0.0,
            "Time of Termination": -1.0,
            "Cumulative OOB": 0.0,
            "Time spent OOB": 0.0,
            "adv_collision": false,
            "iteration": 12
        },
        "13": {
            "Loss": -2.223243236541748,
            "ego_col": 1.5267013311386108,
            "adv_rd": 2.769111006273306e-06,
            "adv_col": 1.25,
            "Collision Metric": 1.0,
            "Time of Termination": 11.0,
            "Cumulative OOB": 0.0,
            "Time spent OOB": 0.0,
            "adv_collision": false,
            "iteration": 13
        },
        "14": {
            "Loss": -2.223243236541748,
            "ego_col": 1.5267013311386108,
            "adv_rd": 2.769111006273306e-06,
            "adv_col": 1.25,
            "Collision Metric": 1.0,
            "Time of Termination": 11.0,
            "Cumulative OOB": 0.0,
            "Time spent OOB": 0.0,
            "adv_collision": false,
            "iteration": 14
        }
    }
}