{
    "meta_data": {
        "name": "RouteScenario_473",
        "index": 1,
        "town": "Town05",
        "Num_agents": 4
    },
    "is_terminated": true,
    "tot": 45,
    "adv_collision": false,
    "adv_rel_pos_at_collision": [
        0.9920749068260193,
        0.12564806640148163
    ],
    "adv_rel_yaw_at_collision": 4.039595603942871,
    "Loss": 14.599987030029297,
    "ego_col": 15.653515815734863,
    "adv_rd": 0.13482359051704407,
    "adv_col": 1.25,
    "Collision Metric": 1.0,
    "Time of Termination": 45.0,
    "Cumulative OOB": 0.0,
    "Time spent OOB": 0.0,
    "iteration": 23,
    "first_metrics": {
        "Loss": 14.599987030029297,
        "ego_col": 15.653515815734863,
        "adv_rd": 0.13482359051704407,
        "adv_col": 1.25,
        "Collision Metric": 1.0,
        "Collision Metric_scaled": 0.2805628776550293,
        "Collision Metric_thresholded": 0.0,
        "Time of Termination": 45.0,
        "Cumulative OOB": 0.0,
        "Time spent OOB": 0.0,
        "adv_collision": false,
        "iteration": 23
    },
    "all_iterations": {
        "0": {
            "Loss": 19.202890396118164,
            "ego_col": 22.39006996154785,
            "adv_rd": 0.028141042217612267,
            "adv_col": 1.25,
            "Collision Metric": 0.0,
            "Time of Termination": -1.0,
            "Cumulative OOB": 0.0,
            "Time spent OOB": 0.0,
            "adv_collision": false,
            "iteration": 0
        },
        "1": {
            "Loss": 26.635971069335938,
            "ego_col": 26.413599014282227,
            "adv_rd": 0.011301857419312,
            "adv_col": 0.0012218707706779242,
            "Collision Metric": 0.0,
            "Time of Termination": -1.0,
            "Cumulative OOB": 0.0,
            "Time spent OOB": 0.0,
            "adv_collision": true,
            "iteration": 1
        },
        "2": {
            "Loss": 29.91889762878418,
            "ego_col": 29.80329704284668,
            "adv_rd": 0.011395159177482128,
            "adv_col": 0.03743422403931618,
            "Collision Metric": 0.0,
            "Time of Termination": -1.0,
            "Cumulative OOB": 0.0,
            "Time spent OOB": 0.0,
            "adv_collision": true,
            "iteration": 2
        },
        "3": {
            "Loss": 26.273067474365234,
            "ego_col": 26.15265464782715,
            "adv_rd": 0.009453964419662952,
            "adv_col": 0.022888826206326485,
            "Collision Metric": 0.0,
            "Time of Termination": -1.0,
            "Cumulative OOB": 0.0,
            "Time spent OOB": 0.0,
            "adv_collision": true,
            "iteration": 3
        },
        "4": {
            "Loss": 27.241924285888672,
            "ego_col": 27.229633331298828,
            "adv_rd": 0.009550356306135654,
            "adv_col": 0.059572238475084305,
            "Collision Metric": 0.0,
            "Time of Termination": -1.0,
            "Cumulative OOB": 0.0,
            "Time spent OOB": 0.0,
            "adv_collision": true,
            "iteration": 4
        },
        "5": {
            "Loss": 25.796789169311523,
            "ego_col": 25.688587188720703,
            "adv_rd": 0.008963215164840221,
            "adv_col": 0.02368750050663948,
            "Collision Metric": 0.0,
            "Time of Termination": -1.0,
            "Cumulative OOB": 0.0,
            "Time spent OOB": 0.0,
            "adv_collision": true,
            "iteration": 5
        },
        "6": {
            "Loss": 22.580793380737305,
            "ego_col": 22.535505294799805,
            "adv_rd": 0.008801787160336971,
            "adv_col": 0.04358233883976936,
            "Collision Metric": 0.0,
            "Time of Termination": -1.0,
            "Cumulative OOB": 0.0,
            "Time spent OOB": 0.0,
            "adv_collision": true,
            "iteration": 6
        },
        "7": {
            "Loss": 18.2061767578125,
            "ego_col": 18.227615356445312,
            "adv_rd": 0.009749087505042553,
            "adv_col": 0.07214022427797318,
            "Collision Metric": 0.0,
            "Time of Termination": -1.0,
            "Cumulative OOB": 0.0,
            "Time spent OOB": 0.0,
            "adv_collision": true,
            "iteration": 7
        },
        "8": {
            "Loss": 17.227083206176758,
            "ego_col": 17.508071899414062,
            "adv_rd": 0.01475835032761097,
            "adv_col": 0.1920522004365921,
            "Collision Metric": 0.0,
            "Time of Termination": -1.0,
            "Cumulative OOB": 0.0,
            "Time spent OOB": 0.0,
            "adv_collision": true,
            "iteration": 8
        },
        "9": {
            "Loss": 18.88788604736328,
            "ego_col": 17.71199607849121,
            "adv_rd": 0.11973077058792114,
            "adv_col": 0.4062419831752777,
            "Collision Metric": 0.0,
            "Time of Termination": -1.0,
            "Cumulative OOB": 0.3375000059604645,
            "Time spent OOB": 0.3375000059604645,
            "adv_collision": false,
            "iteration": 9
        },
        "10": {
            "Loss": 17.797822952270508,
            "ego_col": 17.236120223999023,
            "adv_rd": 0.18464069068431854,
            "adv_col": 1.0437037944793701,
            "Collision Metric": 0.0,
            "Time of Termination": -1.0,
            "Cumulative OOB": 0.3125,
            "Time spent OOB": 0.3125,
            "adv_collision": false,
            "iteration": 10
        },
        "11": {
            "Loss": 23.00944709777832,
            "ego_col": 21.589216232299805,
            "adv_rd": 0.2585115134716034,
            "adv_col": 1.25,
            "Collision Metric": 0.0,
            "Time of Termination": -1.0,
            "Cumulative OOB": 0.6000000238418579,
            "Time spent OOB": 0.6000000238418579,
            "adv_collision": false,
            "iteration": 11
        },
        "12": {
            "Loss": 24.707244873046875,
            "ego_col": 22.96626091003418,
            "adv_rd": 0.2745491564273834,
            "adv_col": 1.25,
            "Collision Metric": 0.0,
            "Time of Termination": -1.0,
            "Cumulative OOB": 0.625,
            "Time spent OOB": 0.625,
            "adv_collision": false,
            "iteration": 12
        },
        "13": {
            "Loss": 24.703140258789062,
            "ego_col": 23.72890281677246,
            "adv_rd": 0.23621192574501038,
            "adv_col": 1.25,
            "Collision Metric": 0.0,
            "Time of Termination": -1.0,
            "Cumulative OOB": 0.637499988079071,
            "Time spent OOB": 0.637499988079071,
            "adv_collision": false,
            "iteration": 13
        },
        "14": {
            "Loss": 24.537315368652344,
            "ego_col": 23.02541160583496,
            "adv_rd": 0.2630952298641205,
            "adv_col": 1.25,
            "Collision Metric": 0.0,
            "Time of Termination": -1.0,
            "Cumulative OOB": 0.625,
            "Time spent OOB": 0.625,
            "adv_collision": false,
            "iteration": 14
        },
        "15": {
            "Loss": 23.784055709838867,
            "ego_col": 21.672361373901367,
            "adv_rd": 0.2930847108364105,
            "adv_col": 1.25,
            "Collision Metric": 0.0,
            "Time of Termination": -1.0,
            "Cumulative OOB": 0.6000000238418579,
            "Time spent OOB": 0.6000000238418579,
            "adv_collision": false,
            "iteration": 15
        },
        "16": {
            "Loss": 22.204570770263672,
            "ego_col": 21.230627059936523,
            "adv_rd": 0.23619715869426727,
            "adv_col": 1.25,
            "Collision Metric": 0.0,
            "Time of Termination": -1.0,
            "Cumulative OOB": 0.5875000357627869,
            "Time spent OOB": 0.5875000357627869,