{
    "meta_data": {
        "name": "RouteScenario_482",
        "index": 0,
        "town": "Town05",
        "Num_agents": 4
    },
    "is_terminated": true,
    "tot": 79,
    "adv_collision": false,
    "adv_rel_pos_at_collision": [
        -0.779498279094696,
        -0.626404345035553
    ],
    "adv_rel_yaw_at_collision": 0.2877511978149414,
    "Loss": 16.6832332611084,
    "ego_col": 19.6972599029541,
    "adv_rd": 0.03679864853620529,
    "adv_col": 1.25,
    "Collision Metric": 1.0,
    "Time of Termination": 79.0,
    "Cumulative OOB": 0.0,
    "Time spent OOB": 0.0,
    "iteration": 10,
    "first_metrics": {
        "Loss": 16.6832332611084,
        "ego_col": 19.6972599029541,
        "adv_rd": 0.03679864853620529,
        "adv_col": 1.25,
        "Collision Metric": 1.0,
        "Collision Metric_scaled": 2.398456335067749,
        "Collision Metric_thresholded": 1.0,
        "Time of Termination": 79.0,
        "Cumulative OOB": 0.0,
        "Time spent OOB": 0.0,
        "adv_collision": false,
        "iteration": 10
    },
    "all_iterations": {
        "0": {
            "Loss": 18.1299991607666,
            "ego_col": 21.55557632446289,
            "adv_rd": 0.016221120953559875,
            "adv_col": 1.25,
            "Collision Metric": 0.0,
            "Time of Termination": -1.0,
            "Cumulative OOB": 0.0,
            "Time spent OOB": 0.0,
            "adv_collision": false,
            "iteration": 0
        },
        "1": {
            "Loss": 21.322437286376953,
            "ego_col": 21.85179901123047,
            "adv_rd": 0.005601905286312103,
            "adv_col": 0.21379993855953217,
            "Collision Metric": 0.0,
            "Time of Termination": -1.0,
            "Cumulative OOB": 0.0,
            "Time spent OOB": 0.0,
            "adv_collision": false,
            "iteration": 1
        },
        "2": {
            "Loss": 17.654050827026367,
            "ego_col": 20.88831901550293,
            "adv_rd": 0.0077015855349600315,
            "adv_col": 1.129433274269104,
            "Collision Metric": 0.0,
            "Time of Termination": -1.0,
            "Cumulative OOB": 0.0,
            "Time spent OOB": 0.0,
            "adv_collision": false,
            "iteration": 2
        },
        "3": {
            "Loss": 17.391305923461914,
            "ego_col": 20.916610717773438,
            "adv_rd": 0.01123471837490797,
            "adv_col": 1.25,
            "Collision Metric": 0.0,
            "Time of Termination": -1.0,
            "Cumulative OOB": 0.0,
            "Time spent OOB": 0.0,
            "adv_collision": false,
            "iteration": 3
        },
        "4": {
            "Loss": 17.5705509185791,
            "ego_col": 20.794599533081055,
            "adv_rd": 0.026297573000192642,
            "adv_col": 1.25,
            "Collision Metric": 0.0,
            "Time of Termination": -1.0,
            "Cumulative OOB": 0.0,
            "Time spent OOB": 0.0,
            "adv_collision": false,
            "iteration": 4
        },
        "5": {
            "Loss": 17.48244285583496,
            "ego_col": 20.566701889038086,
            "adv_rd": 0.03328706696629524,
            "adv_col": 1.25,
            "Collision Metric": 0.0,
            "Time of Termination": -1.0,
            "Cumulative OOB": 0.0,
            "Time spent OOB": 0.0,
            "adv_collision": false,
            "iteration": 5
        },
        "6": {
            "Loss": 16.996129989624023,
            "ego_col": 20.240049362182617,
            "adv_rd": 0.025304004549980164,
            "adv_col": 1.25,
            "Collision Metric": 0.0,
            "Time of Termination": -1.0,
            "Cumulative OOB": 0.0,
            "Time spent OOB": 0.0,
            "adv_collision": false,
            "iteration": 6
        },
        "7": {
            "Loss": 16.852157592773438,
            "ego_col": 20.196882247924805,
            "adv_rd": 0.020263804122805595,
            "adv_col": 1.25,
            "Collision Metric": 0.0,
            "Time of Termination": -1.0,
            "Cumulative OOB": 0.0,
            "Time spent OOB": 0.0,
            "adv_collision": false,
            "iteration": 7
        },
        "8": {
            "Loss": 16.587560653686523,
            "ego_col": 19.972143173217773,
            "adv_rd": 0.018270893022418022,
            "adv_col": 1.25,
            "Collision Metric": 0.0,
            "Time of Termination": -1.0,
            "Cumulative OOB": 0.0,
            "Time spent OOB": 0.0,
            "adv_collision": false,
            "iteration": 8
        },
        "9": {
            "Loss": 16.798891067504883,
            "ego_col": 19.926300048828125,
            "adv_rd": 0.018011445179581642,
            "adv_col": 1.162546157836914,
            "Collision Metric": 0.0,
            "Time of Termination": -1.0,
            "Cumulative OOB": 0.0,
            "Time spent OOB": 0.0,
            "adv_collision": false,
            "iteration": 9
        },
        "10": {
            "Loss": 16.6832332611084,
            "ego_col": 19.6972599029541,
            "adv_rd": 0.03679864853620529,
            "adv_col": 1.25,
            "Collision Metric": 1.0,
            "Time of Termination": 79.0,
            "Cumulative OOB": 0.0,
            "Time spent OOB": 0.0,
            "adv_collision": false,
            "iteration": 10
        },
        "11": {
            "Loss": 16.6832332611084,
            "ego_col": 19.6972599029541,
            "adv_rd": 0.03679864853620529,
            "adv_col": 1.25,
            "Collision Metric": 1.0,
            "Time of Termination": 79.0,
            "Cumulative OOB": 0.0,
            "Time spent OOB": 0.0,
            "adv_collision": false,
            "iteration": 11
        }
    }
}