{
    "meta_data": {
        "name": "RouteScenario_618",
        "index": 6,
        "town": "Town05",
        "Num_agents": 4
    },
    "is_terminated": true,
    "tot": 79,
    "adv_collision": false,
    "adv_rel_pos_at_collision": [
        0.33739230036735535,
        -0.9413641691207886
    ],
    "adv_rel_yaw_at_collision": 0.9159384965896606,
    "Loss": 17.144020080566406,
    "ego_col": 18.301599502563477,
    "adv_rd": 0.031755950301885605,
    "adv_col": 0.5975660681724548,
    "Collision Metric": 1.0,
    "Time of Termination": 79.0,
    "Cumulative OOB": 0.0,
    "Time spent OOB": 0.0,
    "iteration": 2,
    "first_metrics": {
        "Loss": 17.144020080566406,
        "ego_col": 18.301599502563477,
        "adv_rd": 0.031755950301885605,
        "adv_col": 0.5975660681724548,
        "Collision Metric": 1.0,
        "Collision Metric_scaled": 1.512863278388977,
        "Collision Metric_thresholded": 1.0,
        "Time of Termination": 79.0,
        "Cumulative OOB": 0.0,
        "Time spent OOB": 0.0,
        "adv_collision": false,
        "iteration": 2
    },
    "all_iterations": {
        "0": {
            "Loss": 15.17715835571289,
            "ego_col": 18.757984161376953,
            "adv_rd": 0.008458733558654785,
            "adv_col": 1.25,
            "Collision Metric": 0.0,
            "Time of Termination": -1.0,
            "Cumulative OOB": 0.0,
            "Time spent OOB": 0.0,
            "adv_collision": false,
            "iteration": 0
        },
        "1": {
            "Loss": 15.100505828857422,
            "ego_col": 18.7144832611084,
            "adv_rd": 0.006801168899983168,
            "adv_col": 1.25,
            "Collision Metric": 0.0,
            "Time of Termination": -1.0,
            "Cumulative OOB": 0.0,
            "Time spent OOB": 0.0,
            "adv_collision": false,
            "iteration": 1
        },
        "2": {
            "Loss": 17.144020080566406,
            "ego_col": 18.301599502563477,
            "adv_rd": 0.031755950301885605,
            "adv_col": 0.5975660681724548,
            "Collision Metric": 1.0,
            "Time of Termination": 79.0,
            "Cumulative OOB": 0.0,
            "Time spent OOB": 0.0,
            "adv_collision": false,
            "iteration": 2
        },
        "3": {
            "Loss": 17.144020080566406,
            "ego_col": 18.301599502563477,
            "adv_rd": 0.031755950301885605,
            "adv_col": 0.5975660681724548,
            "Collision Metric": 1.0,
            "Time of Termination": 79.0,
            "Cumulative OOB": 0.0,
            "Time spent OOB": 0.0,
            "adv_collision": false,
            "iteration": 3
        },
        "4": {
            "Loss": 16.101877212524414,
            "ego_col": 19.113813400268555,
            "adv_rd": 0.036903202533721924,
            "adv_col": 1.25,
            "Collision Metric": 0.0,
            "Time of Termination": -1.0,
            "Cumulative OOB": 0.012500000186264515,
            "Time spent OOB": 0.012500000186264515,
            "adv_collision": false,
            "iteration": 4
        },
        "5": {
            "Loss": 14.76521110534668,
            "ego_col": 18.1829776763916,
            "adv_rd": 0.016611699014902115,
            "adv_col": 1.25,
            "Collision Metric": 1.0,
            "Time of Termination": 54.0,
            "Cumulative OOB": 0.0,
            "Time spent OOB": 0.0,
            "adv_collision": false,
            "iteration": 5
        },
        "6": {
            "Loss": 14.76521110534668,
            "ego_col": 18.1829776763916,
            "adv_rd": 0.016611699014902115,
            "adv_col": 1.25,
            "Collision Metric": 1.0,
            "Time of Termination": 54.0,
            "Cumulative OOB": 0.0,
            "Time spent OOB": 0.0,
            "adv_collision": false,
            "iteration": 6
        },
        "7": {
            "Loss": 1.6867942810058594,
            "ego_col": 5.281571388244629,
            "adv_rd": 0.007761132903397083,
            "adv_col": 1.25,
            "Collision Metric": 1.0,
            "Time of Termination": 69.0,
            "Cumulative OOB": 0.0,
            "Time spent OOB": 0.0,
            "adv_collision": false,
            "iteration": 7
        },
        "8": {
            "Loss": 1.6867942810058594,
            "ego_col": 5.281571388244629,
            "adv_rd": 0.007761132903397083,
            "adv_col": 1.25,
            "Collision Metric": 1.0,
            "Time of Termination": 69.0,
            "Cumulative OOB": 0.0,
            "Time spent OOB": 0.0,
            "adv_collision": false,
            "iteration": 8
        },
        "9": {
            "Loss": 14.528593063354492,
            "ego_col": 17.995765686035156,
            "adv_rd": 0.014141361229121685,
            "adv_col": 1.25,
            "Collision Metric": 1.0,
            "Time of Termination": 55.0,
            "Cumulative OOB": 0.0,
            "Time spent OOB": 0.0,
            "adv_collision": false,
            "iteration": 9
        },
        "10": {
            "Loss": 14.528593063354492,
            "ego_col": 17.995765686035156,
            "adv_rd": 0.014141361229121685,
            "adv_col": 1.25,
            "Collision Metric": 1.0,
            "Time of Termination": 55.0,
            "Cumulative OOB": 0.0,
            "Time spent OOB": 0.0,
            "adv_collision": false,
            "iteration": 10
        },
        "11": {
            "Loss": -1.1074645519256592,
            "ego_col": 2.421398639678955,
            "adv_rd": 0.011056839488446712,
            "adv_col": 1.25,
            "Collision Metric": 0.0,
            "Time of Termination": -1.0,
            "Cumulative OOB": 0.0,
            "Time spent OOB": 0.0,
            "adv_collision": false,
            "iteration": 11
        },
        "12": {
            "Loss": -1.192037582397461,
            "ego_col": 2.352529764175415,
            "adv_rd": 0.010271638631820679,
            "adv_col": 1.25,
            "Collision Metric": 0.0,
            "Time of Termination": -1.0,
            "Cumulative OOB": 0.0,
            "Time spent OOB": 0.0,
            "adv_collision": false,
            "iteration": 12
        },
        "13": {
            "Loss": -1.388885498046875,
            "ego_col": 2.172450065612793,
            "adv_rd": 0.009433216415345669,
            "adv_col": 1.25,
            "Collision Metric": 0.0,
            "Time of Termination": -1.0,
            "Cumulative OOB": 0.0,
            "Time spent OOB": 0.0,
            "adv_collision": false,
            "iteration": 13
        },
        "14": {
            "Loss": -1.9750792980194092,
            "ego_col": 1.6012613773345947,
            "adv_rd": 0.008682966232299805,
            "adv_col": 1.25,
            "Collision Metric": 0.0,
            "Time of Termination": -1.0,
            "Cumulative OOB": 0.0,
            "Time spent OOB": 0.0,
            "adv_collision": false,
            "iteration": 14
        },
        "15": {
            "Loss": -2.922024726867676,
            "ego_col": 0.6615628600120544,
            "adv_rd": 0.00832061655819416,
            "adv_col": 1.25,
            "Collision Metric": 1.0,
            "Time of Termination": 52.0,
            "Cumulative OOB": 0.0,
            "Time spent OOB": 0.0,
            "adv_collision": false,
            "iteration": 15
        },
        "16": {
            "Loss": -2.922024726867676,
            "ego_col": 0.6615628600120544,
            "adv_rd": 0.00832061655819416,
            "adv_col": 1.25,
            "Collision Metric": 1.0,
            "Time of Termination": 52.0,
            "Cumulative OOB": 0.0,
            "Time spent OOB": 0.0,
            "adv_collision": false,
            "iteration": 16
        }
    }
}