{
    "meta_data": {
        "name": "RouteScenario_792",
        "index": 0,
        "town": "Town06",
        "Num_agents": 4
    },
    "is_terminated": true,
    "tot": 49,
    "adv_collision": false,
    "adv_rel_pos_at_collision": [
        -0.8579638600349426,
        -0.5137100219726562
    ],
    "adv_rel_yaw_at_collision": 0.06697514653205872,
    "Loss": -2.9902350902557373,
    "ego_col": 0.7585639953613281,
    "adv_rd": 6.00497551204171e-05,
    "adv_col": 1.25,
    "Collision Metric": 1.0,
    "Time of Termination": 49.0,
    "Cumulative OOB": 0.0,
    "Time spent OOB": 0.0,
    "iteration": 1,
    "first_metrics": {
        "Loss": -2.9902350902557373,
        "ego_col": 0.7585639953613281,
        "adv_rd": 6.00497551204171e-05,
        "adv_col": 1.25,
        "Collision Metric": 1.0,
        "Collision Metric_scaled": 3.86029314994812,
        "Collision Metric_thresholded": 1.0,
        "Time of Termination": 49.0,
        "Cumulative OOB": 0.0,
        "Time spent OOB": 0.0,
        "adv_collision": false,
        "iteration": 1
    },
    "all_iterations": {
        "0": {
            "Loss": -1.296734094619751,
            "ego_col": 2.453263998031616,
            "adv_rd": 9.832173475388117e-08,
            "adv_col": 1.25,
            "Collision Metric": 0.0,
            "Time of Termination": 75.0,
            "Cumulative OOB": 0.0,
            "Time spent OOB": 0.0,
            "adv_collision": false,
            "iteration": 0
        },
        "1": {
            "Loss": -2.9902350902557373,
            "ego_col": 0.7585639953613281,
            "adv_rd": 6.00497551204171e-05,
            "adv_col": 1.25,
            "Collision Metric": 1.0,
            "Time of Termination": 49.0,
            "Cumulative OOB": 0.0,
            "Time spent OOB": 0.0,
            "adv_collision": false,
            "iteration": 1
        },
        "2": {
            "Loss": -2.9902350902557373,
            "ego_col": 0.7585639953613281,
            "adv_rd": 6.00497551204171e-05,
            "adv_col": 1.25,
            "Collision Metric": 1.0,
            "Time of Termination": 49.0,
            "Cumulative OOB": 0.0,
            "Time spent OOB": 0.0,
            "adv_collision": false,
            "iteration": 2
        }
    }
}