{
    "meta_data": {
        "name": "RouteScenario_445",
        "index": 3,
        "town": "Town04",
        "Num_agents": 4
    },
    "is_terminated": true,
    "tot": 48,
    "adv_collision": false,
    "adv_rel_pos_at_collision": [
        0.9032265543937683,
        -0.4291641116142273
    ],
    "adv_rel_yaw_at_collision": 3.0737290382385254,
    "Loss": 17.280309677124023,
    "ego_col": 18.74736213684082,
    "adv_rd": 0.0598774217069149,
    "adv_col": 0.8881998658180237,
    "Collision Metric": 1.0,
    "Time of Termination": 48.0,
    "Cumulative OOB": 0.0,
    "Time spent OOB": 0.0,
    "iteration": 1,
    "first_metrics": {
        "Loss": 17.280309677124023,
        "ego_col": 18.74736213684082,
        "adv_rd": 0.0598774217069149,
        "adv_col": 0.8881998658180237,
        "Collision Metric": 1.0,
        "Collision Metric_scaled": 1.5258722305297852,
        "Collision Metric_thresholded": 1.0,
        "Time of Termination": 48.0,
        "Cumulative OOB": 0.0,
        "Time spent OOB": 0.0,
        "adv_collision": false,
        "iteration": 1
    },
    "all_iterations": {
        "0": {
            "Loss": 21.246028900146484,
            "ego_col": 20.676401138305664,
            "adv_rd": 0.16171137988567352,
            "adv_col": 0.8881998658180237,
            "Collision Metric": 0.0,
            "Time of Termination": -1.0,
            "Cumulative OOB": 0.0,
            "Time spent OOB": 0.0,
            "adv_collision": false,
            "iteration": 0
        },
        "1": {
            "Loss": 17.280309677124023,
            "ego_col": 18.74736213684082,
            "adv_rd": 0.0598774217069149,
            "adv_col": 0.8881998658180237,
            "Collision Metric": 1.0,
            "Time of Termination": 48.0,
            "Cumulative OOB": 0.0,
            "Time spent OOB": 0.0,
            "adv_collision": false,
            "iteration": 1
        },
        "2": {
            "Loss": 17.280309677124023,
            "ego_col": 18.74736213684082,
            "adv_rd": 0.0598774217069149,
            "adv_col": 0.8881998658180237,
            "Collision Metric": 1.0,
            "Time of Termination": 48.0,
            "Cumulative OOB": 0.0,
            "Time spent OOB": 0.0,
            "adv_collision": false,
            "iteration": 2
        },
        "3": {
            "Loss": 11.88329029083252,
            "ego_col": 11.981027603149414,
            "adv_rd": 0.18261314928531647,
            "adv_col": 1.25,
            "Collision Metric": 0.0,
            "Time of Termination": -1.0,
            "Cumulative OOB": 0.5250000357627869,
            "Time spent OOB": 0.5250000357627869,
            "adv_collision": false,
            "iteration": 3
        },
        "4": {
            "Loss": 10.554311752319336,
            "ego_col": 11.657071113586426,
            "adv_rd": 0.1323620080947876,
            "adv_col": 1.25,
            "Collision Metric": 0.0,
            "Time of Termination": -1.0,
            "Cumulative OOB": 0.512499988079071,
            "Time spent OOB": 0.512499988079071,
            "adv_collision": false,
            "iteration": 4
        },
        "5": {
            "Loss": 9.461788177490234,
            "ego_col": 11.49594783782959,
            "adv_rd": 0.08579199761152267,
            "adv_col": 1.25,
            "Collision Metric": 0.0,
            "Time of Termination": -1.0,
            "Cumulative OOB": 0.5,
            "Time spent OOB": 0.5,
            "adv_collision": false,
            "iteration": 5
        },
        "6": {
            "Loss": 9.28587532043457,
            "ego_col": 11.923330307006836,
            "adv_rd": 0.0556272529065609,
            "adv_col": 1.25,
            "Collision Metric": 0.0,
            "Time of Termination": -1.0,
            "Cumulative OOB": 0.512499988079071,
            "Time spent OOB": 0.512499988079071,
            "adv_collision": false,
            "iteration": 6
        },
        "7": {
            "Loss": 8.871533393859863,
            "ego_col": 11.867769241333008,
            "adv_rd": 0.037688229233026505,
            "adv_col": 1.25,
            "Collision Metric": 0.0,
            "Time of Termination": -1.0,
            "Cumulative OOB": 0.5,
            "Time spent OOB": 0.5,
            "adv_collision": false,
            "iteration": 7
        },
        "8": {
            "Loss": 8.693215370178223,
            "ego_col": 11.773597717285156,
            "adv_rd": 0.033480867743492126,
            "adv_col": 1.25,
            "Collision Metric": 0.0,
            "Time of Termination": -1.0,
            "Cumulative OOB": 0.48750001192092896,
            "Time spent OOB": 0.48750001192092896,
            "adv_collision": false,
            "iteration": 8
        },
        "9": {
            "Loss": 8.49830436706543,
            "ego_col": 11.588236808776855,
            "adv_rd": 0.033003367483615875,
            "adv_col": 1.25,
            "Collision Metric": 0.0,
            "Time of Termination": -1.0,
            "Cumulative OOB": 0.4749999940395355,
            "Time spent OOB": 0.4749999940395355,
            "adv_collision": false,
            "iteration": 9
        },
        "10": {
            "Loss": 8.38331413269043,
            "ego_col": 11.371634483337402,
            "adv_rd": 0.0380840077996254,
            "adv_col": 1.25,
            "Collision Metric": 0.0,
            "Time of Termination": -1.0,
            "Cumulative OOB": 0.4625000059604645,
            "Time spent OOB": 0.4625000059604645,
            "adv_collision": false,
            "iteration": 10
        },
        "11": {
            "Loss": 8.112078666687012,
            "ego_col": 11.229320526123047,
            "adv_rd": 0.03163790702819824,
            "adv_col": 1.25,
            "Collision Metric": 0.0,
            "Time of Termination": -1.0,
            "Cumulative OOB": 0.4625000059604645,
            "Time spent OOB": 0.4625000059604645,
            "adv_collision": false,
            "iteration": 11
        },
        "12": {
            "Loss": 7.689838409423828,
            "ego_col": 10.858088493347168,
            "adv_rd": 0.029087482020258904,
            "adv_col": 1.25,
            "Collision Metric": 0.0,
            "Time of Termination": -1.0,
            "Cumulative OOB": 0.45000001788139343,
            "Time spent OOB": 0.45000001788139343,
            "adv_collision": false,
            "iteration": 12
        },
        "13": {
            "Loss": 7.229640007019043,
            "ego_col": 10.369608879089355,
            "adv_rd": 0.03050154261291027,
            "adv_col": 1.25,
            "Collision Metric": 0.0,
            "Time of Termination": -1.0,
            "Cumulative OOB": 0.4375,
            "Time spent OOB": 0.4375,
            "adv_collision": false,
            "iteration": 13
        },
        "14": {
            "Loss": 6.666608810424805,
            "ego_col": 9.752409934997559,
            "adv_rd": 0.033209968358278275,
            "adv_col": 1.25,
            "Collision Metric": 0.0,
            "Time of Termination": -1.0,
            "Cumulative OOB": 0.42500001192092896,
            "Time spent OOB": 0.42500001192092896,
            "adv_collision": false,
            "iteration": 14
        },
        "15": {
            "Loss": 6.400861740112305,
            "ego_col": 9.190702438354492,
            "adv_rd": 0.04800796136260033,
            "adv_col": 1.25,
            "Collision Metric": 0.0,
            "Time of Termination": -1.0,
            "Cumulative OOB": 0.4124999940395355,
            "Time spent OOB": 0.4124999940395355,
            "adv_collision": false,
            "iteration": 15
        },
        "16": {
            "Loss": 6.377642631530762,
            "ego_col": 8.704071044921875,
            "adv_rd": 0.07117857784032822,
            "adv_col": 1.25,
            "Collision Metric": 0.0,
            "Time of Termination": -1.0,