{
    "meta_data": {
        "name": "RouteScenario_615",
        "index": 3,
        "town": "Town05",
        "Num_agents": 4
    },
    "is_terminated": true,
    "tot": 69,
    "adv_collision": false,
    "adv_rel_pos_at_collision": [
        0.6028664112091064,
        0.7978421449661255
    ],
    "adv_rel_yaw_at_collision": -4.403111457824707,
    "Loss": 1.6867942810058594,
    "ego_col": 5.281571388244629,
    "adv_rd": 0.007761132903397083,
    "adv_col": 1.25,
    "Collision Metric": 1.0,
    "Time of Termination": 69.0,
    "Cumulative OOB": 0.0,
    "Time spent OOB": 0.0,
    "iteration": 7,
    "first_metrics": {
        "Loss": 1.6867942810058594,
        "ego_col": 5.281571388244629,
        "adv_rd": 0.007761132903397083,
        "adv_col": 1.25,
        "Collision Metric": 1.0,
        "Collision Metric_scaled": 0.6357666254043579,
        "Collision Metric_thresholded": 1.0,
        "Time of Termination": 69.0,
        "Cumulative OOB": 0.0,
        "Time spent OOB": 0.0,
        "adv_collision": false,
        "iteration": 7
    },
    "all_iterations": {
        "0": {
            "Loss": 9.080950736999512,
            "ego_col": 12.507746696472168,
            "adv_rd": 0.016160186380147934,
            "adv_col": 1.25,
            "Collision Metric": 0.0,
            "Time of Termination": -1.0,
            "Cumulative OOB": 0.0,
            "Time spent OOB": 0.0,
            "adv_collision": false,
            "iteration": 0
        },
        "1": {
            "Loss": 7.351157188415527,
            "ego_col": 10.901984214782715,
            "adv_rd": 0.009958638809621334,
            "adv_col": 1.25,
            "Collision Metric": 0.0,
            "Time of Termination": -1.0,
            "Cumulative OOB": 0.0,
            "Time spent OOB": 0.0,
            "adv_collision": false,
            "iteration": 1
        },
        "2": {
            "Loss": 9.015564918518066,
            "ego_col": 9.93261432647705,
            "adv_rd": 0.008588239550590515,
            "adv_col": 0.3629380464553833,
            "Collision Metric": 0.0,
            "Time of Termination": -1.0,
            "Cumulative OOB": 0.0,
            "Time spent OOB": 0.0,
            "adv_collision": false,
            "iteration": 2
        },
        "3": {
            "Loss": 6.738924980163574,
            "ego_col": 6.717507362365723,
            "adv_rd": 0.003634935710579157,
            "adv_col": 0.01709369197487831,
            "Collision Metric": 0.0,
            "Time of Termination": -1.0,
            "Cumulative OOB": 0.0,
            "Time spent OOB": 0.0,
            "adv_collision": true,
            "iteration": 3
        },
        "4": {
            "Loss": 4.726881980895996,
            "ego_col": 7.617373943328857,
            "adv_rd": 0.04297541826963425,
            "adv_col": 1.25,
            "Collision Metric": 0.0,
            "Time of Termination": -1.0,
            "Cumulative OOB": 0.10000000149011612,
            "Time spent OOB": 0.10000000149011612,
            "adv_collision": false,
            "iteration": 4
        },
        "5": {
            "Loss": 3.8482437133789062,
            "ego_col": 6.974041938781738,
            "adv_rd": 0.031210094690322876,
            "adv_col": 1.25,
            "Collision Metric": 0.0,
            "Time of Termination": -1.0,
            "Cumulative OOB": 0.05000000074505806,
            "Time spent OOB": 0.05000000074505806,
            "adv_collision": false,
            "iteration": 5
        },
        "6": {
            "Loss": 2.558286190032959,
            "ego_col": 6.0803728103637695,
            "adv_rd": 0.011395671404898167,
            "adv_col": 1.25,
            "Collision Metric": 0.0,
            "Time of Termination": -1.0,
            "Cumulative OOB": 0.0,
            "Time spent OOB": 0.0,
            "adv_collision": false,
            "iteration": 6
        },
        "7": {
            "Loss": 1.6867942810058594,
            "ego_col": 5.281571388244629,
            "adv_rd": 0.007761132903397083,
            "adv_col": 1.25,
            "Collision Metric": 1.0,
            "Time of Termination": 69.0,
            "Cumulative OOB": 0.0,
            "Time spent OOB": 0.0,
            "adv_collision": false,
            "iteration": 7
        },
        "8": {
            "Loss": 1.6867942810058594,
            "ego_col": 5.281571388244629,
            "adv_rd": 0.007761132903397083,
            "adv_col": 1.25,
            "Collision Metric": 1.0,
            "Time of Termination": 69.0,
            "Cumulative OOB": 0.0,
            "Time spent OOB": 0.0,
            "adv_collision": false,
            "iteration": 8
        },
        "9": {
            "Loss": 14.528593063354492,
            "ego_col": 17.995765686035156,
            "adv_rd": 0.014141361229121685,
            "adv_col": 1.25,
            "Collision Metric": 1.0,
            "Time of Termination": 55.0,
            "Cumulative OOB": 0.0,
            "Time spent OOB": 0.0,
            "adv_collision": false,
            "iteration": 9
        },
        "10": {
            "Loss": 14.528593063354492,
            "ego_col": 17.995765686035156,
            "adv_rd": 0.014141361229121685,
            "adv_col": 1.25,
            "Collision Metric": 1.0,
            "Time of Termination": 55.0,
            "Cumulative OOB": 0.0,
            "Time spent OOB": 0.0,
            "adv_collision": false,
            "iteration": 10
        },
        "11": {
            "Loss": -1.1074645519256592,
            "ego_col": 2.421398639678955,
            "adv_rd": 0.011056839488446712,
            "adv_col": 1.25,
            "Collision Metric": 0.0,
            "Time of Termination": -1.0,
            "Cumulative OOB": 0.0,
            "Time spent OOB": 0.0,
            "adv_collision": false,
            "iteration": 11
        },
        "12": {
            "Loss": -1.192037582397461,
            "ego_col": 2.352529764175415,
            "adv_rd": 0.010271638631820679,
            "adv_col": 1.25,
            "Collision Metric": 0.0,
            "Time of Termination": -1.0,
            "Cumulative OOB": 0.0,
            "Time spent OOB": 0.0,
            "adv_collision": false,
            "iteration": 12
        },
        "13": {
            "Loss": -1.388885498046875,
            "ego_col": 2.172450065612793,
            "adv_rd": 0.009433216415345669,
            "adv_col": 1.25,
            "Collision Metric": 0.0,
            "Time of Termination": -1.0,
            "Cumulative OOB": 0.0,
            "Time spent OOB": 0.0,
            "adv_collision": false,
            "iteration": 13
        },
        "14": {
            "Loss": -1.9750792980194092,
            "ego_col": 1.6012613773345947,
            "adv_rd": 0.008682966232299805,
            "adv_col": 1.25,
            "Collision Metric": 0.0,
            "Time of Termination": -1.0,
            "Cumulative OOB": 0.0,
            "Time spent OOB": 0.0,
            "adv_collision": false,
            "iteration": 14
        },
        "15": {
            "Loss": -2.922024726867676,
            "ego_col": 0.6615628600120544,
            "adv_rd": 0.00832061655819416,
            "adv_col": 1.25,
            "Collision Metric": 1.0,
            "Time of Termination": 52.0,
            "Cumulative OOB": 0.0,
            "Time spent OOB": 0.0,
            "adv_collision": false,
            "iteration": 15
        },
        "16": {
            "Loss": -2.922024726867676,
            "ego_col": 0.6615628600120544,
            "adv_rd": 0.00832061655819416,
            "adv_col": 1.25,
            "Collision Metric": 1.0,
            "Time of Termination": 52.0,
            "Cumulative OOB": 0.0,
            "Time spent OOB": 0.0,
            "adv_collision": false,
            "iteration": 16
        }
    }
}