{
    "meta_data": {
        "name": "RouteScenario_654",
        "index": 2,
        "town": "Town05",
        "Num_agents": 4
    },
    "is_terminated": true,
    "tot": 79,
    "adv_collision": false,
    "adv_rel_pos_at_collision": [
        0.6392598152160645,
        -0.7689907550811768
    ],
    "adv_rel_yaw_at_collision": 1.4673341512680054,
    "Loss": 6.099667549133301,
    "ego_col": 8.659233093261719,
    "adv_rd": 0.059521712362766266,
    "adv_col": 1.25,
    "Collision Metric": 1.0,
    "Time of Termination": 79.0,
    "Cumulative OOB": 0.0,
    "Time spent OOB": 0.0,
    "iteration": 12,
    "first_metrics": {
        "Loss": 6.099667549133301,
        "ego_col": 8.659233093261719,
        "adv_rd": 0.059521712362766266,
        "adv_col": 1.25,
        "Collision Metric": 1.0,
        "Collision Metric_scaled": 2.9716931749135256e-05,
        "Collision Metric_thresholded": 0.0,
        "Time of Termination": 79.0,
        "Cumulative OOB": 0.0,
        "Time spent OOB": 0.0,
        "adv_collision": false,
        "iteration": 12
    },
    "all_iterations": {
        "0": {
            "Loss": 5.541635513305664,
            "ego_col": 8.238518714904785,
            "adv_rd": 0.028749793767929077,
            "adv_col": 1.0906264781951904,
            "Collision Metric": 0.0,
            "Time of Termination": -1.0,
            "Cumulative OOB": 0.0,
            "Time spent OOB": 0.0,
            "adv_collision": false,
            "iteration": 0
        },
        "1": {
            "Loss": 8.186219215393066,
            "ego_col": 8.448799133300781,
            "adv_rd": 0.02018936164677143,
            "adv_col": 0.2221224308013916,
            "Collision Metric": 0.0,
            "Time of Termination": -1.0,
            "Cumulative OOB": 0.0,
            "Time spent OOB": 0.0,
            "adv_collision": false,
            "iteration": 1
        },
        "2": {
            "Loss": 6.2146806716918945,
            "ego_col": 8.323211669921875,
            "adv_rd": 0.023734871298074722,
            "adv_col": 0.8610759377479553,
            "Collision Metric": 0.0,
            "Time of Termination": -1.0,
            "Cumulative OOB": 0.0,
            "Time spent OOB": 0.0,
            "adv_collision": false,
            "iteration": 2
        },
        "3": {
            "Loss": 5.214973449707031,
            "ego_col": 8.19371509552002,
            "adv_rd": 0.03856293484568596,
            "adv_col": 1.25,
            "Collision Metric": 0.0,
            "Time of Termination": -1.0,
            "Cumulative OOB": 0.0,
            "Time spent OOB": 0.0,
            "adv_collision": false,
            "iteration": 3
        },
        "4": {
            "Loss": 6.281266212463379,
            "ego_col": 8.740462303161621,
            "adv_rd": 0.06454019993543625,
            "adv_col": 1.25,
            "Collision Metric": 0.0,
            "Time of Termination": -1.0,
            "Cumulative OOB": 0.0,
            "Time spent OOB": 0.0,
            "adv_collision": false,
            "iteration": 4
        },
        "5": {
            "Loss": 6.537288665771484,
            "ego_col": 9.105315208435059,
            "adv_rd": 0.05909866839647293,
            "adv_col": 1.25,
            "Collision Metric": 0.0,
            "Time of Termination": -1.0,
            "Cumulative OOB": 0.0,
            "Time spent OOB": 0.0,
            "adv_collision": false,
            "iteration": 5
        },
        "6": {
            "Loss": 6.811755180358887,
            "ego_col": 9.678935050964355,
            "adv_rd": 0.044141024351119995,
            "adv_col": 1.25,
            "Collision Metric": 0.0,
            "Time of Termination": -1.0,
            "Cumulative OOB": 0.0,
            "Time spent OOB": 0.0,
            "adv_collision": false,
            "iteration": 6
        },
        "7": {
            "Loss": 6.351390838623047,
            "ego_col": 9.348727226257324,
            "adv_rd": 0.037633176892995834,
            "adv_col": 1.25,
            "Collision Metric": 0.0,
            "Time of Termination": -1.0,
            "Cumulative OOB": 0.0,
            "Time spent OOB": 0.0,
            "adv_collision": false,
            "iteration": 7
        },
        "8": {
            "Loss": 6.228125095367432,
            "ego_col": 9.14136028289795,
            "adv_rd": 0.03477301821112633,
            "adv_col": 1.2028985023498535,
            "Collision Metric": 0.0,
            "Time of Termination": -1.0,
            "Cumulative OOB": 0.0,
            "Time spent OOB": 0.0,
            "adv_collision": false,
            "iteration": 8
        },
        "9": {
            "Loss": 6.953858375549316,
            "ego_col": 9.708457946777344,
            "adv_rd": 0.04977003484964371,
            "adv_col": 1.25,
            "Collision Metric": 0.0,
            "Time of Termination": -1.0,
            "Cumulative OOB": 0.0,
            "Time spent OOB": 0.0,
            "adv_collision": false,
            "iteration": 9
        },
        "10": {
            "Loss": 6.79312801361084,
            "ego_col": 9.043055534362793,
            "adv_rd": 0.07500362396240234,
            "adv_col": 1.25,
            "Collision Metric": 0.0,
            "Time of Termination": -1.0,
            "Cumulative OOB": 0.0,
            "Time spent OOB": 0.0,
            "adv_collision": false,
            "iteration": 10
        },
        "11": {
            "Loss": 6.473215103149414,
            "ego_col": 8.735637664794922,
            "adv_rd": 0.07437889277935028,
            "adv_col": 1.25,
            "Collision Metric": 0.0,
            "Time of Termination": -1.0,
            "Cumulative OOB": 0.0,
            "Time spent OOB": 0.0,
            "adv_collision": false,
            "iteration": 11
        },
        "12": {
            "Loss": 6.099667549133301,
            "ego_col": 8.659233093261719,
            "adv_rd": 0.059521712362766266,
            "adv_col": 1.25,
            "Collision Metric": 1.0,
            "Time of Termination": 79.0,
            "Cumulative OOB": 0.0,
            "Time spent OOB": 0.0,
            "adv_collision": false,
            "iteration": 12
        },
        "13": {
            "Loss": 6.099667549133301,
            "ego_col": 8.659233093261719,
            "adv_rd": 0.059521712362766266,
            "adv_col": 1.25,
            "Collision Metric": 1.0,
            "Time of Termination": 79.0,
            "Cumulative OOB": 0.0,
            "Time spent OOB": 0.0,
            "adv_collision": false,
            "iteration": 13
        }
    }
}