{
    "meta_data": {
        "name": "RouteScenario_356",
        "index": 4,
        "town": "Town04",
        "Num_agents": 4
    },
    "is_terminated": true,
    "tot": 52,
    "adv_collision": false,
    "adv_rel_pos_at_collision": [
        0.05559878423810005,
        -0.9984531402587891
    ],
    "adv_rel_yaw_at_collision": 2.7780539989471436,
    "Loss": 9.950105667114258,
    "ego_col": 12.493053436279297,
    "adv_rd": 0.06035261228680611,
    "adv_col": 1.25,
    "Collision Metric": 1.0,
    "Time of Termination": 52.0,
    "Cumulative OOB": 0.0,
    "Time spent OOB": 0.0,
    "iteration": 16,
    "first_metrics": {
        "Loss": 9.950105667114258,
        "ego_col": 12.493053436279297,
        "adv_rd": 0.06035261228680611,
        "adv_col": 1.25,
        "Collision Metric": 1.0,
        "Collision Metric_scaled": 0.9101173281669617,
        "Collision Metric_thresholded": 1.0,
        "Time of Termination": 52.0,
        "Cumulative OOB": 0.0,
        "Time spent OOB": 0.0,
        "adv_collision": false,
        "iteration": 16
    },
    "all_iterations": {
        "0": {
            "Loss": 12.960384368896484,
            "ego_col": 13.769490242004395,
            "adv_rd": 0.14704473316669464,
            "adv_col": 1.25,
            "Collision Metric": 0.0,
            "Time of Termination": -1.0,
            "Cumulative OOB": 0.0,
            "Time spent OOB": 0.0,
            "adv_collision": false,
            "iteration": 0
        },
        "1": {
            "Loss": 12.437017440795898,
            "ego_col": 14.218986511230469,
            "adv_rd": 0.09840153902769089,
            "adv_col": 1.25,
            "Collision Metric": 0.0,
            "Time of Termination": -1.0,
            "Cumulative OOB": 0.0,
            "Time spent OOB": 0.0,
            "adv_collision": false,
            "iteration": 1
        },
        "2": {
            "Loss": 13.564820289611816,
            "ego_col": 14.268889427185059,
            "adv_rd": 0.07611528784036636,
            "adv_col": 0.7421249151229858,
            "Collision Metric": 0.0,
            "Time of Termination": -1.0,
            "Cumulative OOB": 0.0,
            "Time spent OOB": 0.0,
            "adv_collision": false,
            "iteration": 2
        },
        "3": {
            "Loss": 11.856563568115234,
            "ego_col": 14.245200157165527,
            "adv_rd": 0.06806816160678864,
            "adv_col": 1.25,
            "Collision Metric": 0.0,
            "Time of Termination": -1.0,
            "Cumulative OOB": 0.0,
            "Time spent OOB": 0.0,
            "adv_collision": false,
            "iteration": 3
        },
        "4": {
            "Loss": 11.853391647338867,
            "ego_col": 14.23417854309082,
            "adv_rd": 0.0684606283903122,
            "adv_col": 1.25,
            "Collision Metric": 0.0,
            "Time of Termination": -1.0,
            "Cumulative OOB": 0.0,
            "Time spent OOB": 0.0,
            "adv_collision": false,
            "iteration": 4
        },
        "5": {
            "Loss": 11.774662017822266,
            "ego_col": 14.121110916137695,
            "adv_rd": 0.07017755508422852,
            "adv_col": 1.25,
            "Collision Metric": 0.0,
            "Time of Termination": -1.0,
            "Cumulative OOB": 0.0,
            "Time spent OOB": 0.0,
            "adv_collision": false,
            "iteration": 5
        },
        "6": {
            "Loss": 11.724174499511719,
            "ego_col": 14.044473648071289,
            "adv_rd": 0.07148504257202148,
            "adv_col": 1.25,
            "Collision Metric": 0.0,
            "Time of Termination": -1.0,
            "Cumulative OOB": 0.0,
            "Time spent OOB": 0.0,
            "adv_collision": false,
            "iteration": 6
        },
        "7": {
            "Loss": 11.590034484863281,
            "ego_col": 13.891812324523926,
            "adv_rd": 0.07241109758615494,
            "adv_col": 1.25,
            "Collision Metric": 0.0,
            "Time of Termination": -1.0,
            "Cumulative OOB": 0.0,
            "Time spent OOB": 0.0,
            "adv_collision": false,
            "iteration": 7
        },
        "8": {
            "Loss": 11.489608764648438,
            "ego_col": 13.774250984191895,
            "adv_rd": 0.0732678771018982,
            "adv_col": 1.25,
            "Collision Metric": 0.0,
            "Time of Termination": -1.0,
            "Cumulative OOB": 0.0,
            "Time spent OOB": 0.0,
            "adv_collision": false,
            "iteration": 8
        },
        "9": {
            "Loss": 11.454609870910645,
            "ego_col": 13.717065811157227,
            "adv_rd": 0.07437719404697418,
            "adv_col": 1.25,
            "Collision Metric": 0.0,
            "Time of Termination": -1.0,
            "Cumulative OOB": 0.0,
            "Time spent OOB": 0.0,
            "adv_collision": false,
            "iteration": 9
        },
        "10": {
            "Loss": 11.312456130981445,
            "ego_col": 13.61614990234375,
            "adv_rd": 0.0723152905702591,
            "adv_col": 1.25,
            "Collision Metric": 0.0,
            "Time of Termination": -1.0,
            "Cumulative OOB": 0.0,
            "Time spent OOB": 0.0,
            "adv_collision": false,
            "iteration": 10
        },
        "11": {
            "Loss": 11.26644515991211,
            "ego_col": 13.604483604431152,
            "adv_rd": 0.0705980509519577,
            "adv_col": 1.25,
            "Collision Metric": 0.0,
            "Time of Termination": -1.0,
            "Cumulative OOB": 0.0,
            "Time spent OOB": 0.0,
            "adv_collision": false,
            "iteration": 11
        },
        "12": {
            "Loss": 11.17231273651123,
            "ego_col": 13.555160522460938,
            "adv_rd": 0.06835761666297913,
            "adv_col": 1.25,
            "Collision Metric": 0.0,
            "Time of Termination": -1.0,
            "Cumulative OOB": 0.0,
            "Time spent OOB": 0.0,
            "adv_collision": false,
            "iteration": 12
        },
        "13": {
            "Loss": 11.05472183227539,
            "ego_col": 13.47778034210205,
            "adv_rd": 0.06634707748889923,
            "adv_col": 1.25,
            "Collision Metric": 0.0,
            "Time of Termination": -1.0,
            "Cumulative OOB": 0.0,
            "Time spent OOB": 0.0,
            "adv_collision": false,
            "iteration": 13
        },
        "14": {
            "Loss": 10.932363510131836,
            "ego_col": 13.4070405960083,
            "adv_rd": 0.06376614421606064,
            "adv_col": 1.25,
            "Collision Metric": 0.0,
            "Time of Termination": -1.0,
            "Cumulative OOB": 0.0,
            "Time spent OOB": 0.0,
            "adv_collision": false,
            "iteration": 14
        },
        "15": {
            "Loss": 10.840697288513184,
            "ego_col": 13.361849784851074,
            "adv_rd": 0.06144237145781517,
            "adv_col": 1.25,
            "Collision Metric": 0.0,
            "Time of Termination": -1.0,
            "Cumulative OOB": 0.0,
            "Time spent OOB": 0.0,
            "adv_collision": false,
            "iteration": 15
        },
        "16": {
            "Loss": 9.950105667114258,
            "ego_col": 12.493053436279297,
            "adv_rd": 0.06035261228680611,
            "adv_col": 1.25,
            "Collision Metric": 1.0,
            "Time of Termination": 52.0,
            "Cumulative OOB": 0.0,
            "Time spent OOB": 0.0,
            "adv_collision": false,
            "iteration": 16
        },
        "17": {
            "Loss": 9.950105667114258,
            "ego_col": 12.493053436279297,
            "adv_rd": 0.06035261228680611,
            "adv_col": 1.25,
            "Collision Metric": 1.0,