{
    "meta_data": {
        "name": "RouteScenario_183",
        "index": 1,
        "town": "Town03",
        "Num_agents": 4
    },
    "is_terminated": true,
    "tot": 46,
    "adv_collision": false,
    "adv_rel_pos_at_collision": [
        -0.7206586599349976,
        0.6932900547981262
    ],
    "adv_rel_yaw_at_collision": -1.6138408184051514,
    "Loss": 9.407022476196289,
    "ego_col": 12.863690376281738,
    "adv_rd": 0.01466658990830183,
    "adv_col": 1.25,
    "Collision Metric": 1.0,
    "Time of Termination": 46.0,
    "Cumulative OOB": 0.0,
    "Time spent OOB": 0.0,
    "iteration": 27,
    "first_metrics": {
        "Loss": 9.407022476196289,
        "ego_col": 12.863690376281738,
        "adv_rd": 0.01466658990830183,
        "adv_col": 1.25,
        "Collision Metric": 1.0,
        "Collision Metric_scaled": 3.7760491371154785,
        "Collision Metric_thresholded": 1.0,
        "Time of Termination": 46.0,
        "Cumulative OOB": 0.0,
        "Time spent OOB": 0.0,
        "adv_collision": false,
        "iteration": 27
    },
    "all_iterations": {
        "0": {
            "Loss": 17.585216522216797,
            "ego_col": 18.85504722595215,
            "adv_rd": 0.1240084171295166,
            "adv_col": 1.25,
            "Collision Metric": 0.0,
            "Time of Termination": -1.0,
            "Cumulative OOB": 0.0,
            "Time spent OOB": 0.0,
            "adv_collision": false,
            "iteration": 0
        },
        "1": {
            "Loss": 16.52335548400879,
            "ego_col": 19.034038543701172,
            "adv_rd": 0.06196585297584534,
            "adv_col": 1.25,
            "Collision Metric": 0.0,
            "Time of Termination": -1.0,
            "Cumulative OOB": 0.0,
            "Time spent OOB": 0.0,
            "adv_collision": false,
            "iteration": 1
        },
        "2": {
            "Loss": 16.130273818969727,
            "ego_col": 19.199325561523438,
            "adv_rd": 0.03404740244150162,
            "adv_col": 1.25,
            "Collision Metric": 0.0,
            "Time of Termination": -1.0,
            "Cumulative OOB": 0.0,
            "Time spent OOB": 0.0,
            "adv_collision": false,
            "iteration": 2
        },
        "3": {
            "Loss": 15.918861389160156,
            "ego_col": 19.140623092651367,
            "adv_rd": 0.02641190029680729,
            "adv_col": 1.25,
            "Collision Metric": 0.0,
            "Time of Termination": -1.0,
            "Cumulative OOB": 0.0,
            "Time spent OOB": 0.0,
            "adv_collision": false,
            "iteration": 3
        },
        "4": {
            "Loss": 14.560504913330078,
            "ego_col": 17.81337547302246,
            "adv_rd": 0.024856500327587128,
            "adv_col": 1.25,
            "Collision Metric": 0.0,
            "Time of Termination": -1.0,
            "Cumulative OOB": 0.0,
            "Time spent OOB": 0.0,
            "adv_collision": false,
            "iteration": 4
        },
        "5": {
            "Loss": 14.46187973022461,
            "ego_col": 17.663738250732422,
            "adv_rd": 0.027407074347138405,
            "adv_col": 1.25,
            "Collision Metric": 0.0,
            "Time of Termination": -1.0,
            "Cumulative OOB": 0.0,
            "Time spent OOB": 0.0,
            "adv_collision": false,
            "iteration": 5
        },
        "6": {
            "Loss": 15.792186737060547,
            "ego_col": 18.949115753173828,
            "adv_rd": 0.029653552919626236,
            "adv_col": 1.25,
            "Collision Metric": 0.0,
            "Time of Termination": -1.0,
            "Cumulative OOB": 0.0,
            "Time spent OOB": 0.0,
            "adv_collision": false,
            "iteration": 6
        },
        "7": {
            "Loss": 15.482904434204102,
            "ego_col": 18.624237060546875,
            "adv_rd": 0.030433332547545433,
            "adv_col": 1.25,
            "Collision Metric": 0.0,
            "Time of Termination": -1.0,
            "Cumulative OOB": 0.0,
            "Time spent OOB": 0.0,
            "adv_collision": false,
            "iteration": 7
        },
        "8": {
            "Loss": 15.248907089233398,
            "ego_col": 18.399755477905273,
            "adv_rd": 0.029957620427012444,
            "adv_col": 1.25,
            "Collision Metric": 0.0,
            "Time of Termination": -1.0,
            "Cumulative OOB": 0.0,
            "Time spent OOB": 0.0,
            "adv_collision": false,
            "iteration": 8
        },
        "9": {
            "Loss": 15.13690185546875,
            "ego_col": 18.29109001159668,
            "adv_rd": 0.0297906082123518,
            "adv_col": 1.25,
            "Collision Metric": 0.0,
            "Time of Termination": -1.0,
            "Cumulative OOB": 0.0,
            "Time spent OOB": 0.0,
            "adv_collision": false,
            "iteration": 9
        },
        "10": {
            "Loss": 14.9300537109375,
            "ego_col": 18.100147247314453,
            "adv_rd": 0.028995325788855553,
            "adv_col": 1.25,
            "Collision Metric": 0.0,
            "Time of Termination": -1.0,
            "Cumulative OOB": 0.0,
            "Time spent OOB": 0.0,
            "adv_collision": false,
            "iteration": 10
        },
        "11": {
            "Loss": 14.732540130615234,
            "ego_col": 17.923446655273438,
            "adv_rd": 0.027954692021012306,
            "adv_col": 1.25,
            "Collision Metric": 0.0,
            "Time of Termination": -1.0,
            "Cumulative OOB": 0.0,
            "Time spent OOB": 0.0,
            "adv_collision": false,
            "iteration": 11
        },
        "12": {
            "Loss": 14.588479995727539,
            "ego_col": 17.780452728271484,
            "adv_rd": 0.02790134958922863,
            "adv_col": 1.25,
            "Collision Metric": 0.0,
            "Time of Termination": -1.0,
            "Cumulative OOB": 0.0,
            "Time spent OOB": 0.0,
            "adv_collision": false,
            "iteration": 12
        },
        "13": {
            "Loss": 14.422523498535156,
            "ego_col": 17.65506362915039,
            "adv_rd": 0.0258729737251997,
            "adv_col": 1.25,
            "Collision Metric": 0.0,
            "Time of Termination": -1.0,
            "Cumulative OOB": 0.0,
            "Time spent OOB": 0.0,
            "adv_collision": false,
            "iteration": 13
        },
        "14": {
            "Loss": 14.287931442260742,
            "ego_col": 17.527158737182617,
            "adv_rd": 0.025538653135299683,
            "adv_col": 1.25,
            "Collision Metric": 0.0,
            "Time of Termination": -1.0,
            "Cumulative OOB": 0.0,
            "Time spent OOB": 0.0,
            "adv_collision": false,
            "iteration": 14
        },
        "15": {
            "Loss": 14.158912658691406,
            "ego_col": 17.41489028930664,
            "adv_rd": 0.024701101705431938,
            "adv_col": 1.25,
            "Collision Metric": 0.0,
            "Time of Termination": -1.0,
            "Cumulative OOB": 0.0,
            "Time spent OOB": 0.0,
            "adv_collision": false,
            "iteration": 15
        },
        "16": {
            "Loss": 14.017505645751953,
            "ego_col": 17.29495620727539,
            "adv_rd": 0.023627495393157005,
            "adv_col": 1.25,
            "Collision Metric": 0.0,
            "Time of Termination": -1.0,
            "Cumulative OOB": 0.0,
            "Time spent OOB": 0.0,
            "adv_collision": false,
            "iteration": 16
        },
        "17": {
            "Loss": 13.952251434326172,
            "ego_col": 17.210704803466797,
            "adv_rd": 0.02457731030881405,
            "adv_col": 1.25,
            "Collision Metric": 0.0,