{
    "meta_data": {
        "name": "RouteScenario_513",
        "index": 1,
        "town": "Town05",
        "Num_agents": 4
    },
    "is_terminated": true,
    "tot": 59,
    "adv_collision": false,
    "adv_rel_pos_at_collision": [
        0.9180431962013245,
        -0.3964802324771881
    ],
    "adv_rel_yaw_at_collision": -3.414989471435547,
    "Loss": 5.836555480957031,
    "ego_col": 9.116863250732422,
    "adv_rd": 0.023484593257308006,
    "adv_col": 1.25,
    "Collision Metric": 1.0,
    "Time of Termination": 59.0,
    "Cumulative OOB": 0.0,
    "Time spent OOB": 0.0,
    "iteration": 1,
    "first_metrics": {
        "Loss": 5.836555480957031,
        "ego_col": 9.116863250732422,
        "adv_rd": 0.023484593257308006,
        "adv_col": 1.25,
        "Collision Metric": 1.0,
        "Collision Metric_scaled": 1.856088399887085,
        "Collision Metric_thresholded": 1.0,
        "Time of Termination": 59.0,
        "Cumulative OOB": 0.0,
        "Time spent OOB": 0.0,
        "adv_collision": false,
        "iteration": 1
    },
    "all_iterations": {
        "0": {
            "Loss": 7.059222221374512,
            "ego_col": 9.815604209899902,
            "adv_rd": 0.049680911004543304,
            "adv_col": 1.25,
            "Collision Metric": 0.0,
            "Time of Termination": -1.0,
            "Cumulative OOB": 0.0,
            "Time spent OOB": 0.0,
            "adv_collision": false,
            "iteration": 0
        },
        "1": {
            "Loss": 5.836555480957031,
            "ego_col": 9.116863250732422,
            "adv_rd": 0.023484593257308006,
            "adv_col": 1.25,
            "Collision Metric": 1.0,
            "Time of Termination": 59.0,
            "Cumulative OOB": 0.0,
            "Time spent OOB": 0.0,
            "adv_collision": false,
            "iteration": 1
        },
        "2": {
            "Loss": 5.836555480957031,
            "ego_col": 9.116863250732422,
            "adv_rd": 0.023484593257308006,
            "adv_col": 1.25,
            "Collision Metric": 1.0,
            "Time of Termination": 59.0,
            "Cumulative OOB": 0.0,
            "Time spent OOB": 0.0,
            "adv_collision": false,
            "iteration": 2
        }
    }
}