{
    "meta_data": {
        "name": "RouteScenario_656",
        "index": 4,
        "town": "Town05",
        "Num_agents": 4
    },
    "is_terminated": true,
    "tot": 20,
    "adv_collision": false,
    "adv_rel_pos_at_collision": [
        0.3833344280719757,
        -0.9236096143722534
    ],
    "adv_rel_yaw_at_collision": 2.994056224822998,
    "Loss": -1.79320228099823,
    "ego_col": 1.9561080932617188,
    "adv_rd": 3.448133429628797e-05,
    "adv_col": 1.25,
    "Collision Metric": 1.0,
    "Time of Termination": 20.0,
    "Cumulative OOB": 0.0,
    "Time spent OOB": 0.0,
    "iteration": 6,
    "first_metrics": {
        "Loss": -1.79320228099823,
        "ego_col": 1.9561080932617188,
        "adv_rd": 3.448133429628797e-05,
        "adv_col": 1.25,
        "Collision Metric": 1.0,
        "Collision Metric_scaled": 1.2873457670211792,
        "Collision Metric_thresholded": 1.0,
        "Time of Termination": 20.0,
        "Cumulative OOB": 0.0,
        "Time spent OOB": 0.0,
        "adv_collision": false,
        "iteration": 6
    },
    "all_iterations": {
        "0": {
            "Loss": 9.815564155578613,
            "ego_col": 13.564882278442383,
            "adv_rd": 3.409323835512623e-05,
            "adv_col": 1.25,
            "Collision Metric": 0.0,
            "Time of Termination": -1.0,
            "Cumulative OOB": 0.0,
            "Time spent OOB": 0.0,
            "adv_collision": false,
            "iteration": 0
        },
        "1": {
            "Loss": 9.432877540588379,
            "ego_col": 13.151530265808105,
            "adv_rd": 0.0015673622256144881,
            "adv_col": 1.25,
            "Collision Metric": 0.0,
            "Time of Termination": -1.0,
            "Cumulative OOB": 0.0,
            "Time spent OOB": 0.0,
            "adv_collision": false,
            "iteration": 1
        },
        "2": {
            "Loss": 9.364968299865723,
            "ego_col": 12.655409812927246,
            "adv_rd": 0.022977937012910843,
            "adv_col": 1.25,
            "Collision Metric": 0.0,
            "Time of Termination": -1.0,
            "Cumulative OOB": 0.02500000037252903,
            "Time spent OOB": 0.02500000037252903,
            "adv_collision": false,
            "iteration": 2
        },
        "3": {
            "Loss": 8.93585205078125,
            "ego_col": 12.336329460144043,
            "adv_rd": 0.017476150766015053,
            "adv_col": 1.25,
            "Collision Metric": 0.0,
            "Time of Termination": -1.0,
            "Cumulative OOB": 0.02500000037252903,
            "Time spent OOB": 0.02500000037252903,
            "adv_collision": false,
            "iteration": 3
        },
        "4": {
            "Loss": 8.241653442382812,
            "ego_col": 11.819857597351074,
            "adv_rd": 0.008589795790612698,
            "adv_col": 1.25,
            "Collision Metric": 0.0,
            "Time of Termination": -1.0,
            "Cumulative OOB": 0.0,
            "Time spent OOB": 0.0,
            "adv_collision": false,
            "iteration": 4
        },
        "5": {
            "Loss": 7.312204360961914,
            "ego_col": 10.99071979522705,
            "adv_rd": 0.00357424165122211,
            "adv_col": 1.25,
            "Collision Metric": 0.0,
            "Time of Termination": -1.0,
            "Cumulative OOB": 0.0,
            "Time spent OOB": 0.0,
            "adv_collision": false,
            "iteration": 5
        },
        "6": {
            "Loss": -1.79320228099823,
            "ego_col": 1.9561080932617188,
            "adv_rd": 3.448133429628797e-05,
            "adv_col": 1.25,
            "Collision Metric": 1.0,
            "Time of Termination": 20.0,
            "Cumulative OOB": 0.0,
            "Time spent OOB": 0.0,
            "adv_collision": false,
            "iteration": 6
        },
        "7": {
            "Loss": -1.79320228099823,
            "ego_col": 1.9561080932617188,
            "adv_rd": 3.448133429628797e-05,
            "adv_col": 1.25,
            "Collision Metric": 1.0,
            "Time of Termination": 20.0,
            "Cumulative OOB": 0.0,
            "Time spent OOB": 0.0,
            "adv_collision": false,
            "iteration": 7
        },
        "8": {
            "Loss": 20.615013122558594,
            "ego_col": 21.296003341674805,
            "adv_rd": 0.036678116768598557,
            "adv_col": 0.47151780128479004,
            "Collision Metric": 0.0,
            "Time of Termination": -1.0,
            "Cumulative OOB": 0.0,
            "Time spent OOB": 0.0,
            "adv_collision": false,
            "iteration": 8
        },
        "9": {
            "Loss": 17.81452178955078,
            "ego_col": 20.93782615661621,
            "adv_rd": 0.031334828585386276,
            "adv_col": 1.25,
            "Collision Metric": 0.0,
            "Time of Termination": -1.0,
            "Cumulative OOB": 0.0,
            "Time spent OOB": 0.0,
            "adv_collision": false,
            "iteration": 9
        },
        "10": {
            "Loss": 17.730939865112305,
            "ego_col": 20.955341339111328,
            "adv_rd": 0.02627990022301674,
            "adv_col": 1.25,
            "Collision Metric": 0.0,
            "Time of Termination": -1.0,
            "Cumulative OOB": 0.0,
            "Time spent OOB": 0.0,
            "adv_collision": false,
            "iteration": 10
        },
        "11": {
            "Loss": 17.572839736938477,
            "ego_col": 20.89322853088379,
            "adv_rd": 0.021480519324541092,
            "adv_col": 1.25,
            "Collision Metric": 0.0,
            "Time of Termination": -1.0,
            "Cumulative OOB": 0.0,
            "Time spent OOB": 0.0,
            "adv_collision": false,
            "iteration": 11
        },
        "12": {
            "Loss": 17.470703125,
            "ego_col": 20.812637329101562,
            "adv_rd": 0.020403316244482994,
            "adv_col": 1.25,
            "Collision Metric": 0.0,
            "Time of Termination": -1.0,
            "Cumulative OOB": 0.0,
            "Time spent OOB": 0.0,
            "adv_collision": false,
            "iteration": 12
        },
        "13": {
            "Loss": 17.271013259887695,
            "ego_col": 20.687990188598633,
            "adv_rd": 0.016651157289743423,
            "adv_col": 1.25,
            "Collision Metric": 1.0,
            "Time of Termination": 74.0,
            "Cumulative OOB": 0.0,
            "Time spent OOB": 0.0,
            "adv_collision": false,
            "iteration": 13
        },
        "14": {
            "Loss": 17.271013259887695,
            "ego_col": 20.687990188598633,
            "adv_rd": 0.016651157289743423,
            "adv_col": 1.25,
            "Collision Metric": 1.0,
            "Time of Termination": 74.0,
            "Cumulative OOB": 0.0,
            "Time spent OOB": 0.0,
            "adv_collision": false,
            "iteration": 14
        }
    }
}