{
    "meta_data": {
        "name": "RouteScenario_694",
        "index": 2,
        "town": "Town05",
        "Num_agents": 4
    },
    "is_terminated": true,
    "tot": 68,
    "adv_collision": false,
    "adv_rel_pos_at_collision": [
        -0.23716185986995697,
        -0.9714701175689697
    ],
    "adv_rel_yaw_at_collision": -5.099616050720215,
    "Loss": 15.409124374389648,
    "ego_col": 17.242942810058594,
    "adv_rd": 0.026431569829583168,
    "adv_col": 0.7874831557273865,
    "Collision Metric": 1.0,
    "Time of Termination": 68.0,
    "Cumulative OOB": 0.0,
    "Time spent OOB": 0.0,
    "iteration": 1,
    "first_metrics": {
        "Loss": 15.409124374389648,
        "ego_col": 17.242942810058594,
        "adv_rd": 0.026431569829583168,
        "adv_col": 0.7874831557273865,
        "Collision Metric": 1.0,
        "Collision Metric_scaled": 1.1525382995605469,
        "Collision Metric_thresholded": 1.0,
        "Time of Termination": 68.0,
        "Cumulative OOB": 0.0,
        "Time spent OOB": 0.0,
        "adv_collision": false,
        "iteration": 1
    },
    "all_iterations": {
        "0": {
            "Loss": 14.243247985839844,
            "ego_col": 17.57782554626465,
            "adv_rd": 0.020771147683262825,
            "adv_col": 1.25,
            "Collision Metric": 0.0,
            "Time of Termination": -1.0,
            "Cumulative OOB": 0.0,
            "Time spent OOB": 0.0,
            "adv_collision": false,
            "iteration": 0
        },
        "1": {
            "Loss": 15.409124374389648,
            "ego_col": 17.242942810058594,
            "adv_rd": 0.026431569829583168,
            "adv_col": 0.7874831557273865,
            "Collision Metric": 1.0,
            "Time of Termination": 68.0,
            "Cumulative OOB": 0.0,
            "Time spent OOB": 0.0,
            "adv_collision": false,
            "iteration": 1
        },
        "2": {
            "Loss": 15.409124374389648,
            "ego_col": 17.242942810058594,
            "adv_rd": 0.026431569829583168,
            "adv_col": 0.7874831557273865,
            "Collision Metric": 1.0,
            "Time of Termination": 68.0,
            "Cumulative OOB": 0.0,
            "Time spent OOB": 0.0,
            "adv_collision": false,
            "iteration": 2
        },
        "3": {
            "Loss": 8.852417945861816,
            "ego_col": 12.541465759277344,
            "adv_rd": 0.0030476131942123175,
            "adv_col": 1.25,
            "Collision Metric": 0.0,
            "Time of Termination": -1.0,
            "Cumulative OOB": 0.0,
            "Time spent OOB": 0.0,
            "adv_collision": false,
            "iteration": 3
        },
        "4": {
            "Loss": 7.966724395751953,
            "ego_col": 11.660307884216309,
            "adv_rd": 0.0028208333533257246,
            "adv_col": 1.25,
            "Collision Metric": 0.0,
            "Time of Termination": -1.0,
            "Cumulative OOB": 0.0,
            "Time spent OOB": 0.0,
            "adv_collision": false,
            "iteration": 4
        },
        "5": {
            "Loss": 7.59126091003418,
            "ego_col": 11.284514427185059,
            "adv_rd": 0.00283730193041265,
            "adv_col": 1.25,
            "Collision Metric": 0.0,
            "Time of Termination": -1.0,
            "Cumulative OOB": 0.0,
            "Time spent OOB": 0.0,
            "adv_collision": false,
            "iteration": 5
        },
        "6": {
            "Loss": 7.744302749633789,
            "ego_col": 11.421127319335938,
            "adv_rd": 0.0036587852519005537,
            "adv_col": 1.25,
            "Collision Metric": 0.0,
            "Time of Termination": -1.0,
            "Cumulative OOB": 0.0,
            "Time spent OOB": 0.0,
            "adv_collision": false,
            "iteration": 6
        },
        "7": {
            "Loss": 8.019036293029785,
            "ego_col": 11.692580223083496,
            "adv_rd": 0.003822790924459696,
            "adv_col": 1.25,
            "Collision Metric": 0.0,
            "Time of Termination": -1.0,
            "Cumulative OOB": 0.0,
            "Time spent OOB": 0.0,
            "adv_collision": false,
            "iteration": 7
        },
        "8": {
            "Loss": 8.083415031433105,
            "ego_col": 11.767180442810059,
            "adv_rd": 0.0033117514103651047,
            "adv_col": 1.25,
            "Collision Metric": 0.0,
            "Time of Termination": -1.0,
            "Cumulative OOB": 0.0,
            "Time spent OOB": 0.0,
            "adv_collision": false,
            "iteration": 8
        },
        "9": {
            "Loss": 7.775448799133301,
            "ego_col": 11.475157737731934,
            "adv_rd": 0.0025145330000668764,
            "adv_col": 1.25,
            "Collision Metric": 0.0,
            "Time of Termination": -1.0,
            "Cumulative OOB": 0.0,
            "Time spent OOB": 0.0,
            "adv_collision": false,
            "iteration": 9
        },
        "10": {
            "Loss": 7.2812042236328125,
            "ego_col": 10.987319946289062,
            "adv_rd": 0.0021941999439150095,
            "adv_col": 1.25,
            "Collision Metric": 0.0,
            "Time of Termination": -1.0,
            "Cumulative OOB": 0.0,
            "Time spent OOB": 0.0,
            "adv_collision": false,
            "iteration": 10
        },
        "11": {
            "Loss": 6.6178178787231445,
            "ego_col": 10.3262939453125,
            "adv_rd": 0.002076203003525734,
            "adv_col": 1.25,
            "Collision Metric": 0.0,
            "Time of Termination": -1.0,
            "Cumulative OOB": 0.0,
            "Time spent OOB": 0.0,
            "adv_collision": false,
            "iteration": 11
        },
        "12": {
            "Loss": 5.561009407043457,
            "ego_col": 9.264232635498047,
            "adv_rd": 0.0023388294503092766,
            "adv_col": 1.25,
            "Collision Metric": 0.0,
            "Time of Termination": -1.0,
            "Cumulative OOB": 0.0,
            "Time spent OOB": 0.0,
            "adv_collision": false,
            "iteration": 12
        },
        "13": {
            "Loss": 4.935715675354004,
            "ego_col": 8.59071159362793,
            "adv_rd": 0.004750203341245651,
            "adv_col": 1.25,
            "Collision Metric": 1.0,
            "Time of Termination": 56.0,
            "Cumulative OOB": 0.0,
            "Time spent OOB": 0.0,
            "adv_collision": false,
            "iteration": 13
        },
        "14": {
            "Loss": 4.935715675354004,
            "ego_col": 8.59071159362793,
            "adv_rd": 0.004750203341245651,
            "adv_col": 1.25,
            "Collision Metric": 1.0,
            "Time of Termination": 56.0,
            "Cumulative OOB": 0.0,
            "Time spent OOB": 0.0,
            "adv_collision": false,
            "iteration": 14
        }
    }
}