{
    "meta_data": {
        "name": "RouteScenario_678",
        "index": 6,
        "town": "Town05",
        "Num_agents": 4
    },
    "is_terminated": true,
    "tot": 50,
    "adv_collision": false,
    "adv_rel_pos_at_collision": [
        -0.3600967824459076,
        -0.9329149723052979
    ],
    "adv_rel_yaw_at_collision": 0.08289432525634766,
    "Loss": -2.0183258056640625,
    "ego_col": 1.3226019144058228,
    "adv_rd": 0.011134294793009758,
    "adv_col": 1.1878712177276611,
    "Collision Metric": 1.0,
    "Time of Termination": 50.0,
    "Cumulative OOB": 0.0,
    "Time spent OOB": 0.0,
    "iteration": 7,
    "first_metrics": {
        "Loss": -2.0183258056640625,
        "ego_col": 1.3226019144058228,
        "adv_rd": 0.011134294793009758,
        "adv_col": 1.1878712177276611,
        "Collision Metric": 1.0,
        "Collision Metric_scaled": 2.2577438354492188,
        "Collision Metric_thresholded": 1.0,
        "Time of Termination": 50.0,
        "Cumulative OOB": 0.0,
        "Time spent OOB": 0.0,
        "adv_collision": false,
        "iteration": 7
    },
    "all_iterations": {
        "0": {
            "Loss": 1.2324912548065186,
            "ego_col": 3.2500808238983154,
            "adv_rd": 0.012800528667867184,
            "adv_col": 0.7578667402267456,
            "Collision Metric": 0.0,
            "Time of Termination": -1.0,
            "Cumulative OOB": 0.0,
            "Time spent OOB": 0.0,
            "adv_collision": false,
            "iteration": 0
        },
        "1": {
            "Loss": 0.06278085708618164,
            "ego_col": 2.268101930618286,
            "adv_rd": 0.06775712221860886,
            "adv_col": 1.1868211030960083,
            "Collision Metric": 0.0,
            "Time of Termination": -1.0,
            "Cumulative OOB": 0.20000000298023224,
            "Time spent OOB": 0.20000000298023224,
            "adv_collision": false,
            "iteration": 1
        },
        "2": {
            "Loss": 1.0270724296569824,
            "ego_col": 1.9929786920547485,
            "adv_rd": 0.06964552402496338,
            "adv_col": 0.7862721681594849,
            "Collision Metric": 0.0,
            "Time of Termination": -1.0,
            "Cumulative OOB": 0.0,
            "Time spent OOB": 0.0,
            "adv_collision": false,
            "iteration": 2
        },
        "3": {
            "Loss": -0.8587775230407715,
            "ego_col": 2.1266543865203857,
            "adv_rd": 0.028722792863845825,
            "adv_col": 1.186629295349121,
            "Collision Metric": 0.0,
            "Time of Termination": -1.0,
            "Cumulative OOB": 0.0,
            "Time spent OOB": 0.0,
            "adv_collision": false,
            "iteration": 3
        },
        "4": {
            "Loss": -1.2271051406860352,
            "ego_col": 1.9751631021499634,
            "adv_rd": 0.01785973645746708,
            "adv_col": 1.1864876747131348,
            "Collision Metric": 0.0,
            "Time of Termination": -1.0,
            "Cumulative OOB": 0.0,
            "Time spent OOB": 0.0,
            "adv_collision": false,
            "iteration": 4
        },
        "5": {
            "Loss": -1.501368522644043,
            "ego_col": 1.7732998132705688,
            "adv_rd": 0.014276591129601002,
            "adv_col": 1.186733365058899,
            "Collision Metric": 0.0,
            "Time of Termination": -1.0,
            "Cumulative OOB": 0.0,
            "Time spent OOB": 0.0,
            "adv_collision": false,
            "iteration": 5
        },
        "6": {
            "Loss": -1.8380999565124512,
            "ego_col": 1.4854990243911743,
            "adv_rd": 0.01190153043717146,
            "adv_col": 1.1872098445892334,
            "Collision Metric": 0.0,
            "Time of Termination": -1.0,
            "Cumulative OOB": 0.0,
            "Time spent OOB": 0.0,
            "adv_collision": false,
            "iteration": 6
        },
        "7": {
            "Loss": -2.0183258056640625,
            "ego_col": 1.3226019144058228,
            "adv_rd": 0.011134294793009758,
            "adv_col": 1.1878712177276611,
            "Collision Metric": 1.0,
            "Time of Termination": 50.0,
            "Cumulative OOB": 0.0,
            "Time spent OOB": 0.0,
            "adv_collision": false,
            "iteration": 7
        },
        "8": {
            "Loss": -2.0183258056640625,
            "ego_col": 1.3226019144058228,
            "adv_rd": 0.011134294793009758,
            "adv_col": 1.1878712177276611,
            "Collision Metric": 1.0,
            "Time of Termination": 50.0,
            "Cumulative OOB": 0.0,
            "Time spent OOB": 0.0,
            "adv_collision": false,
            "iteration": 8
        },
        "9": {
            "Loss": 5.444807052612305,
            "ego_col": 9.028826713562012,
            "adv_rd": 0.008299003355205059,
            "adv_col": 1.25,
            "Collision Metric": 0.0,
            "Time of Termination": -1.0,
            "Cumulative OOB": 0.0,
            "Time spent OOB": 0.0,
            "adv_collision": false,
            "iteration": 9
        },
        "10": {
            "Loss": 5.347167015075684,
            "ego_col": 8.814531326293945,
            "adv_rd": 0.014131799340248108,
            "adv_col": 1.25,
            "Collision Metric": 0.0,
            "Time of Termination": -1.0,
            "Cumulative OOB": 0.0,
            "Time spent OOB": 0.0,
            "adv_collision": false,
            "iteration": 10
        },
        "11": {
            "Loss": 5.63980770111084,
            "ego_col": 8.987998962402344,
            "adv_rd": 0.02009044773876667,
            "adv_col": 1.25,
            "Collision Metric": 0.0,
            "Time of Termination": -1.0,
            "Cumulative OOB": 0.0,
            "Time spent OOB": 0.0,
            "adv_collision": false,
            "iteration": 11
        },
        "12": {
            "Loss": 5.3380842208862305,
            "ego_col": 8.62082576751709,
            "adv_rd": 0.023362936452031136,
            "adv_col": 1.25,
            "Collision Metric": 0.0,
            "Time of Termination": -1.0,
            "Cumulative OOB": 0.0,
            "Time spent OOB": 0.0,
            "adv_collision": false,
            "iteration": 12
        },
        "13": {
            "Loss": 5.501448631286621,
            "ego_col": 8.794843673706055,
            "adv_rd": 0.022830231115221977,
            "adv_col": 1.25,
            "Collision Metric": 0.0,
            "Time of Termination": -1.0,
            "Cumulative OOB": 0.0,
            "Time spent OOB": 0.0,
            "adv_collision": false,
            "iteration": 13
        },
        "14": {
            "Loss": 4.983675003051758,
            "ego_col": 8.35204029083252,
            "adv_rd": 0.019081752747297287,
            "adv_col": 1.25,
            "Collision Metric": 0.0,
            "Time of Termination": -1.0,
            "Cumulative OOB": 0.0,
            "Time spent OOB": 0.0,
            "adv_collision": false,
            "iteration": 14
        },
        "15": {
            "Loss": 4.634184837341309,
            "ego_col": 8.120037078857422,
            "adv_rd": 0.013207371346652508,
            "adv_col": 1.25,
            "Collision Metric": 0.0,
            "Time of Termination": -1.0,
            "Cumulative OOB": 0.0,
            "Time spent OOB": 0.0,
            "adv_collision": false,
            "iteration": 15
        },
        "16": {
            "Loss": 4.419045448303223,
            "ego_col": 8.02336311340332,
            "adv_rd": 0.007284137886017561,
            "adv_col": 1.25,
            "Collision Metric": 0.0,
            "Time of Termination": -1.0,
            "Cumulative OOB": 0.0,
            "Time spent OOB": 0.0,
            "adv_collision": false,
            "iteration": 16
        },