{
    "meta_data": {
        "name": "RouteScenario_292",
        "index": 0,
        "town": "Town03",
        "Num_agents": 4
    },
    "is_terminated": true,
    "tot": 79,
    "adv_collision": false,
    "adv_rel_pos_at_collision": [
        0.9221090078353882,
        -0.3869302272796631
    ],
    "adv_rel_yaw_at_collision": -3.1561083793640137,
    "Loss": 18.07127571105957,
    "ego_col": 21.03925895690918,
    "adv_rd": 0.039100874215364456,
    "adv_col": 1.25,
    "Collision Metric": 1.0,
    "Time of Termination": 79.0,
    "Cumulative OOB": 0.0,
    "Time spent OOB": 0.0,
    "iteration": 31,
    "first_metrics": {
        "Loss": 18.07127571105957,
        "ego_col": 21.03925895690918,
        "adv_rd": 0.039100874215364456,
        "adv_col": 1.25,
        "Collision Metric": 1.0,
        "Collision Metric_scaled": 4.027647972106934,
        "Collision Metric_thresholded": 1.0,
        "Time of Termination": 79.0,
        "Cumulative OOB": 0.0,
        "Time spent OOB": 0.0,
        "adv_collision": false,
        "iteration": 31
    },
    "all_iterations": {
        "0": {
            "Loss": 23.523067474365234,
            "ego_col": 24.934057235717773,
            "adv_rd": 0.11695056408643723,
            "adv_col": 1.25,
            "Collision Metric": 0.0,
            "Time of Termination": -1.0,
            "Cumulative OOB": 0.0,
            "Time spent OOB": 0.0,
            "adv_collision": false,
            "iteration": 0
        },
        "1": {
            "Loss": 22.787097930908203,
            "ego_col": 25.21064567565918,
            "adv_rd": 0.06632256507873535,
            "adv_col": 1.25,
            "Collision Metric": 0.0,
            "Time of Termination": -1.0,
            "Cumulative OOB": 0.0,
            "Time spent OOB": 0.0,
            "adv_collision": false,
            "iteration": 1
        },
        "2": {
            "Loss": 22.564922332763672,
            "ego_col": 25.27825927734375,
            "adv_rd": 0.0518331304192543,
            "adv_col": 1.25,
            "Collision Metric": 0.0,
            "Time of Termination": -1.0,
            "Cumulative OOB": 0.0,
            "Time spent OOB": 0.0,
            "adv_collision": false,
            "iteration": 2
        },
        "3": {
            "Loss": 22.11548614501953,
            "ego_col": 25.056406021118164,
            "adv_rd": 0.040453989058732986,
            "adv_col": 1.25,
            "Collision Metric": 0.0,
            "Time of Termination": -1.0,
            "Cumulative OOB": 0.0,
            "Time spent OOB": 0.0,
            "adv_collision": false,
            "iteration": 3
        },
        "4": {
            "Loss": 21.913799285888672,
            "ego_col": 24.813608169555664,
            "adv_rd": 0.042509593069553375,
            "adv_col": 1.25,
            "Collision Metric": 0.0,
            "Time of Termination": -1.0,
            "Cumulative OOB": 0.0,
            "Time spent OOB": 0.0,
            "adv_collision": false,
            "iteration": 4
        },
        "5": {
            "Loss": 21.753114700317383,
            "ego_col": 24.56326675415039,
            "adv_rd": 0.04699237272143364,
            "adv_col": 1.25,
            "Collision Metric": 0.0,
            "Time of Termination": -1.0,
            "Cumulative OOB": 0.0,
            "Time spent OOB": 0.0,
            "adv_collision": false,
            "iteration": 5
        },
        "6": {
            "Loss": 21.659395217895508,
            "ego_col": 24.380664825439453,
            "adv_rd": 0.051436491310596466,
            "adv_col": 1.25,
            "Collision Metric": 0.0,
            "Time of Termination": -1.0,
            "Cumulative OOB": 0.0,
            "Time spent OOB": 0.0,
            "adv_collision": false,
            "iteration": 6
        },
        "7": {
            "Loss": 21.408788681030273,
            "ego_col": 24.31976890563965,
            "adv_rd": 0.041950978338718414,
            "adv_col": 1.25,
            "Collision Metric": 0.0,
            "Time of Termination": -1.0,
            "Cumulative OOB": 0.0,
            "Time spent OOB": 0.0,
            "adv_collision": false,
            "iteration": 7
        },
        "8": {
            "Loss": 21.2337646484375,
            "ego_col": 24.285953521728516,
            "adv_rd": 0.034890562295913696,
            "adv_col": 1.25,
            "Collision Metric": 0.0,
            "Time of Termination": -1.0,
            "Cumulative OOB": 0.0,
            "Time spent OOB": 0.0,
            "adv_collision": false,
            "iteration": 8
        },
        "9": {
            "Loss": 21.09663200378418,
            "ego_col": 24.216100692749023,
            "adv_rd": 0.03152656555175781,
            "adv_col": 1.25,
            "Collision Metric": 0.0,
            "Time of Termination": -1.0,
            "Cumulative OOB": 0.0,
            "Time spent OOB": 0.0,
            "adv_collision": false,
            "iteration": 9
        },
        "10": {
            "Loss": 20.953327178955078,
            "ego_col": 24.093292236328125,
            "adv_rd": 0.030501795932650566,
            "adv_col": 1.25,
            "Collision Metric": 0.0,
            "Time of Termination": -1.0,
            "Cumulative OOB": 0.0,
            "Time spent OOB": 0.0,
            "adv_collision": false,
            "iteration": 10
        },
        "11": {
            "Loss": 20.799962997436523,
            "ego_col": 23.926197052001953,
            "adv_rd": 0.03118825890123844,
            "adv_col": 1.25,
            "Collision Metric": 0.0,
            "Time of Termination": -1.0,
            "Cumulative OOB": 0.0,
            "Time spent OOB": 0.0,
            "adv_collision": false,
            "iteration": 11
        },
        "12": {
            "Loss": 20.635725021362305,
            "ego_col": 23.727182388305664,
            "adv_rd": 0.032927174121141434,
            "adv_col": 1.25,
            "Collision Metric": 0.0,
            "Time of Termination": -1.0,
            "Cumulative OOB": 0.0,
            "Time spent OOB": 0.0,
            "adv_collision": false,
            "iteration": 12
        },
        "13": {
            "Loss": 20.495763778686523,
            "ego_col": 23.519468307495117,
            "adv_rd": 0.03631480783224106,
            "adv_col": 1.25,
            "Collision Metric": 0.0,
            "Time of Termination": -1.0,
            "Cumulative OOB": 0.0,
            "Time spent OOB": 0.0,
            "adv_collision": false,
            "iteration": 13
        },
        "14": {
            "Loss": 20.364107131958008,
            "ego_col": 23.345096588134766,
            "adv_rd": 0.038450535386800766,
            "adv_col": 1.25,
            "Collision Metric": 0.0,
            "Time of Termination": -1.0,
            "Cumulative OOB": 0.0,
            "Time spent OOB": 0.0,
            "adv_collision": false,
            "iteration": 14
        },
        "15": {
            "Loss": 20.2303409576416,
            "ego_col": 23.21973419189453,
            "adv_rd": 0.038030292838811874,
            "adv_col": 1.25,
            "Collision Metric": 0.0,
            "Time of Termination": -1.0,
            "Cumulative OOB": 0.0,
            "Time spent OOB": 0.0,
            "adv_collision": false,
            "iteration": 15
        },
        "16": {
            "Loss": 20.08427619934082,
            "ego_col": 23.12256622314453,
            "adv_rd": 0.03558548167347908,
            "adv_col": 1.25,
            "Collision Metric": 0.0,
            "Time of Termination": -1.0,
            "Cumulative OOB": 0.0,
            "Time spent OOB": 0.0,
            "adv_collision": false,
            "iteration": 16
        },
        "17": {
            "Loss": 19.94706916809082,
            "ego_col": 23.017351150512695,
            "adv_rd": 0.03398587927222252,
            "adv_col": 1.25,
            "Collision Metric": 0.0,