{
    "meta_data": {
        "name": "RouteScenario_255",
        "index": 3,
        "town": "Town03",
        "Num_agents": 4
    },
    "is_terminated": true,
    "tot": 78,
    "adv_collision": false,
    "adv_rel_pos_at_collision": [
        0.5640116930007935,
        -0.8257668018341064
    ],
    "adv_rel_yaw_at_collision": 2.4685990810394287,
    "Loss": 25.334060668945312,
    "ego_col": 28.056324005126953,
    "adv_rd": 0.051386792212724686,
    "adv_col": 1.25,
    "Collision Metric": 1.0,
    "Time of Termination": 78.0,
    "Cumulative OOB": 0.0,
    "Time spent OOB": 0.0,
    "iteration": 39,
    "first_metrics": {
        "Loss": 25.334060668945312,
        "ego_col": 28.056324005126953,
        "adv_rd": 0.051386792212724686,
        "adv_col": 1.25,
        "Collision Metric": 1.0,
        "Collision Metric_scaled": 3.7324039936065674,
        "Collision Metric_thresholded": 1.0,
        "Time of Termination": 78.0,
        "Cumulative OOB": 0.0,
        "Time spent OOB": 0.0,
        "adv_collision": false,
        "iteration": 39
    },
    "all_iterations": {
        "0": {
            "Loss": 29.36548614501953,
            "ego_col": 31.058862686157227,
            "adv_rd": 0.1021781787276268,
            "adv_col": 1.245646357536316,
            "Collision Metric": 0.0,
            "Time of Termination": -1.0,
            "Cumulative OOB": 0.0,
            "Time spent OOB": 0.0,
            "adv_collision": false,
            "iteration": 0
        },
        "1": {
            "Loss": 32.28310775756836,
            "ego_col": 31.2652587890625,
            "adv_rd": 0.06435169279575348,
            "adv_col": 0.08972824364900589,
            "Collision Metric": 0.0,
            "Time of Termination": -1.0,
            "Cumulative OOB": 0.0,
            "Time spent OOB": 0.0,
            "adv_collision": true,
            "iteration": 1
        },
        "2": {
            "Loss": 29.00537109375,
            "ego_col": 30.889453887939453,
            "adv_rd": 0.0709407702088356,
            "adv_col": 1.100966453552246,
            "Collision Metric": 0.0,
            "Time of Termination": -1.0,
            "Cumulative OOB": 0.0,
            "Time spent OOB": 0.0,
            "adv_collision": false,
            "iteration": 2
        },
        "3": {
            "Loss": 30.94240951538086,
            "ego_col": 30.703954696655273,
            "adv_rd": 0.11025597900152206,
            "adv_col": 0.6555546522140503,
            "Collision Metric": 0.0,
            "Time of Termination": -1.0,
            "Cumulative OOB": 0.0,
            "Time spent OOB": 0.0,
            "adv_collision": false,
            "iteration": 3
        },
        "4": {
            "Loss": 30.942813873291016,
            "ego_col": 30.538061141967773,
            "adv_rd": 0.20773766934871674,
            "adv_col": 1.25,
            "Collision Metric": 0.0,
            "Time of Termination": -1.0,
            "Cumulative OOB": 0.0,
            "Time spent OOB": 0.0,
            "adv_collision": false,
            "iteration": 4
        },
        "5": {
            "Loss": 33.66040802001953,
            "ego_col": 32.594661712646484,
            "adv_rd": 0.24078722298145294,
            "adv_col": 1.25,
            "Collision Metric": 0.0,
            "Time of Termination": -1.0,
            "Cumulative OOB": 0.30000001192092896,
            "Time spent OOB": 0.30000001192092896,
            "adv_collision": false,
            "iteration": 5
        },
        "6": {
            "Loss": 33.02532196044922,
            "ego_col": 32.52518081665039,
            "adv_rd": 0.21250715851783752,
            "adv_col": 1.25,
            "Collision Metric": 0.0,
            "Time of Termination": -1.0,
            "Cumulative OOB": 0.30000001192092896,
            "Time spent OOB": 0.30000001192092896,
            "adv_collision": false,
            "iteration": 6
        },
        "7": {
            "Loss": 32.153480529785156,
            "ego_col": 32.2685546875,
            "adv_rd": 0.181746244430542,
            "adv_col": 1.25,
            "Collision Metric": 0.0,
            "Time of Termination": -1.0,
            "Cumulative OOB": 0.2874999940395355,
            "Time spent OOB": 0.2874999940395355,
            "adv_collision": false,
            "iteration": 7
        },
        "8": {
            "Loss": 30.31558609008789,
            "ego_col": 30.979206085205078,
            "adv_rd": 0.1543189436197281,
            "adv_col": 1.25,
            "Collision Metric": 0.0,
            "Time of Termination": -1.0,
            "Cumulative OOB": 0.20000000298023224,
            "Time spent OOB": 0.20000000298023224,
            "adv_collision": false,
            "iteration": 8
        },
        "9": {
            "Loss": 29.643051147460938,
            "ego_col": 30.799793243408203,
            "adv_rd": 0.11545399576425552,
            "adv_col": 1.155273675918579,
            "Collision Metric": 0.0,
            "Time of Termination": -1.0,
            "Cumulative OOB": 0.1875,
            "Time spent OOB": 0.1875,
            "adv_collision": false,
            "iteration": 9
        },
        "10": {
            "Loss": 28.95419692993164,
            "ego_col": 30.648649215698242,
            "adv_rd": 0.10277731716632843,
            "adv_col": 1.25,
            "Collision Metric": 0.0,
            "Time of Termination": -1.0,
            "Cumulative OOB": 0.17499999701976776,
            "Time spent OOB": 0.17499999701976776,
            "adv_collision": false,
            "iteration": 10
        },
        "11": {
            "Loss": 28.743846893310547,
            "ego_col": 30.49454116821289,
            "adv_rd": 0.09996526688337326,
            "adv_col": 1.25,
            "Collision Metric": 0.0,
            "Time of Termination": -1.0,
            "Cumulative OOB": 0.16250000894069672,
            "Time spent OOB": 0.16250000894069672,
            "adv_collision": false,
            "iteration": 11
        },
        "12": {
            "Loss": 28.370010375976562,
            "ego_col": 30.2354679107666,
            "adv_rd": 0.09422708302736282,
            "adv_col": 1.25,
            "Collision Metric": 0.0,
            "Time of Termination": -1.0,
            "Cumulative OOB": 0.13750000298023224,
            "Time spent OOB": 0.13750000298023224,
            "adv_collision": false,
            "iteration": 12
        },
        "13": {
            "Loss": 27.705703735351562,
            "ego_col": 29.85053825378418,
            "adv_rd": 0.08025822788476944,
            "adv_col": 1.25,
            "Collision Metric": 0.0,
            "Time of Termination": -1.0,
            "Cumulative OOB": 0.0,
            "Time spent OOB": 0.0,
            "adv_collision": false,
            "iteration": 13
        },
        "14": {
            "Loss": 27.483137130737305,
            "ego_col": 29.78676414489746,
            "adv_rd": 0.06936381757259369,
            "adv_col": 1.230300784111023,
            "Collision Metric": 0.0,
            "Time of Termination": -1.0,
            "Cumulative OOB": 0.0,
            "Time spent OOB": 0.0,
            "adv_collision": false,
            "iteration": 14
        },
        "15": {
            "Loss": 27.57144546508789,
            "ego_col": 29.75593376159668,
            "adv_rd": 0.07827556133270264,
            "adv_col": 1.25,
            "Collision Metric": 0.0,
            "Time of Termination": -1.0,
            "Cumulative OOB": 0.0,
            "Time spent OOB": 0.0,
            "adv_collision": false,
            "iteration": 15
        },
        "16": {
            "Loss": 27.69398307800293,
            "ego_col": 29.686187744140625,
            "adv_rd": 0.08788973093032837,
            "adv_col": 1.25,
            "Collision Metric": 0.0,
            "Time of Termination": -1.0,
            "Cumulative OOB": 0.0,
            "Time spent OOB": 0.0,