{
    "meta_data": {
        "name": "RouteScenario_605",
        "index": 3,
        "town": "Town05",
        "Num_agents": 4
    },
    "is_terminated": true,
    "tot": 51,
    "adv_collision": false,
    "adv_rel_pos_at_collision": [
        0.889144778251648,
        -0.4576260447502136
    ],
    "adv_rel_yaw_at_collision": 1.6469734907150269,
    "Loss": 18.813377380371094,
    "ego_col": 18.10976219177246,
    "adv_rd": 0.07409468293190002,
    "adv_col": 0.2594257891178131,
    "Collision Metric": 1.0,
    "Time of Termination": 51.0,
    "Cumulative OOB": 0.0,
    "Time spent OOB": 0.0,
    "iteration": 6,
    "first_metrics": {
        "Loss": 18.813377380371094,
        "ego_col": 18.10976219177246,
        "adv_rd": 0.07409468293190002,
        "adv_col": 0.2594257891178131,
        "Collision Metric": 1.0,
        "Collision Metric_scaled": 0.07966578006744385,
        "Collision Metric_thresholded": 0.0,
        "Time of Termination": 51.0,
        "Cumulative OOB": 0.0,
        "Time spent OOB": 0.0,
        "adv_collision": false,
        "iteration": 6
    },
    "all_iterations": {
        "0": {
            "Loss": 20.153148651123047,
            "ego_col": 22.74826431274414,
            "adv_rd": 0.05774418264627457,
            "adv_col": 1.25,
            "Collision Metric": 0.0,
            "Time of Termination": -1.0,
            "Cumulative OOB": 0.0,
            "Time spent OOB": 0.0,
            "adv_collision": false,
            "iteration": 0
        },
        "1": {
            "Loss": 22.125165939331055,
            "ego_col": 23.21964454650879,
            "adv_rd": 0.0325252003967762,
            "adv_col": 0.581660807132721,
            "Collision Metric": 0.0,
            "Time of Termination": -1.0,
            "Cumulative OOB": 0.0,
            "Time spent OOB": 0.0,
            "adv_collision": true,
            "iteration": 1
        },
        "2": {
            "Loss": 26.155654907226562,
            "ego_col": 25.584501266479492,
            "adv_rd": 0.03175755590200424,
            "adv_col": 0.021332137286663055,
            "Collision Metric": 0.0,
            "Time of Termination": -1.0,
            "Cumulative OOB": 0.0,
            "Time spent OOB": 0.0,
            "adv_collision": true,
            "iteration": 2
        },
        "3": {
            "Loss": 21.079593658447266,
            "ego_col": 20.485708236694336,
            "adv_rd": 0.03397722914814949,
            "adv_col": 0.028552744537591934,
            "Collision Metric": 0.0,
            "Time of Termination": -1.0,
            "Cumulative OOB": 0.0,
            "Time spent OOB": 0.0,
            "adv_collision": true,
            "iteration": 3
        },
        "4": {
            "Loss": 22.282981872558594,
            "ego_col": 21.37674903869629,
            "adv_rd": 0.04658137261867523,
            "adv_col": 0.008465002290904522,
            "Collision Metric": 0.0,
            "Time of Termination": -1.0,
            "Cumulative OOB": 0.0,
            "Time spent OOB": 0.0,
            "adv_collision": true,
            "iteration": 4
        },
        "5": {
            "Loss": 20.398923873901367,
            "ego_col": 18.866989135742188,
            "adv_rd": 0.11118874698877335,
            "adv_col": 0.23061279952526093,
            "Collision Metric": 0.0,
            "Time of Termination": -1.0,
            "Cumulative OOB": 0.2750000059604645,
            "Time spent OOB": 0.2750000059604645,
            "adv_collision": false,
            "iteration": 5
        },
        "6": {
            "Loss": 18.813377380371094,
            "ego_col": 18.10976219177246,
            "adv_rd": 0.07409468293190002,
            "adv_col": 0.2594257891178131,
            "Collision Metric": 1.0,
            "Time of Termination": 51.0,
            "Cumulative OOB": 0.0,
            "Time spent OOB": 0.0,
            "adv_collision": false,
            "iteration": 6
        },
        "7": {
            "Loss": 18.813377380371094,
            "ego_col": 18.10976219177246,
            "adv_rd": 0.07409468293190002,
            "adv_col": 0.2594257891178131,
            "Collision Metric": 1.0,
            "Time of Termination": 51.0,
            "Cumulative OOB": 0.0,
            "Time spent OOB": 0.0,
            "adv_collision": false,
            "iteration": 7
        },
        "8": {
            "Loss": 25.882034301757812,
            "ego_col": 29.5915470123291,
            "adv_rd": 0.0020243374165147543,
            "adv_col": 1.25,
            "Collision Metric": 0.0,
            "Time of Termination": -1.0,
            "Cumulative OOB": 0.0,
            "Time spent OOB": 0.0,
            "adv_collision": false,
            "iteration": 8
        },
        "9": {
            "Loss": 25.516557693481445,
            "ego_col": 29.2143611907959,
            "adv_rd": 0.0026098121888935566,
            "adv_col": 1.25,
            "Collision Metric": 0.0,
            "Time of Termination": -1.0,
            "Cumulative OOB": 0.0,
            "Time spent OOB": 0.0,
            "adv_collision": false,
            "iteration": 9
        },
        "10": {
            "Loss": 25.20427894592285,
            "ego_col": 28.828983306884766,
            "adv_rd": 0.006264792289584875,
            "adv_col": 1.25,
            "Collision Metric": 0.0,
            "Time of Termination": -1.0,
            "Cumulative OOB": 0.0,
            "Time spent OOB": 0.0,
            "adv_collision": false,
            "iteration": 10
        },
        "11": {
            "Loss": 24.907373428344727,
            "ego_col": 28.501623153686523,
            "adv_rd": 0.00778748095035553,
            "adv_col": 1.25,
            "Collision Metric": 0.0,
            "Time of Termination": -1.0,
            "Cumulative OOB": 0.0,
            "Time spent OOB": 0.0,
            "adv_collision": false,
            "iteration": 11
        },
        "12": {
            "Loss": 24.54497528076172,
            "ego_col": 28.198949813842773,
            "adv_rd": 0.004801248200237751,
            "adv_col": 1.25,
            "Collision Metric": 0.0,
            "Time of Termination": -1.0,
            "Cumulative OOB": 0.0,
            "Time spent OOB": 0.0,
            "adv_collision": false,
            "iteration": 12
        },
        "13": {
            "Loss": 24.25203514099121,
            "ego_col": 27.896230697631836,
            "adv_rd": 0.005290204659104347,
            "adv_col": 1.25,
            "Collision Metric": 0.0,
            "Time of Termination": -1.0,
            "Cumulative OOB": 0.0,
            "Time spent OOB": 0.0,
            "adv_collision": false,
            "iteration": 13
        },
        "14": {
            "Loss": 23.977575302124023,
            "ego_col": 27.573490142822266,
            "adv_rd": 0.0077042714692652225,
            "adv_col": 1.25,
            "Collision Metric": 0.0,
            "Time of Termination": -1.0,
            "Cumulative OOB": 0.0,
            "Time spent OOB": 0.0,
            "adv_collision": false,
            "iteration": 14
        },
        "15": {
            "Loss": 23.68688201904297,
            "ego_col": 27.21296501159668,
            "adv_rd": 0.01119587104767561,
            "adv_col": 1.25,
            "Collision Metric": 0.0,
            "Time of Termination": -1.0,
            "Cumulative OOB": 0.0,
            "Time spent OOB": 0.0,
            "adv_collision": false,
            "iteration": 15
        },
        "16": {
            "Loss": 23.538511276245117,
            "ego_col": 26.97202491760254,
            "adv_rd": 0.01582430861890316,
            "adv_col": 1.25,
            "Collision Metric": 0.0,
            "Time of Termination": -1.0,
            "Cumulative OOB": 0.0,
            "Time spent OOB": 0.0,
            "adv_collision": false,
            "iteration": 16
        },
        "17": {
            "Loss": 23.228227615356445,