{
    "meta_data": {
        "name": "RouteScenario_757",
        "index": 5,
        "town": "Town06",
        "Num_agents": 4
    },
    "is_terminated": true,
    "tot": 74,
    "adv_collision": false,
    "adv_rel_pos_at_collision": [
        0.011842860840260983,
        -0.9999298453330994
    ],
    "adv_rel_yaw_at_collision": 0.5645439624786377,
    "Loss": 9.747633934020996,
    "ego_col": 1.9215549230575562,
    "adv_rd": 0.4908512532711029,
    "adv_col": 0.6636486053466797,
    "Collision Metric": 1.0,
    "Time of Termination": 74.0,
    "Cumulative OOB": 0.0,
    "Time spent OOB": 0.0,
    "iteration": 2,
    "first_metrics": {
        "Loss": 9.747633934020996,
        "ego_col": 1.9215549230575562,
        "adv_rd": 0.4908512532711029,
        "adv_col": 0.6636486053466797,
        "Collision Metric": 1.0,
        "Collision Metric_scaled": 2.421312093734741,
        "Collision Metric_thresholded": 1.0,
        "Time of Termination": 74.0,
        "Cumulative OOB": 0.0,
        "Time spent OOB": 0.0,
        "adv_collision": false,
        "iteration": 2
    },
    "all_iterations": {
        "0": {
            "Loss": 14.298279762268066,
            "ego_col": 2.375875949859619,
            "adv_rd": 0.6946516633033752,
            "adv_col": 0.6568764448165894,
            "Collision Metric": 0.0,
            "Time of Termination": -1.0,
            "Cumulative OOB": 0.4000000059604645,
            "Time spent OOB": 0.4000000059604645,
            "adv_collision": false,
            "iteration": 0
        },
        "1": {
            "Loss": 12.137801170349121,
            "ego_col": 2.706259250640869,
            "adv_rd": 0.5708085894584656,
            "adv_col": 0.6615431904792786,
            "Collision Metric": 0.0,
            "Time of Termination": -1.0,
            "Cumulative OOB": 0.15000000596046448,
            "Time spent OOB": 0.15000000596046448,
            "adv_collision": false,
            "iteration": 1
        },
        "2": {
            "Loss": 9.747633934020996,
            "ego_col": 1.9215549230575562,
            "adv_rd": 0.4908512532711029,
            "adv_col": 0.6636486053466797,
            "Collision Metric": 1.0,
            "Time of Termination": 74.0,
            "Cumulative OOB": 0.0,
            "Time spent OOB": 0.0,
            "adv_collision": false,
            "iteration": 2
        },
        "3": {
            "Loss": 9.747633934020996,
            "ego_col": 1.9215549230575562,
            "adv_rd": 0.4908512532711029,
            "adv_col": 0.6636486053466797,
            "Collision Metric": 1.0,
            "Time of Termination": 74.0,
            "Cumulative OOB": 0.0,
            "Time spent OOB": 0.0,
            "adv_collision": false,
            "iteration": 3
        },
        "4": {
            "Loss": 15.066832542419434,
            "ego_col": 8.92000961303711,
            "adv_rd": 0.4043336808681488,
            "adv_col": 0.6466169953346252,
            "Collision Metric": 0.0,
            "Time of Termination": -1.0,
            "Cumulative OOB": 0.42500001192092896,
            "Time spent OOB": 0.42500001192092896,
            "adv_collision": false,
            "iteration": 4
        },
        "5": {
            "Loss": 14.171477317810059,
            "ego_col": 7.966696262359619,
            "adv_rd": 0.40729185938835144,
            "adv_col": 0.6470187902450562,
            "Collision Metric": 0.0,
            "Time of Termination": -1.0,
            "Cumulative OOB": 0.42500001192092896,
            "Time spent OOB": 0.42500001192092896,
            "adv_collision": false,
            "iteration": 5
        },
        "6": {
            "Loss": 13.225296974182129,
            "ego_col": 6.5663065910339355,
            "adv_rd": 0.4300864636898041,
            "adv_col": 0.6475796103477478,
            "Collision Metric": 0.0,
            "Time of Termination": -1.0,
            "Cumulative OOB": 0.375,
            "Time spent OOB": 0.375,
            "adv_collision": false,
            "iteration": 6
        },
        "7": {
            "Loss": 11.532715797424316,
            "ego_col": 5.751328468322754,
            "adv_rd": 0.2931520938873291,
            "adv_col": 0.027218326926231384,
            "Collision Metric": 0.0,
            "Time of Termination": -1.0,
            "Cumulative OOB": 0.0,
            "Time spent OOB": 0.0,
            "adv_collision": true,
            "iteration": 7
        },
        "8": {
            "Loss": 8.211912155151367,
            "ego_col": 4.593629837036133,
            "adv_rd": 0.2782323360443115,
            "adv_col": 0.6487880349159241,
            "Collision Metric": 0.0,
            "Time of Termination": -1.0,
            "Cumulative OOB": 0.0,
            "Time spent OOB": 0.0,
            "adv_collision": false,
            "iteration": 8
        },
        "9": {
            "Loss": 7.3774800300598145,
            "ego_col": 3.849271535873413,
            "adv_rd": 0.2738195061683655,
            "adv_col": 0.6493939161300659,
            "Collision Metric": 0.0,
            "Time of Termination": -1.0,
            "Cumulative OOB": 0.0,
            "Time spent OOB": 0.0,
            "adv_collision": false,
            "iteration": 9
        },
        "10": {
            "Loss": 6.663424491882324,
            "ego_col": 3.151136875152588,
            "adv_rd": 0.2730853259563446,
            "adv_col": 0.6498063206672668,
            "Collision Metric": 0.0,
            "Time of Termination": -1.0,
            "Cumulative OOB": 0.0,
            "Time spent OOB": 0.0,
            "adv_collision": false,
            "iteration": 10
        },
        "11": {
            "Loss": 6.317691802978516,
            "ego_col": 2.750558614730835,
            "adv_rd": 0.2758769392967224,
            "adv_col": 0.650135338306427,
            "Collision Metric": 0.0,
            "Time of Termination": -1.0,
            "Cumulative OOB": 0.0,
            "Time spent OOB": 0.0,
            "adv_collision": false,
            "iteration": 11
        },
        "12": {
            "Loss": 6.07724666595459,
            "ego_col": 2.460279941558838,
            "adv_rd": 0.27841973304748535,
            "adv_col": 0.6504762172698975,
            "Collision Metric": 0.0,
            "Time of Termination": -1.0,
            "Cumulative OOB": 0.0,
            "Time spent OOB": 0.0,
            "adv_collision": false,
            "iteration": 12
        },
        "13": {
            "Loss": 6.146130561828613,
            "ego_col": 2.5214314460754395,
            "adv_rd": 0.2788535952568054,
            "adv_col": 0.6507909297943115,
            "Collision Metric": 0.0,
            "Time of Termination": -1.0,
            "Cumulative OOB": 0.0,
            "Time spent OOB": 0.0,
            "adv_collision": false,
            "iteration": 13
        },
        "14": {
            "Loss": 5.888314723968506,
            "ego_col": 2.289415121078491,
            "adv_rd": 0.27761030197143555,
            "adv_col": 0.6511021852493286,
            "Collision Metric": 0.0,
            "Time of Termination": -1.0,
            "Cumulative OOB": 0.0,
            "Time spent OOB": 0.0,
            "adv_collision": false,
            "iteration": 14
        },
        "15": {
            "Loss": 5.730990886688232,
            "ego_col": 2.185014486312866,
            "adv_rd": 0.27501747012138367,
            "adv_col": 0.6514576077461243,
            "Collision Metric": 0.0,
            "Time of Termination": -1.0,
            "Cumulative OOB": 0.0,
            "Time spent OOB": 0.0,
            "adv_collision": false,
            "iteration": 15
        },
        "16": {
            "Loss": 5.641183853149414,
            "ego_col": 2.1711618900299072,
            "adv_rd": 0.27126920223236084,
            "adv_col": 0.6517873406410217,
            "Collision Metric": 0.0,
            "Time of Termination": -1.0,