{
    "meta_data": {
        "name": "RouteScenario_573",
        "index": 1,
        "town": "Town05",
        "Num_agents": 4
    },
    "is_terminated": true,
    "tot": 54,
    "adv_collision": false,
    "adv_rel_pos_at_collision": [
        0.9976161122322083,
        0.0690077543258667
    ],
    "adv_rel_yaw_at_collision": -2.1706368923187256,
    "Loss": 11.931024551391602,
    "ego_col": 13.891481399536133,
    "adv_rd": 0.08947717398405075,
    "adv_col": 1.25,
    "Collision Metric": 1.0,
    "Time of Termination": 54.0,
    "Cumulative OOB": 0.0,
    "Time spent OOB": 0.0,
    "iteration": 14,
    "first_metrics": {
        "Loss": 11.931024551391602,
        "ego_col": 13.891481399536133,
        "adv_rd": 0.08947717398405075,
        "adv_col": 1.25,
        "Collision Metric": 1.0,
        "Collision Metric_scaled": 2.6233625249005854e-05,
        "Collision Metric_thresholded": 0.0,
        "Time of Termination": 54.0,
        "Cumulative OOB": 0.0,
        "Time spent OOB": 0.0,
        "adv_collision": false,
        "iteration": 14
    },
    "all_iterations": {
        "0": {
            "Loss": 15.642110824584961,
            "ego_col": 19.16843032836914,
            "adv_rd": 0.01118401624262333,
            "adv_col": 1.25,
            "Collision Metric": 0.0,
            "Time of Termination": -1.0,
            "Cumulative OOB": 0.0,
            "Time spent OOB": 0.0,
            "adv_collision": false,
            "iteration": 0
        },
        "1": {
            "Loss": 15.182022094726562,
            "ego_col": 18.825775146484375,
            "adv_rd": 0.005312393885105848,
            "adv_col": 1.25,
            "Collision Metric": 0.0,
            "Time of Termination": -1.0,
            "Cumulative OOB": 0.0,
            "Time spent OOB": 0.0,
            "adv_collision": false,
            "iteration": 1
        },
        "2": {
            "Loss": 14.495187759399414,
            "ego_col": 18.162994384765625,
            "adv_rd": 0.004109695553779602,
            "adv_col": 1.25,
            "Collision Metric": 0.0,
            "Time of Termination": -1.0,
            "Cumulative OOB": 0.0,
            "Time spent OOB": 0.0,
            "adv_collision": false,
            "iteration": 2
        },
        "3": {
            "Loss": 14.232969284057617,
            "ego_col": 17.91666603088379,
            "adv_rd": 0.003315161680802703,
            "adv_col": 1.25,
            "Collision Metric": 0.0,
            "Time of Termination": -1.0,
            "Cumulative OOB": 0.0,
            "Time spent OOB": 0.0,
            "adv_collision": false,
            "iteration": 3
        },
        "4": {
            "Loss": 13.944536209106445,
            "ego_col": 17.63541030883789,
            "adv_rd": 0.0029562655836343765,
            "adv_col": 1.25,
            "Collision Metric": 0.0,
            "Time of Termination": -1.0,
            "Cumulative OOB": 0.0,
            "Time spent OOB": 0.0,
            "adv_collision": false,
            "iteration": 4
        },
        "5": {
            "Loss": 13.552162170410156,
            "ego_col": 17.236968994140625,
            "adv_rd": 0.0032596909441053867,
            "adv_col": 1.25,
            "Collision Metric": 0.0,
            "Time of Termination": -1.0,
            "Cumulative OOB": 0.0,
            "Time spent OOB": 0.0,
            "adv_collision": false,
            "iteration": 5
        },
        "6": {
            "Loss": 13.295372009277344,
            "ego_col": 16.94991111755371,
            "adv_rd": 0.0047730314545333385,
            "adv_col": 1.25,
            "Collision Metric": 0.0,
            "Time of Termination": -1.0,
            "Cumulative OOB": 0.03750000149011612,
            "Time spent OOB": 0.03750000149011612,
            "adv_collision": false,
            "iteration": 6
        },
        "7": {
            "Loss": 12.95728874206543,
            "ego_col": 16.532649993896484,
            "adv_rd": 0.0087319016456604,
            "adv_col": 1.25,
            "Collision Metric": 0.0,
            "Time of Termination": -1.0,
            "Cumulative OOB": 0.05000000074505806,
            "Time spent OOB": 0.05000000074505806,
            "adv_collision": false,
            "iteration": 7
        },
        "8": {
            "Loss": 12.695241928100586,
            "ego_col": 16.11157989501953,
            "adv_rd": 0.01668309047818184,
            "adv_col": 1.25,
            "Collision Metric": 0.0,
            "Time of Termination": -1.0,
            "Cumulative OOB": 0.05000000074505806,
            "Time spent OOB": 0.05000000074505806,
            "adv_collision": false,
            "iteration": 8
        },
        "9": {
            "Loss": 12.650487899780273,
            "ego_col": 15.954835891723633,
            "adv_rd": 0.022282637655735016,
            "adv_col": 1.25,
            "Collision Metric": 0.0,
            "Time of Termination": -1.0,
            "Cumulative OOB": 0.05000000074505806,
            "Time spent OOB": 0.05000000074505806,
            "adv_collision": false,
            "iteration": 9
        },
        "10": {
            "Loss": 12.780242919921875,
            "ego_col": 15.697955131530762,
            "adv_rd": 0.019713107496500015,
            "adv_col": 1.1039913892745972,
            "Collision Metric": 0.0,
            "Time of Termination": -1.0,
            "Cumulative OOB": 0.05000000074505806,
            "Time spent OOB": 0.05000000074505806,
            "adv_collision": false,
            "iteration": 10
        },
        "11": {
            "Loss": 12.13714599609375,
            "ego_col": 15.382102012634277,
            "adv_rd": 0.02525218203663826,
            "adv_col": 1.25,
            "Collision Metric": 0.0,
            "Time of Termination": -1.0,
            "Cumulative OOB": 0.03750000149011612,
            "Time spent OOB": 0.03750000149011612,
            "adv_collision": false,
            "iteration": 11
        },
        "12": {
            "Loss": 11.926626205444336,
            "ego_col": 14.943148612976074,
            "adv_rd": 0.03667386248707771,
            "adv_col": 1.25,
            "Collision Metric": 0.0,
            "Time of Termination": -1.0,
            "Cumulative OOB": 0.02500000037252903,
            "Time spent OOB": 0.02500000037252903,
            "adv_collision": false,
            "iteration": 12
        },
        "13": {
            "Loss": 11.91120719909668,
            "ego_col": 14.589299201965332,
            "adv_rd": 0.05359539017081261,
            "adv_col": 1.25,
            "Collision Metric": 0.0,
            "Time of Termination": -1.0,
            "Cumulative OOB": 0.02500000037252903,
            "Time spent OOB": 0.02500000037252903,
            "adv_collision": false,
            "iteration": 13
        },
        "14": {
            "Loss": 11.931024551391602,
            "ego_col": 13.891481399536133,
            "adv_rd": 0.08947717398405075,
            "adv_col": 1.25,
            "Collision Metric": 1.0,
            "Time of Termination": 54.0,
            "Cumulative OOB": 0.0,
            "Time spent OOB": 0.0,
            "adv_collision": false,
            "iteration": 14
        },
        "15": {
            "Loss": 11.931024551391602,
            "ego_col": 13.891481399536133,
            "adv_rd": 0.08947717398405075,
            "adv_col": 1.25,
            "Collision Metric": 1.0,
            "Time of Termination": 54.0,
            "Cumulative OOB": 0.0,
            "Time spent OOB": 0.0,
            "adv_collision": false,
            "iteration": 15
        }
    }
}