{
    "meta_data": {
        "name": "RouteScenario_442",
        "index": 0,
        "town": "Town04",
        "Num_agents": 4
    },
    "is_terminated": true,
    "tot": 20,
    "adv_collision": false,
    "adv_rel_pos_at_collision": [
        0.0879022628068924,
        -0.9961291551589966
    ],
    "adv_rel_yaw_at_collision": 2.9576709270477295,
    "Loss": -0.4706146717071533,
    "ego_col": 2.3316571712493896,
    "adv_rd": 0.04738640785217285,
    "adv_col": 1.25,
    "Collision Metric": 1.0,
    "Time of Termination": 20.0,
    "Cumulative OOB": 0.0,
    "Time spent OOB": 0.0,
    "iteration": 35,
    "first_metrics": {
        "Loss": -0.4706146717071533,
        "ego_col": 2.3316571712493896,
        "adv_rd": 0.04738640785217285,
        "adv_col": 1.25,
        "Collision Metric": 1.0,
        "Collision Metric_scaled": 2.5124599933624268,
        "Collision Metric_thresholded": 1.0,
        "Time of Termination": 20.0,
        "Cumulative OOB": 0.0,
        "Time spent OOB": 0.0,
        "adv_collision": false,
        "iteration": 35
    },
    "all_iterations": {
        "0": {
            "Loss": 20.174610137939453,
            "ego_col": 21.83365249633789,
            "adv_rd": 0.104547880589962,
            "adv_col": 1.25,
            "Collision Metric": 0.0,
            "Time of Termination": -1.0,
            "Cumulative OOB": 0.0,
            "Time spent OOB": 0.0,
            "adv_collision": false,
            "iteration": 0
        },
        "1": {
            "Loss": 27.51041030883789,
            "ego_col": 26.4835205078125,
            "adv_rd": 0.0522928349673748,
            "adv_col": 0.006322462111711502,
            "Collision Metric": 0.0,
            "Time of Termination": -1.0,
            "Cumulative OOB": 0.0,
            "Time spent OOB": 0.0,
            "adv_collision": true,
            "iteration": 1
        },
        "2": {
            "Loss": 29.927995681762695,
            "ego_col": 29.009321212768555,
            "adv_rd": 0.05394928529858589,
            "adv_col": 0.05343664065003395,
            "Collision Metric": 0.0,
            "Time of Termination": -1.0,
            "Cumulative OOB": 0.0,
            "Time spent OOB": 0.0,
            "adv_collision": true,
            "iteration": 2
        },
        "3": {
            "Loss": 29.30004119873047,
            "ego_col": 28.189823150634766,
            "adv_rd": 0.06663887947797775,
            "adv_col": 0.07418625056743622,
            "Collision Metric": 0.0,
            "Time of Termination": -1.0,
            "Cumulative OOB": 0.0,
            "Time spent OOB": 0.0,
            "adv_collision": true,
            "iteration": 3
        },
        "4": {
            "Loss": 27.993322372436523,
            "ego_col": 26.58333396911621,
            "adv_rd": 0.07671831548213959,
            "adv_col": 0.04145938903093338,
            "Collision Metric": 0.0,
            "Time of Termination": -1.0,
            "Cumulative OOB": 0.0,
            "Time spent OOB": 0.0,
            "adv_collision": true,
            "iteration": 4
        },
        "5": {
            "Loss": 26.82440185546875,
            "ego_col": 25.703439712524414,
            "adv_rd": 0.07284484058618546,
            "adv_col": 0.11197766661643982,
            "Collision Metric": 0.0,
            "Time of Termination": -1.0,
            "Cumulative OOB": 0.0,
            "Time spent OOB": 0.0,
            "adv_collision": true,
            "iteration": 5
        },
        "6": {
            "Loss": 25.51632308959961,
            "ego_col": 24.835004806518555,
            "adv_rd": 0.06390709429979324,
            "adv_col": 0.19894075393676758,
            "Collision Metric": 0.0,
            "Time of Termination": -1.0,
            "Cumulative OOB": 0.0,
            "Time spent OOB": 0.0,
            "adv_collision": true,
            "iteration": 6
        },
        "7": {
            "Loss": 24.385343551635742,
            "ego_col": 23.977872848510742,
            "adv_rd": 0.06537053734064102,
            "adv_col": 0.29997989535331726,
            "Collision Metric": 0.0,
            "Time of Termination": -1.0,
            "Cumulative OOB": 0.0,
            "Time spent OOB": 0.0,
            "adv_collision": true,
            "iteration": 7
        },
        "8": {
            "Loss": 23.487319946289062,
            "ego_col": 23.11111831665039,
            "adv_rd": 0.06526800990104675,
            "adv_col": 0.30971962213516235,
            "Collision Metric": 0.0,
            "Time of Termination": -1.0,
            "Cumulative OOB": 0.0,
            "Time spent OOB": 0.0,
            "adv_collision": true,
            "iteration": 8
        },
        "9": {
            "Loss": 23.062793731689453,
            "ego_col": 22.272504806518555,
            "adv_rd": 0.05274694785475731,
            "adv_col": 0.08821696788072586,
            "Collision Metric": 0.0,
            "Time of Termination": -1.0,
            "Cumulative OOB": 0.0,
            "Time spent OOB": 0.0,
            "adv_collision": true,
            "iteration": 9
        },
        "10": {
            "Loss": 21.847305297851562,
            "ego_col": 21.424196243286133,
            "adv_rd": 0.04907342419028282,
            "adv_col": 0.1861199140548706,
            "Collision Metric": 0.0,
            "Time of Termination": -1.0,
            "Cumulative OOB": 0.0,
            "Time spent OOB": 0.0,
            "adv_collision": true,
            "iteration": 10
        },
        "11": {
            "Loss": 20.93720245361328,
            "ego_col": 20.622045516967773,
            "adv_rd": 0.04937677085399628,
            "adv_col": 0.22412645816802979,
            "Collision Metric": 0.0,
            "Time of Termination": -1.0,
            "Cumulative OOB": 0.0,
            "Time spent OOB": 0.0,
            "adv_collision": true,
            "iteration": 11
        },
        "12": {
            "Loss": 19.83953285217285,
            "ego_col": 19.795032501220703,
            "adv_rd": 0.055112481117248535,
            "adv_col": 0.3525829017162323,
            "Collision Metric": 0.0,
            "Time of Termination": -1.0,
            "Cumulative OOB": 0.0,
            "Time spent OOB": 0.0,
            "adv_collision": true,
            "iteration": 12
        },
        "13": {
            "Loss": 19.26996612548828,
            "ego_col": 18.94502830505371,
            "adv_rd": 0.05333118513226509,
            "adv_col": 0.24722839891910553,
            "Collision Metric": 0.0,
            "Time of Termination": -1.0,
            "Cumulative OOB": 0.0,
            "Time spent OOB": 0.0,
            "adv_collision": true,
            "iteration": 13
        },
        "14": {
            "Loss": 18.22545051574707,
            "ego_col": 18.089221954345703,
            "adv_rd": 0.05348247289657593,
            "adv_col": 0.311139851808548,
            "Collision Metric": 0.0,
            "Time of Termination": -1.0,
            "Cumulative OOB": 0.0,
            "Time spent OOB": 0.0,
            "adv_collision": true,
            "iteration": 14
        },
        "15": {
            "Loss": 17.942596435546875,
            "ego_col": 17.213970184326172,
            "adv_rd": 0.05164007097482681,
            "adv_col": 0.10139158368110657,
            "Collision Metric": 0.0,
            "Time of Termination": -1.0,
            "Cumulative OOB": 0.0,
            "Time spent OOB": 0.0,
            "adv_collision": true,
            "iteration": 15
        },
        "16": {
            "Loss": 17.31974983215332,
            "ego_col": 16.397445678710938,
            "adv_rd": 0.051345717161893845,
            "adv_col": 0.034870389848947525,
            "Collision Metric": 0.0,
            "Time of Termination": -1.0,
            "Cumulative OOB": 0.0,
            "Time spent OOB": 0.0,
            "adv_collision": true,
            "iteration": 16
        },