{
    "meta_data": {
        "name": "RouteScenario_603",
        "index": 1,
        "town": "Town05",
        "Num_agents": 4
    },
    "is_terminated": true,
    "tot": 79,
    "adv_collision": false,
    "adv_rel_pos_at_collision": [
        0.8919224739074707,
        0.45218831300735474
    ],
    "adv_rel_yaw_at_collision": -2.9922194480895996,
    "Loss": 22.868772506713867,
    "ego_col": 26.15492057800293,
    "adv_rd": 0.02319255843758583,
    "adv_col": 1.25,
    "Collision Metric": 1.0,
    "Time of Termination": 79.0,
    "Cumulative OOB": 0.0,
    "Time spent OOB": 0.0,
    "iteration": 18,
    "first_metrics": {
        "Loss": 22.868772506713867,
        "ego_col": 26.15492057800293,
        "adv_rd": 0.02319255843758583,
        "adv_col": 1.25,
        "Collision Metric": 1.0,
        "Collision Metric_scaled": 2.8873770236968994,
        "Collision Metric_thresholded": 1.0,
        "Time of Termination": 79.0,
        "Cumulative OOB": 0.0,
        "Time spent OOB": 0.0,
        "adv_collision": false,
        "iteration": 18
    },
    "all_iterations": {
        "0": {
            "Loss": 30.36444091796875,
            "ego_col": 34.1143913269043,
            "adv_rd": 2.426404307698249e-06,
            "adv_col": 1.25,
            "Collision Metric": 0.0,
            "Time of Termination": -1.0,
            "Cumulative OOB": 0.0,
            "Time spent OOB": 0.0,
            "adv_collision": false,
            "iteration": 0
        },
        "1": {
            "Loss": 29.633769989013672,
            "ego_col": 33.383724212646484,
            "adv_rd": 2.3025918380881194e-06,
            "adv_col": 1.25,
            "Collision Metric": 0.0,
            "Time of Termination": -1.0,
            "Cumulative OOB": 0.0,
            "Time spent OOB": 0.0,
            "adv_collision": false,
            "iteration": 1
        },
        "2": {
            "Loss": 28.003154754638672,
            "ego_col": 31.734634399414062,
            "adv_rd": 0.0009259979124180973,
            "adv_col": 1.25,
            "Collision Metric": 0.0,
            "Time of Termination": -1.0,
            "Cumulative OOB": 0.0,
            "Time spent OOB": 0.0,
            "adv_collision": false,
            "iteration": 2
        },
        "3": {
            "Loss": 27.492942810058594,
            "ego_col": 30.987096786499023,
            "adv_rd": 0.012792293913662434,
            "adv_col": 1.25,
            "Collision Metric": 0.0,
            "Time of Termination": -1.0,
            "Cumulative OOB": 0.02500000037252903,
            "Time spent OOB": 0.02500000037252903,
            "adv_collision": false,
            "iteration": 3
        },
        "4": {
            "Loss": 26.556093215942383,
            "ego_col": 29.368738174438477,
            "adv_rd": 0.016788814216852188,
            "adv_col": 1.0494734048843384,
            "Collision Metric": 0.0,
            "Time of Termination": -1.0,
            "Cumulative OOB": 0.03750000149011612,
            "Time spent OOB": 0.03750000149011612,
            "adv_collision": false,
            "iteration": 4
        },
        "5": {
            "Loss": 26.21190071105957,
            "ego_col": 29.83660316467285,
            "adv_rd": 0.006264859344810247,
            "adv_col": 1.25,
            "Collision Metric": 0.0,
            "Time of Termination": -1.0,
            "Cumulative OOB": 0.0,
            "Time spent OOB": 0.0,
            "adv_collision": false,
            "iteration": 5
        },
        "6": {
            "Loss": 26.469810485839844,
            "ego_col": 30.148359298706055,
            "adv_rd": 0.003572581335902214,
            "adv_col": 1.25,
            "Collision Metric": 0.0,
            "Time of Termination": -1.0,
            "Cumulative OOB": 0.0,
            "Time spent OOB": 0.0,
            "adv_collision": false,
            "iteration": 6
        },
        "7": {
            "Loss": 26.229307174682617,
            "ego_col": 29.914838790893555,
            "adv_rd": 0.003223391016945243,
            "adv_col": 1.25,
            "Collision Metric": 0.0,
            "Time of Termination": -1.0,
            "Cumulative OOB": 0.0,
            "Time spent OOB": 0.0,
            "adv_collision": false,
            "iteration": 7
        },
        "8": {
            "Loss": 25.882034301757812,
            "ego_col": 29.5915470123291,
            "adv_rd": 0.0020243374165147543,
            "adv_col": 1.25,
            "Collision Metric": 0.0,
            "Time of Termination": -1.0,
            "Cumulative OOB": 0.0,
            "Time spent OOB": 0.0,
            "adv_collision": false,
            "iteration": 8
        },
        "9": {
            "Loss": 25.516557693481445,
            "ego_col": 29.2143611907959,
            "adv_rd": 0.0026098121888935566,
            "adv_col": 1.25,
            "Collision Metric": 0.0,
            "Time of Termination": -1.0,
            "Cumulative OOB": 0.0,
            "Time spent OOB": 0.0,
            "adv_collision": false,
            "iteration": 9
        },
        "10": {
            "Loss": 25.20427894592285,
            "ego_col": 28.828983306884766,
            "adv_rd": 0.006264792289584875,
            "adv_col": 1.25,
            "Collision Metric": 0.0,
            "Time of Termination": -1.0,
            "Cumulative OOB": 0.0,
            "Time spent OOB": 0.0,
            "adv_collision": false,
            "iteration": 10
        },
        "11": {
            "Loss": 24.907373428344727,
            "ego_col": 28.501623153686523,
            "adv_rd": 0.00778748095035553,
            "adv_col": 1.25,
            "Collision Metric": 0.0,
            "Time of Termination": -1.0,
            "Cumulative OOB": 0.0,
            "Time spent OOB": 0.0,
            "adv_collision": false,
            "iteration": 11
        },
        "12": {
            "Loss": 24.54497528076172,
            "ego_col": 28.198949813842773,
            "adv_rd": 0.004801248200237751,
            "adv_col": 1.25,
            "Collision Metric": 0.0,
            "Time of Termination": -1.0,
            "Cumulative OOB": 0.0,
            "Time spent OOB": 0.0,
            "adv_collision": false,
            "iteration": 12
        },
        "13": {
            "Loss": 24.25203514099121,
            "ego_col": 27.896230697631836,
            "adv_rd": 0.005290204659104347,
            "adv_col": 1.25,
            "Collision Metric": 0.0,
            "Time of Termination": -1.0,
            "Cumulative OOB": 0.0,
            "Time spent OOB": 0.0,
            "adv_collision": false,
            "iteration": 13
        },
        "14": {
            "Loss": 23.977575302124023,
            "ego_col": 27.573490142822266,
            "adv_rd": 0.0077042714692652225,
            "adv_col": 1.25,
            "Collision Metric": 0.0,
            "Time of Termination": -1.0,
            "Cumulative OOB": 0.0,
            "Time spent OOB": 0.0,
            "adv_collision": false,
            "iteration": 14
        },
        "15": {
            "Loss": 23.68688201904297,
            "ego_col": 27.21296501159668,
            "adv_rd": 0.01119587104767561,
            "adv_col": 1.25,
            "Collision Metric": 0.0,
            "Time of Termination": -1.0,
            "Cumulative OOB": 0.0,
            "Time spent OOB": 0.0,
            "adv_collision": false,
            "iteration": 15
        },
        "16": {
            "Loss": 23.538511276245117,
            "ego_col": 26.97202491760254,
            "adv_rd": 0.01582430861890316,
            "adv_col": 1.25,
            "Collision Metric": 0.0,
            "Time of Termination": -1.0,
            "Cumulative OOB": 0.0,
            "Time spent OOB": 0.0,
            "adv_collision": false,
            "iteration": 16
        },
        "17": {
            "Loss": 23.228227615356445,
            "ego_col": 26.581106185913086,
            "adv_rd": 0.019856031984090805,