{
    "meta_data": {
        "name": "RouteScenario_222",
        "index": 0,
        "town": "Town03",
        "Num_agents": 4
    },
    "is_terminated": true,
    "tot": 79,
    "adv_collision": false,
    "adv_rel_pos_at_collision": [
        0.2979893386363983,
        0.9545692205429077
    ],
    "adv_rel_yaw_at_collision": -1.7478991746902466,
    "Loss": 22.300025939941406,
    "ego_col": 24.598350524902344,
    "adv_rd": 0.07258373498916626,
    "adv_col": 1.25,
    "Collision Metric": 1.0,
    "Time of Termination": 79.0,
    "Cumulative OOB": 0.0,
    "Time spent OOB": 0.0,
    "iteration": 23,
    "first_metrics": {
        "Loss": 22.300025939941406,
        "ego_col": 24.598350524902344,
        "adv_rd": 0.07258373498916626,
        "adv_col": 1.25,
        "Collision Metric": 1.0,
        "Collision Metric_scaled": 4.269286155700684,
        "Collision Metric_thresholded": 1.0,
        "Time of Termination": 79.0,
        "Cumulative OOB": 0.0,
        "Time spent OOB": 0.0,
        "adv_collision": false,
        "iteration": 23
    },
    "all_iterations": {
        "0": {
            "Loss": 25.794803619384766,
            "ego_col": 26.851367950439453,
            "adv_rd": 0.13401873409748077,
            "adv_col": 1.245646357536316,
            "Collision Metric": 0.0,
            "Time of Termination": -1.0,
            "Cumulative OOB": 0.0,
            "Time spent OOB": 0.0,
            "adv_collision": false,
            "iteration": 0
        },
        "1": {
            "Loss": 33.85762405395508,
            "ego_col": 32.13796615600586,
            "adv_rd": 0.2734828591346741,
            "adv_col": 1.25,
            "Collision Metric": 0.0,
            "Time of Termination": -1.0,
            "Cumulative OOB": 0.4000000059604645,
            "Time spent OOB": 0.4000000059604645,
            "adv_collision": false,
            "iteration": 1
        },
        "2": {
            "Loss": 25.2088565826416,
            "ego_col": 26.536428451538086,
            "adv_rd": 0.12112140655517578,
            "adv_col": 1.25,
            "Collision Metric": 0.0,
            "Time of Termination": -1.0,
            "Cumulative OOB": 0.0,
            "Time spent OOB": 0.0,
            "adv_collision": false,
            "iteration": 2
        },
        "3": {
            "Loss": 24.91831398010254,
            "ego_col": 26.613239288330078,
            "adv_rd": 0.10275375097990036,
            "adv_col": 1.25,
            "Collision Metric": 0.0,
            "Time of Termination": -1.0,
            "Cumulative OOB": 0.0,
            "Time spent OOB": 0.0,
            "adv_collision": false,
            "iteration": 3
        },
        "4": {
            "Loss": 24.631717681884766,
            "ego_col": 26.617040634155273,
            "adv_rd": 0.08823386579751968,
            "adv_col": 1.25,
            "Collision Metric": 0.0,
            "Time of Termination": -1.0,
            "Cumulative OOB": 0.0,
            "Time spent OOB": 0.0,
            "adv_collision": false,
            "iteration": 4
        },
        "5": {
            "Loss": 24.401952743530273,
            "ego_col": 26.504810333251953,
            "adv_rd": 0.08235716074705124,
            "adv_col": 1.25,
            "Collision Metric": 0.0,
            "Time of Termination": -1.0,
            "Cumulative OOB": 0.0,
            "Time spent OOB": 0.0,
            "adv_collision": false,
            "iteration": 5
        },
        "6": {
            "Loss": 24.198091506958008,
            "ego_col": 26.29892921447754,
            "adv_rd": 0.08245815336704254,
            "adv_col": 1.25,
            "Collision Metric": 0.0,
            "Time of Termination": -1.0,
            "Cumulative OOB": 0.0,
            "Time spent OOB": 0.0,
            "adv_collision": false,
            "iteration": 6
        },
        "7": {
            "Loss": 23.999956130981445,
            "ego_col": 26.063024520874023,
            "adv_rd": 0.08434655517339706,
            "adv_col": 1.25,
            "Collision Metric": 0.0,
            "Time of Termination": -1.0,
            "Cumulative OOB": 0.0,
            "Time spent OOB": 0.0,
            "adv_collision": false,
            "iteration": 7
        },
        "8": {
            "Loss": 23.828054428100586,
            "ego_col": 25.8135986328125,
            "adv_rd": 0.08822277188301086,
            "adv_col": 1.25,
            "Collision Metric": 0.0,
            "Time of Termination": -1.0,
            "Cumulative OOB": 0.0,
            "Time spent OOB": 0.0,
            "adv_collision": false,
            "iteration": 8
        },
        "9": {
            "Loss": 23.65840721130371,
            "ego_col": 25.57635498046875,
            "adv_rd": 0.09160258620977402,
            "adv_col": 1.25,
            "Collision Metric": 0.0,
            "Time of Termination": -1.0,
            "Cumulative OOB": 0.0,
            "Time spent OOB": 0.0,
            "adv_collision": false,
            "iteration": 9
        },
        "10": {
            "Loss": 23.524818420410156,
            "ego_col": 25.381179809570312,
            "adv_rd": 0.09468191117048264,
            "adv_col": 1.25,
            "Collision Metric": 0.0,
            "Time of Termination": -1.0,
            "Cumulative OOB": 0.0,
            "Time spent OOB": 0.0,
            "adv_collision": false,
            "iteration": 10
        },
        "11": {
            "Loss": 23.37958526611328,
            "ego_col": 25.24704360961914,
            "adv_rd": 0.09412705898284912,
            "adv_col": 1.25,
            "Collision Metric": 0.0,
            "Time of Termination": -1.0,
            "Cumulative OOB": 0.0,
            "Time spent OOB": 0.0,
            "adv_collision": false,
            "iteration": 11
        },
        "12": {
            "Loss": 23.242549896240234,
            "ego_col": 25.19266700744629,
            "adv_rd": 0.08999411016702652,
            "adv_col": 1.25,
            "Collision Metric": 0.0,
            "Time of Termination": -1.0,
            "Cumulative OOB": 0.0,
            "Time spent OOB": 0.0,
            "adv_collision": false,
            "iteration": 12
        },
        "13": {
            "Loss": 23.049001693725586,
            "ego_col": 25.191740036010742,
            "adv_rd": 0.08036311715841293,
            "adv_col": 1.25,
            "Collision Metric": 0.0,
            "Time of Termination": -1.0,
            "Cumulative OOB": 0.0,
            "Time spent OOB": 0.0,
            "adv_collision": false,
            "iteration": 13
        },
        "14": {
            "Loss": 22.966041564941406,
            "ego_col": 25.181394577026367,
            "adv_rd": 0.07673231512308121,
            "adv_col": 1.25,
            "Collision Metric": 0.0,
            "Time of Termination": -1.0,
            "Cumulative OOB": 0.0,
            "Time spent OOB": 0.0,
            "adv_collision": false,
            "iteration": 14
        },
        "15": {
            "Loss": 22.856491088867188,
            "ego_col": 25.140913009643555,
            "adv_rd": 0.07295644283294678,
            "adv_col": 1.2478500604629517,
            "Collision Metric": 0.0,
            "Time of Termination": -1.0,
            "Cumulative OOB": 0.0,
            "Time spent OOB": 0.0,
            "adv_collision": false,
            "iteration": 15
        },
        "16": {
            "Loss": 22.808626174926758,
            "ego_col": 25.082725524902344,
            "adv_rd": 0.07379499077796936,
            "adv_col": 1.25,
            "Collision Metric": 0.0,
            "Time of Termination": -1.0,
            "Cumulative OOB": 0.0,
            "Time spent OOB": 0.0,
            "adv_collision": false,
            "iteration": 16
        },
        "17": {
            "Loss": 22.734949111938477,
            "ego_col": 24.97041893005371,
            "adv_rd": 0.0757264792919159,
            "adv_col": 1.25,