{
    "meta_data": {
        "name": "RouteScenario_296",
        "index": 4,
        "town": "Town03",
        "Num_agents": 4
    },
    "is_terminated": true,
    "tot": 78,
    "adv_collision": false,
    "adv_rel_pos_at_collision": [
        0.5862024426460266,
        -0.8101645708084106
    ],
    "adv_rel_yaw_at_collision": 3.0222599506378174,
    "Loss": 6.9574785232543945,
    "ego_col": 8.984824180603027,
    "adv_rd": 0.0861327275633812,
    "adv_col": 1.25,
    "Collision Metric": 1.0,
    "Time of Termination": 78.0,
    "Cumulative OOB": 0.0,
    "Time spent OOB": 0.0,
    "iteration": 3,
    "first_metrics": {
        "Loss": 6.9574785232543945,
        "ego_col": 8.984824180603027,
        "adv_rd": 0.0861327275633812,
        "adv_col": 1.25,
        "Collision Metric": 1.0,
        "Collision Metric_scaled": 2.97430157661438,
        "Collision Metric_thresholded": 1.0,
        "Time of Termination": 78.0,
        "Cumulative OOB": 0.0,
        "Time spent OOB": 0.0,
        "adv_collision": false,
        "iteration": 3
    },
    "all_iterations": {
        "0": {
            "Loss": 10.240966796875,
            "ego_col": 9.376105308532715,
            "adv_rd": 0.14609603583812714,
            "adv_col": 0.6856865286827087,
            "Collision Metric": 0.0,
            "Time of Termination": -1.0,
            "Cumulative OOB": 0.0,
            "Time spent OOB": 0.0,
            "adv_collision": false,
            "iteration": 0
        },
        "1": {
            "Loss": 10.644207000732422,
            "ego_col": 9.832047462463379,
            "adv_rd": 0.2281079739332199,
            "adv_col": 1.25,
            "Collision Metric": 0.0,
            "Time of Termination": -1.0,
            "Cumulative OOB": 0.10000000149011612,
            "Time spent OOB": 0.10000000149011612,
            "adv_collision": false,
            "iteration": 1
        },
        "2": {
            "Loss": 8.53927230834961,
            "ego_col": 9.099600791931152,
            "adv_rd": 0.15948356688022614,
            "adv_col": 1.25,
            "Collision Metric": 0.0,
            "Time of Termination": -1.0,
            "Cumulative OOB": 0.03750000149011612,
            "Time spent OOB": 0.03750000149011612,
            "adv_collision": false,
            "iteration": 2
        },
        "3": {
            "Loss": 6.9574785232543945,
            "ego_col": 8.984824180603027,
            "adv_rd": 0.0861327275633812,
            "adv_col": 1.25,
            "Collision Metric": 1.0,
            "Time of Termination": 78.0,
            "Cumulative OOB": 0.0,
            "Time spent OOB": 0.0,
            "adv_collision": false,
            "iteration": 3
        },
        "4": {
            "Loss": 6.9574785232543945,
            "ego_col": 8.984824180603027,
            "adv_rd": 0.0861327275633812,
            "adv_col": 1.25,
            "Collision Metric": 1.0,
            "Time of Termination": 78.0,
            "Cumulative OOB": 0.0,
            "Time spent OOB": 0.0,
            "adv_collision": false,
            "iteration": 4
        },
        "5": {
            "Loss": 18.87288475036621,
            "ego_col": 21.2731876373291,
            "adv_rd": 0.06748483330011368,
            "adv_col": 1.25,
            "Collision Metric": 0.0,
            "Time of Termination": -1.0,
            "Cumulative OOB": 0.0,
            "Time spent OOB": 0.0,
            "adv_collision": false,
            "iteration": 5
        },
        "6": {
            "Loss": 18.69092559814453,
            "ego_col": 21.03346824645996,
            "adv_rd": 0.07037283480167389,
            "adv_col": 1.25,
            "Collision Metric": 0.0,
            "Time of Termination": -1.0,
            "Cumulative OOB": 0.0,
            "Time spent OOB": 0.0,
            "adv_collision": false,
            "iteration": 6
        },
        "7": {
            "Loss": 18.484060287475586,
            "ego_col": 20.883337020874023,
            "adv_rd": 0.06753619015216827,
            "adv_col": 1.25,
            "Collision Metric": 0.0,
            "Time of Termination": -1.0,
            "Cumulative OOB": 0.0,
            "Time spent OOB": 0.0,
            "adv_collision": false,
            "iteration": 7
        },
        "8": {
            "Loss": 18.243906021118164,
            "ego_col": 20.713558197021484,
            "adv_rd": 0.0640174150466919,
            "adv_col": 1.25,
            "Collision Metric": 0.0,
            "Time of Termination": -1.0,
            "Cumulative OOB": 0.0,
            "Time spent OOB": 0.0,
            "adv_collision": false,
            "iteration": 8
        },
        "9": {
            "Loss": 18.02829360961914,
            "ego_col": 20.51123046875,
            "adv_rd": 0.06335319578647614,
            "adv_col": 1.25,
            "Collision Metric": 0.0,
            "Time of Termination": -1.0,
            "Cumulative OOB": 0.0,
            "Time spent OOB": 0.0,
            "adv_collision": false,
            "iteration": 9
        },
        "10": {
            "Loss": 17.855756759643555,
            "ego_col": 20.269800186157227,
            "adv_rd": 0.06679780036211014,
            "adv_col": 1.25,
            "Collision Metric": 0.0,
            "Time of Termination": -1.0,
            "Cumulative OOB": 0.0,
            "Time spent OOB": 0.0,
            "adv_collision": false,
            "iteration": 10
        },
        "11": {
            "Loss": 17.65555191040039,
            "ego_col": 20.038217544555664,
            "adv_rd": 0.06836672127246857,
            "adv_col": 1.25,
            "Collision Metric": 0.0,
            "Time of Termination": -1.0,
            "Cumulative OOB": 0.0,
            "Time spent OOB": 0.0,
            "adv_collision": false,
            "iteration": 11
        },
        "12": {
            "Loss": 17.424514770507812,
            "ego_col": 19.848608016967773,
            "adv_rd": 0.06629530340433121,
            "adv_col": 1.25,
            "Collision Metric": 0.0,
            "Time of Termination": -1.0,
            "Cumulative OOB": 0.0,
            "Time spent OOB": 0.0,
            "adv_collision": false,
            "iteration": 12
        },
        "13": {
            "Loss": 17.186058044433594,
            "ego_col": 19.67233657836914,
            "adv_rd": 0.06318604946136475,
            "adv_col": 1.25,
            "Collision Metric": 0.0,
            "Time of Termination": -1.0,
            "Cumulative OOB": 0.0,
            "Time spent OOB": 0.0,
            "adv_collision": false,
            "iteration": 13
        },
        "14": {
            "Loss": 17.002330780029297,
            "ego_col": 19.48674964904785,
            "adv_rd": 0.06327901780605316,
            "adv_col": 1.25,
            "Collision Metric": 0.0,
            "Time of Termination": -1.0,
            "Cumulative OOB": 0.0,
            "Time spent OOB": 0.0,
            "adv_collision": false,
            "iteration": 14
        },
        "15": {
            "Loss": 16.80031394958496,
            "ego_col": 19.283475875854492,
            "adv_rd": 0.06334191560745239,
            "adv_col": 1.25,
            "Collision Metric": 0.0,
            "Time of Termination": -1.0,
            "Cumulative OOB": 0.0,
            "Time spent OOB": 0.0,
            "adv_collision": false,
            "iteration": 15
        },
        "16": {
            "Loss": 16.593006134033203,
            "ego_col": 19.08261489868164,
            "adv_rd": 0.06301955133676529,
            "adv_col": 1.25,
            "Collision Metric": 0.0,
            "Time of Termination": -1.0,
            "Cumulative OOB": 0.0,
            "Time spent OOB": 0.0,
            "adv_collision": false,
            "iteration": 16
        },
        "17": {
            "Loss": 16.395374298095703,
            "ego_col": 18.90565299987793,
            "adv_rd": 0.06198609620332718,
            "adv_col": 1.25,