{
    "meta_data": {
        "name": "RouteScenario_202",
        "index": 0,
        "town": "Town03",
        "Num_agents": 4
    },
    "is_terminated": true,
    "tot": 62,
    "adv_collision": false,
    "adv_rel_pos_at_collision": [
        0.8252450227737427,
        -0.5647748708724976
    ],
    "adv_rel_yaw_at_collision": 1.8037195205688477,
    "Loss": 3.143385887145996,
    "ego_col": 5.936034202575684,
    "adv_rd": 0.04786759242415428,
    "adv_col": 1.25,
    "Collision Metric": 1.0,
    "Time of Termination": 62.0,
    "Cumulative OOB": 0.0,
    "Time spent OOB": 0.0,
    "iteration": 13,
    "first_metrics": {
        "Loss": 3.143385887145996,
        "ego_col": 5.936034202575684,
        "adv_rd": 0.04786759242415428,
        "adv_col": 1.25,
        "Collision Metric": 1.0,
        "Collision Metric_scaled": 1.5076972246170044,
        "Collision Metric_thresholded": 1.0,
        "Time of Termination": 62.0,
        "Cumulative OOB": 0.0,
        "Time spent OOB": 0.0,
        "adv_collision": false,
        "iteration": 13
    },
    "all_iterations": {
        "0": {
            "Loss": 11.803670883178711,
            "ego_col": 13.48266315460205,
            "adv_rd": 0.10355041176080704,
            "adv_col": 1.25,
            "Collision Metric": 0.0,
            "Time of Termination": -1.0,
            "Cumulative OOB": 0.0,
            "Time spent OOB": 0.0,
            "adv_collision": false,
            "iteration": 0
        },
        "1": {
            "Loss": 9.211176872253418,
            "ego_col": 11.651545524597168,
            "adv_rd": 0.06548156589269638,
            "adv_col": 1.25,
            "Collision Metric": 0.0,
            "Time of Termination": -1.0,
            "Cumulative OOB": 0.0,
            "Time spent OOB": 0.0,
            "adv_collision": false,
            "iteration": 1
        },
        "2": {
            "Loss": 8.646880149841309,
            "ego_col": 10.68268871307373,
            "adv_rd": 0.0857095867395401,
            "adv_col": 1.25,
            "Collision Metric": 0.0,
            "Time of Termination": -1.0,
            "Cumulative OOB": 0.03750000149011612,
            "Time spent OOB": 0.03750000149011612,
            "adv_collision": false,
            "iteration": 2
        },
        "3": {
            "Loss": 7.396856307983398,
            "ego_col": 10.055181503295898,
            "adv_rd": 0.054583724588155746,
            "adv_col": 1.25,
            "Collision Metric": 0.0,
            "Time of Termination": -1.0,
            "Cumulative OOB": 0.0,
            "Time spent OOB": 0.0,
            "adv_collision": false,
            "iteration": 3
        },
        "4": {
            "Loss": 5.892477989196777,
            "ego_col": 8.842865943908691,
            "adv_rd": 0.03998059034347534,
            "adv_col": 1.25,
            "Collision Metric": 0.0,
            "Time of Termination": -1.0,
            "Cumulative OOB": 0.0,
            "Time spent OOB": 0.0,
            "adv_collision": false,
            "iteration": 4
        },
        "5": {
            "Loss": 4.975451469421387,
            "ego_col": 8.077048301696777,
            "adv_rd": 0.03242014721035957,
            "adv_col": 1.25,
            "Collision Metric": 0.0,
            "Time of Termination": -1.0,
            "Cumulative OOB": 0.0,
            "Time spent OOB": 0.0,
            "adv_collision": false,
            "iteration": 5
        },
        "6": {
            "Loss": 4.213953971862793,
            "ego_col": 7.356661319732666,
            "adv_rd": 0.030364638194441795,
            "adv_col": 1.25,
            "Collision Metric": 0.0,
            "Time of Termination": -1.0,
            "Cumulative OOB": 0.0,
            "Time spent OOB": 0.0,
            "adv_collision": false,
            "iteration": 6
        },
        "7": {
            "Loss": 3.9919424057006836,
            "ego_col": 7.151158809661865,
            "adv_rd": 0.029539167881011963,
            "adv_col": 1.25,
            "Collision Metric": 0.0,
            "Time of Termination": -1.0,
            "Cumulative OOB": 0.0,
            "Time spent OOB": 0.0,
            "adv_collision": false,
            "iteration": 7
        },
        "8": {
            "Loss": 4.2105207443237305,
            "ego_col": 7.402106761932373,
            "adv_rd": 0.027920711785554886,
            "adv_col": 1.25,
            "Collision Metric": 0.0,
            "Time of Termination": -1.0,
            "Cumulative OOB": 0.0,
            "Time spent OOB": 0.0,
            "adv_collision": false,
            "iteration": 8
        },
        "9": {
            "Loss": 4.107642650604248,
            "ego_col": 7.34389066696167,
            "adv_rd": 0.02568759396672249,
            "adv_col": 1.25,
            "Collision Metric": 0.0,
            "Time of Termination": -1.0,
            "Cumulative OOB": 0.0,
            "Time spent OOB": 0.0,
            "adv_collision": false,
            "iteration": 9
        },
        "10": {
            "Loss": 3.894437789916992,
            "ego_col": 7.147183418273926,
            "adv_rd": 0.02486271597445011,
            "adv_col": 1.25,
            "Collision Metric": 0.0,
            "Time of Termination": -1.0,
            "Cumulative OOB": 0.0,
            "Time spent OOB": 0.0,
            "adv_collision": false,
            "iteration": 10
        },
        "11": {
            "Loss": 3.749549388885498,
            "ego_col": 6.921660900115967,
            "adv_rd": 0.028894418850541115,
            "adv_col": 1.25,
            "Collision Metric": 0.0,
            "Time of Termination": -1.0,
            "Cumulative OOB": 0.0,
            "Time spent OOB": 0.0,
            "adv_collision": false,
            "iteration": 11
        },
        "12": {
            "Loss": 3.439964771270752,
            "ego_col": 6.429896831512451,
            "adv_rd": 0.03800339624285698,
            "adv_col": 1.25,
            "Collision Metric": 0.0,
            "Time of Termination": -1.0,
            "Cumulative OOB": 0.0,
            "Time spent OOB": 0.0,
            "adv_collision": false,
            "iteration": 12
        },
        "13": {
            "Loss": 3.143385887145996,
            "ego_col": 5.936034202575684,
            "adv_rd": 0.04786759242415428,
            "adv_col": 1.25,
            "Collision Metric": 1.0,
            "Time of Termination": 62.0,
            "Cumulative OOB": 0.0,
            "Time spent OOB": 0.0,
            "adv_collision": false,
            "iteration": 13
        },
        "14": {
            "Loss": 3.143385887145996,
            "ego_col": 5.936034202575684,
            "adv_rd": 0.04786759242415428,
            "adv_col": 1.25,
            "Collision Metric": 1.0,
            "Time of Termination": 62.0,
            "Cumulative OOB": 0.0,
            "Time spent OOB": 0.0,
            "adv_collision": false,
            "iteration": 14
        }
    }
}