{
    "meta_data": {
        "name": "RouteScenario_123",
        "index": 1,
        "town": "Town03",
        "Num_agents": 4
    },
    "is_terminated": true,
    "tot": 58,
    "adv_collision": false,
    "adv_rel_pos_at_collision": [
        0.9460259079933167,
        -0.3240910470485687
    ],
    "adv_rel_yaw_at_collision": 1.7908241748809814,
    "Loss": 14.845438003540039,
    "ego_col": 17.327856063842773,
    "adv_rd": 0.06337911635637283,
    "adv_col": 1.25,
    "Collision Metric": 1.0,
    "Time of Termination": 58.0,
    "Cumulative OOB": 0.0,
    "Time spent OOB": 0.0,
    "iteration": 26,
    "first_metrics": {
        "Loss": 14.845438003540039,
        "ego_col": 17.327856063842773,
        "adv_rd": 0.06337911635637283,
        "adv_col": 1.25,
        "Collision Metric": 1.0,
        "Collision Metric_scaled": 2.5177840143442154e-05,
        "Collision Metric_thresholded": 0.0,
        "Time of Termination": 58.0,
        "Cumulative OOB": 0.0,
        "Time spent OOB": 0.0,
        "adv_collision": false,
        "iteration": 26
    },
    "all_iterations": {
        "0": {
            "Loss": 19.694995880126953,
            "ego_col": 20.7111759185791,
            "adv_rd": 0.13434074819087982,
            "adv_col": 1.2343319654464722,
            "Collision Metric": 0.0,
            "Time of Termination": -1.0,
            "Cumulative OOB": 0.0,
            "Time spent OOB": 0.0,
            "adv_collision": false,
            "iteration": 0
        },
        "1": {
            "Loss": 21.18009376525879,
            "ego_col": 21.257902145385742,
            "adv_rd": 0.18360956013202667,
            "adv_col": 1.25,
            "Collision Metric": 0.0,
            "Time of Termination": -1.0,
            "Cumulative OOB": 0.1875,
            "Time spent OOB": 0.1875,
            "adv_collision": false,
            "iteration": 1
        },
        "2": {
            "Loss": 21.053380966186523,
            "ego_col": 21.13888931274414,
            "adv_rd": 0.18322454392910004,
            "adv_col": 1.25,
            "Collision Metric": 0.0,
            "Time of Termination": -1.0,
            "Cumulative OOB": 0.20000000298023224,
            "Time spent OOB": 0.20000000298023224,
            "adv_collision": false,
            "iteration": 2
        },
        "3": {
            "Loss": 20.568302154541016,
            "ego_col": 20.909423828125,
            "adv_rd": 0.17044396698474884,
            "adv_col": 1.25,
            "Collision Metric": 0.0,
            "Time of Termination": -1.0,
            "Cumulative OOB": 0.05000000074505806,
            "Time spent OOB": 0.05000000074505806,
            "adv_collision": false,
            "iteration": 3
        },
        "4": {
            "Loss": 19.706974029541016,
            "ego_col": 20.71636962890625,
            "adv_rd": 0.11244484037160873,
            "adv_col": 1.0860978364944458,
            "Collision Metric": 0.0,
            "Time of Termination": -1.0,
            "Cumulative OOB": 0.0,
            "Time spent OOB": 0.0,
            "adv_collision": false,
            "iteration": 4
        },
        "5": {
            "Loss": 18.320636749267578,
            "ego_col": 20.50780487060547,
            "adv_rd": 0.07814155519008636,
            "adv_col": 1.25,
            "Collision Metric": 0.0,
            "Time of Termination": -1.0,
            "Cumulative OOB": 0.0,
            "Time spent OOB": 0.0,
            "adv_collision": false,
            "iteration": 5
        },
        "6": {
            "Loss": 18.02351951599121,
            "ego_col": 20.026752471923828,
            "adv_rd": 0.06307569146156311,
            "adv_col": 1.0882493257522583,
            "Collision Metric": 0.0,
            "Time of Termination": -1.0,
            "Cumulative OOB": 0.0,
            "Time spent OOB": 0.0,
            "adv_collision": false,
            "iteration": 6
        },
        "7": {
            "Loss": 17.458227157592773,
            "ego_col": 19.940866470336914,
            "adv_rd": 0.06336803734302521,
            "adv_col": 1.25,
            "Collision Metric": 0.0,
            "Time of Termination": -1.0,
            "Cumulative OOB": 0.0,
            "Time spent OOB": 0.0,
            "adv_collision": false,
            "iteration": 7
        },
        "8": {
            "Loss": 17.351428985595703,
            "ego_col": 19.81779670715332,
            "adv_rd": 0.0641816109418869,
            "adv_col": 1.25,
            "Collision Metric": 0.0,
            "Time of Termination": -1.0,
            "Cumulative OOB": 0.0,
            "Time spent OOB": 0.0,
            "adv_collision": false,
            "iteration": 8
        },
        "9": {
            "Loss": 17.224945068359375,
            "ego_col": 19.728626251220703,
            "adv_rd": 0.062315940856933594,
            "adv_col": 1.25,
            "Collision Metric": 0.0,
            "Time of Termination": -1.0,
            "Cumulative OOB": 0.0,
            "Time spent OOB": 0.0,
            "adv_collision": false,
            "iteration": 9
        },
        "10": {
            "Loss": 16.920307159423828,
            "ego_col": 19.518238067626953,
            "adv_rd": 0.05760342627763748,
            "adv_col": 1.25,
            "Collision Metric": 0.0,
            "Time of Termination": -1.0,
            "Cumulative OOB": 0.0,
            "Time spent OOB": 0.0,
            "adv_collision": false,
            "iteration": 10
        },
        "11": {
            "Loss": 16.659826278686523,
            "ego_col": 19.346662521362305,
            "adv_rd": 0.0531582310795784,
            "adv_col": 1.25,
            "Collision Metric": 0.0,
            "Time of Termination": -1.0,
            "Cumulative OOB": 0.0,
            "Time spent OOB": 0.0,
            "adv_collision": false,
            "iteration": 11
        },
        "12": {
            "Loss": 16.61361312866211,
            "ego_col": 19.3321475982666,
            "adv_rd": 0.051573242992162704,
            "adv_col": 1.25,
            "Collision Metric": 0.0,
            "Time of Termination": -1.0,
            "Cumulative OOB": 0.0,
            "Time spent OOB": 0.0,
            "adv_collision": false,
            "iteration": 12
        },
        "13": {
            "Loss": 16.40440559387207,
            "ego_col": 19.11840057373047,
            "adv_rd": 0.05180023983120918,
            "adv_col": 1.25,
            "Collision Metric": 0.0,
            "Time of Termination": -1.0,
            "Cumulative OOB": 0.0,
            "Time spent OOB": 0.0,
            "adv_collision": false,
            "iteration": 13
        },
        "14": {
            "Loss": 16.852231979370117,
            "ego_col": 18.972627639770508,
            "adv_rd": 0.05245300754904747,
            "adv_col": 1.0564854145050049,
            "Collision Metric": 0.0,
            "Time of Termination": -1.0,
            "Cumulative OOB": 0.0,
            "Time spent OOB": 0.0,
            "adv_collision": false,
            "iteration": 14
        },
        "15": {
            "Loss": 16.433151245117188,
            "ego_col": 18.93824577331543,
            "adv_rd": 0.06224532052874565,
            "adv_col": 1.25,
            "Collision Metric": 0.0,
            "Time of Termination": -1.0,
            "Cumulative OOB": 0.0,
            "Time spent OOB": 0.0,
            "adv_collision": false,
            "iteration": 15
        },
        "16": {
            "Loss": 16.325273513793945,
            "ego_col": 18.532306671142578,
            "adv_rd": 0.07714832574129105,
            "adv_col": 1.25,
            "Collision Metric": 0.0,
            "Time of Termination": -1.0,
            "Cumulative OOB": 0.2750000059604645,
            "Time spent OOB": 0.2750000059604645,
            "adv_collision": false,
            "iteration": 16
        },
        "17": {
            "Loss": 16.35149574279785,