{
    "meta_data": {
        "name": "RouteScenario_657",
        "index": 5,
        "town": "Town05",
        "Num_agents": 4
    },
    "is_terminated": true,
    "tot": 59,
    "adv_collision": false,
    "adv_rel_pos_at_collision": [
        0.5844693183898926,
        -0.8114157915115356
    ],
    "adv_rel_yaw_at_collision": -4.884623050689697,
    "Loss": 19.41120719909668,
    "ego_col": 22.06766128540039,
    "adv_rd": 0.028772110119462013,
    "adv_col": 1.077298641204834,
    "Collision Metric": 1.0,
    "Time of Termination": 59.0,
    "Cumulative OOB": 0.0,
    "Time spent OOB": 0.0,
    "iteration": 5,
    "first_metrics": {
        "Loss": 19.41120719909668,
        "ego_col": 22.06766128540039,
        "adv_rd": 0.028772110119462013,
        "adv_col": 1.077298641204834,
        "Collision Metric": 1.0,
        "Collision Metric_scaled": 1.5535521507263184,
        "Collision Metric_thresholded": 1.0,
        "Time of Termination": 59.0,
        "Cumulative OOB": 0.0,
        "Time spent OOB": 0.0,
        "adv_collision": false,
        "iteration": 5
    },
    "all_iterations": {
        "0": {
            "Loss": 21.028188705444336,
            "ego_col": 23.989944458007812,
            "adv_rd": 0.012492838315665722,
            "adv_col": 1.0705373287200928,
            "Collision Metric": 0.0,
            "Time of Termination": -1.0,
            "Cumulative OOB": 0.0,
            "Time spent OOB": 0.0,
            "adv_collision": false,
            "iteration": 0
        },
        "1": {
            "Loss": 20.712488174438477,
            "ego_col": 23.832290649414062,
            "adv_rd": 0.004589697811752558,
            "adv_col": 1.0705320835113525,
            "Collision Metric": 0.0,
            "Time of Termination": -1.0,
            "Cumulative OOB": 0.0,
            "Time spent OOB": 0.0,
            "adv_collision": false,
            "iteration": 1
        },
        "2": {
            "Loss": 23.59492301940918,
            "ego_col": 23.978778839111328,
            "adv_rd": 0.006342248059809208,
            "adv_col": 0.1702335774898529,
            "Collision Metric": 0.0,
            "Time of Termination": -1.0,
            "Cumulative OOB": 0.0,
            "Time spent OOB": 0.0,
            "adv_collision": false,
            "iteration": 2
        },
        "3": {
            "Loss": 20.214599609375,
            "ego_col": 23.00716209411621,
            "adv_rd": 0.021420961245894432,
            "adv_col": 1.0736604928970337,
            "Collision Metric": 0.0,
            "Time of Termination": -1.0,
            "Cumulative OOB": 0.0,
            "Time spent OOB": 0.0,
            "adv_collision": false,
            "iteration": 3
        },
        "4": {
            "Loss": 20.367977142333984,
            "ego_col": 22.458162307739258,
            "adv_rd": 0.056804221123456955,
            "adv_col": 1.0754231214523315,
            "Collision Metric": 0.0,
            "Time of Termination": -1.0,
            "Cumulative OOB": 0.13750000298023224,
            "Time spent OOB": 0.13750000298023224,
            "adv_collision": false,
            "iteration": 4
        },
        "5": {
            "Loss": 19.41120719909668,
            "ego_col": 22.06766128540039,
            "adv_rd": 0.028772110119462013,
            "adv_col": 1.077298641204834,
            "Collision Metric": 1.0,
            "Time of Termination": 59.0,
            "Cumulative OOB": 0.0,
            "Time spent OOB": 0.0,
            "adv_collision": false,
            "iteration": 5
        },
        "6": {
            "Loss": 19.41120719909668,
            "ego_col": 22.06766128540039,
            "adv_rd": 0.028772110119462013,
            "adv_col": 1.077298641204834,
            "Collision Metric": 1.0,
            "Time of Termination": 59.0,
            "Cumulative OOB": 0.0,
            "Time spent OOB": 0.0,
            "adv_collision": false,
            "iteration": 6
        },
        "7": {
            "Loss": -1.79320228099823,
            "ego_col": 1.9561080932617188,
            "adv_rd": 3.448133429628797e-05,
            "adv_col": 1.25,
            "Collision Metric": 1.0,
            "Time of Termination": 20.0,
            "Cumulative OOB": 0.0,
            "Time spent OOB": 0.0,
            "adv_collision": false,
            "iteration": 7
        },
        "8": {
            "Loss": 20.615013122558594,
            "ego_col": 21.296003341674805,
            "adv_rd": 0.036678116768598557,
            "adv_col": 0.47151780128479004,
            "Collision Metric": 0.0,
            "Time of Termination": -1.0,
            "Cumulative OOB": 0.0,
            "Time spent OOB": 0.0,
            "adv_collision": false,
            "iteration": 8
        },
        "9": {
            "Loss": 17.81452178955078,
            "ego_col": 20.93782615661621,
            "adv_rd": 0.031334828585386276,
            "adv_col": 1.25,
            "Collision Metric": 0.0,
            "Time of Termination": -1.0,
            "Cumulative OOB": 0.0,
            "Time spent OOB": 0.0,
            "adv_collision": false,
            "iteration": 9
        },
        "10": {
            "Loss": 17.730939865112305,
            "ego_col": 20.955341339111328,
            "adv_rd": 0.02627990022301674,
            "adv_col": 1.25,
            "Collision Metric": 0.0,
            "Time of Termination": -1.0,
            "Cumulative OOB": 0.0,
            "Time spent OOB": 0.0,
            "adv_collision": false,
            "iteration": 10
        },
        "11": {
            "Loss": 17.572839736938477,
            "ego_col": 20.89322853088379,
            "adv_rd": 0.021480519324541092,
            "adv_col": 1.25,
            "Collision Metric": 0.0,
            "Time of Termination": -1.0,
            "Cumulative OOB": 0.0,
            "Time spent OOB": 0.0,
            "adv_collision": false,
            "iteration": 11
        },
        "12": {
            "Loss": 17.470703125,
            "ego_col": 20.812637329101562,
            "adv_rd": 0.020403316244482994,
            "adv_col": 1.25,
            "Collision Metric": 0.0,
            "Time of Termination": -1.0,
            "Cumulative OOB": 0.0,
            "Time spent OOB": 0.0,
            "adv_collision": false,
            "iteration": 12
        },
        "13": {
            "Loss": 17.271013259887695,
            "ego_col": 20.687990188598633,
            "adv_rd": 0.016651157289743423,
            "adv_col": 1.25,
            "Collision Metric": 1.0,
            "Time of Termination": 74.0,
            "Cumulative OOB": 0.0,
            "Time spent OOB": 0.0,
            "adv_collision": false,
            "iteration": 13
        },
        "14": {
            "Loss": 17.271013259887695,
            "ego_col": 20.687990188598633,
            "adv_rd": 0.016651157289743423,
            "adv_col": 1.25,
            "Collision Metric": 1.0,
            "Time of Termination": 74.0,
            "Cumulative OOB": 0.0,
            "Time spent OOB": 0.0,
            "adv_collision": false,
            "iteration": 14
        }
    }
}