{
    "meta_data": {
        "name": "RouteScenario_122",
        "index": 0,
        "town": "Town03",
        "Num_agents": 4
    },
    "is_terminated": true,
    "tot": 79,
    "adv_collision": false,
    "adv_rel_pos_at_collision": [
        0.855783998966217,
        -0.5173333287239075
    ],
    "adv_rel_yaw_at_collision": 1.5293259620666504,
    "Loss": 17.781436920166016,
    "ego_col": 20.458532333374023,
    "adv_rd": 0.05364521965384483,
    "adv_col": 1.25,
    "Collision Metric": 1.0,
    "Time of Termination": 79.0,
    "Cumulative OOB": 0.0,
    "Time spent OOB": 0.0,
    "iteration": 10,
    "first_metrics": {
        "Loss": 17.781436920166016,
        "ego_col": 20.458532333374023,
        "adv_rd": 0.05364521965384483,
        "adv_col": 1.25,
        "Collision Metric": 1.0,
        "Collision Metric_scaled": 1.2410237789154053,
        "Collision Metric_thresholded": 1.0,
        "Time of Termination": 79.0,
        "Cumulative OOB": 0.0,
        "Time spent OOB": 0.0,
        "adv_collision": false,
        "iteration": 10
    },
    "all_iterations": {
        "0": {
            "Loss": 20.813512802124023,
            "ego_col": 21.562253952026367,
            "adv_rd": 0.13505659997463226,
            "adv_col": 1.1499577760696411,
            "Collision Metric": 0.0,
            "Time of Termination": -1.0,
            "Cumulative OOB": 0.0,
            "Time spent OOB": 0.0,
            "adv_collision": false,
            "iteration": 0
        },
        "1": {
            "Loss": 21.84041976928711,
            "ego_col": 21.940839767456055,
            "adv_rd": 0.18247902393341064,
            "adv_col": 1.25,
            "Collision Metric": 0.0,
            "Time of Termination": -1.0,
            "Cumulative OOB": 0.17499999701976776,
            "Time spent OOB": 0.17499999701976776,
            "adv_collision": false,
            "iteration": 1
        },
        "2": {
            "Loss": 21.724510192871094,
            "ego_col": 21.755691528320312,
            "adv_rd": 0.1859409660100937,
            "adv_col": 1.25,
            "Collision Metric": 0.0,
            "Time of Termination": -1.0,
            "Cumulative OOB": 0.17499999701976776,
            "Time spent OOB": 0.17499999701976776,
            "adv_collision": false,
            "iteration": 2
        },
        "3": {
            "Loss": 20.59918785095215,
            "ego_col": 21.158674240112305,
            "adv_rd": 0.15952570736408234,
            "adv_col": 1.25,
            "Collision Metric": 0.0,
            "Time of Termination": -1.0,
            "Cumulative OOB": 0.0,
            "Time spent OOB": 0.0,
            "adv_collision": false,
            "iteration": 3
        },
        "4": {
            "Loss": 19.563213348388672,
            "ego_col": 21.10274314880371,
            "adv_rd": 0.110523521900177,
            "adv_col": 1.25,
            "Collision Metric": 0.0,
            "Time of Termination": -1.0,
            "Cumulative OOB": 0.0,
            "Time spent OOB": 0.0,
            "adv_collision": false,
            "iteration": 4
        },
        "5": {
            "Loss": 18.94828987121582,
            "ego_col": 21.158987045288086,
            "adv_rd": 0.07696511596441269,
            "adv_col": 1.25,
            "Collision Metric": 0.0,
            "Time of Termination": -1.0,
            "Cumulative OOB": 0.0,
            "Time spent OOB": 0.0,
            "adv_collision": false,
            "iteration": 5
        },
        "6": {
            "Loss": 18.895950317382812,
            "ego_col": 21.17537498474121,
            "adv_rd": 0.058048076927661896,
            "adv_col": 1.146795630455017,
            "Collision Metric": 0.0,
            "Time of Termination": -1.0,
            "Cumulative OOB": 0.0,
            "Time spent OOB": 0.0,
            "adv_collision": false,
            "iteration": 6
        },
        "7": {
            "Loss": 18.53423500061035,
            "ego_col": 21.173776626586914,
            "adv_rd": 0.05552290752530098,
            "adv_col": 1.25,
            "Collision Metric": 0.0,
            "Time of Termination": -1.0,
            "Cumulative OOB": 0.0,
            "Time spent OOB": 0.0,
            "adv_collision": false,
            "iteration": 7
        },
        "8": {
            "Loss": 18.403345108032227,
            "ego_col": 21.027997970581055,
            "adv_rd": 0.056267332285642624,
            "adv_col": 1.25,
            "Collision Metric": 0.0,
            "Time of Termination": -1.0,
            "Cumulative OOB": 0.0,
            "Time spent OOB": 0.0,
            "adv_collision": false,
            "iteration": 8
        },
        "9": {
            "Loss": 18.114864349365234,
            "ego_col": 20.733978271484375,
            "adv_rd": 0.05654429271817207,
            "adv_col": 1.25,
            "Collision Metric": 0.0,
            "Time of Termination": -1.0,
            "Cumulative OOB": 0.0,
            "Time spent OOB": 0.0,
            "adv_collision": false,
            "iteration": 9
        },
        "10": {
            "Loss": 17.781436920166016,
            "ego_col": 20.458532333374023,
            "adv_rd": 0.05364521965384483,
            "adv_col": 1.25,
            "Collision Metric": 1.0,
            "Time of Termination": 79.0,
            "Cumulative OOB": 0.0,
            "Time spent OOB": 0.0,
            "adv_collision": false,
            "iteration": 10
        },
        "11": {
            "Loss": 17.781436920166016,
            "ego_col": 20.458532333374023,
            "adv_rd": 0.05364521965384483,
            "adv_col": 1.25,
            "Collision Metric": 1.0,
            "Time of Termination": 79.0,
            "Cumulative OOB": 0.0,
            "Time spent OOB": 0.0,
            "adv_collision": false,
            "iteration": 11
        }
    }
}