{
    "meta_data": {
        "name": "RouteScenario_577",
        "index": 5,
        "town": "Town05",
        "Num_agents": 4
    },
    "is_terminated": true,
    "tot": 75,
    "adv_collision": false,
    "adv_rel_pos_at_collision": [
        0.7269144654273987,
        0.6867280602455139
    ],
    "adv_rel_yaw_at_collision": 3.8615498542785645,
    "Loss": 2.9701309204101562,
    "ego_col": 6.263133525848389,
    "adv_rd": 0.022849878296256065,
    "adv_col": 1.25,
    "Collision Metric": 1.0,
    "Time of Termination": 75.0,
    "Cumulative OOB": 0.0,
    "Time spent OOB": 0.0,
    "iteration": 12,
    "first_metrics": {
        "Loss": 2.9701309204101562,
        "ego_col": 6.263133525848389,
        "adv_rd": 0.022849878296256065,
        "adv_col": 1.25,
        "Collision Metric": 1.0,
        "Collision Metric_scaled": 1.5199174880981445,
        "Collision Metric_thresholded": 1.0,
        "Time of Termination": 75.0,
        "Cumulative OOB": 0.0,
        "Time spent OOB": 0.0,
        "adv_collision": false,
        "iteration": 12
    },
    "all_iterations": {
        "0": {
            "Loss": 6.827200889587402,
            "ego_col": 7.829158306121826,
            "adv_rd": 0.06649062782526016,
            "adv_col": 0.7772566080093384,
            "Collision Metric": 0.0,
            "Time of Termination": -1.0,
            "Cumulative OOB": 0.0,
            "Time spent OOB": 0.0,
            "adv_collision": false,
            "iteration": 0
        },
        "1": {
            "Loss": 7.249774932861328,
            "ego_col": 7.785238742828369,
            "adv_rd": 0.03597715497016907,
            "adv_col": 0.4183356761932373,
            "Collision Metric": 0.0,
            "Time of Termination": -1.0,
            "Cumulative OOB": 0.0,
            "Time spent OOB": 0.0,
            "adv_collision": false,
            "iteration": 1
        },
        "2": {
            "Loss": 5.720612525939941,
            "ego_col": 7.446646213531494,
            "adv_rd": 0.04015646502375603,
            "adv_col": 0.843054473400116,
            "Collision Metric": 0.0,
            "Time of Termination": -1.0,
            "Cumulative OOB": 0.0,
            "Time spent OOB": 0.0,
            "adv_collision": false,
            "iteration": 2
        },
        "3": {
            "Loss": 4.325567245483398,
            "ego_col": 6.944591522216797,
            "adv_rd": 0.056548770517110825,
            "adv_col": 1.25,
            "Collision Metric": 0.0,
            "Time of Termination": -1.0,
            "Cumulative OOB": 0.0,
            "Time spent OOB": 0.0,
            "adv_collision": false,
            "iteration": 3
        },
        "4": {
            "Loss": 4.665858268737793,
            "ego_col": 6.5195207595825195,
            "adv_rd": 0.06641396135091782,
            "adv_col": 1.0606472492218018,
            "Collision Metric": 0.0,
            "Time of Termination": -1.0,
            "Cumulative OOB": 0.0,
            "Time spent OOB": 0.0,
            "adv_collision": false,
            "iteration": 4
        },
        "5": {
            "Loss": 4.846085548400879,
            "ego_col": 6.689490795135498,
            "adv_rd": 0.09532973170280457,
            "adv_col": 1.25,
            "Collision Metric": 0.0,
            "Time of Termination": -1.0,
            "Cumulative OOB": 0.0625,
            "Time spent OOB": 0.0625,
            "adv_collision": false,
            "iteration": 5
        },
        "6": {
            "Loss": 5.2099409103393555,
            "ego_col": 6.979421138763428,
            "adv_rd": 0.09902597218751907,
            "adv_col": 1.25,
            "Collision Metric": 0.0,
            "Time of Termination": -1.0,
            "Cumulative OOB": 0.13750000298023224,
            "Time spent OOB": 0.13750000298023224,
            "adv_collision": false,
            "iteration": 6
        },
        "7": {
            "Loss": 5.140711784362793,
            "ego_col": 6.927523136138916,
            "adv_rd": 0.09815941751003265,
            "adv_col": 1.25,
            "Collision Metric": 0.0,
            "Time of Termination": -1.0,
            "Cumulative OOB": 0.11250000447034836,
            "Time spent OOB": 0.11250000447034836,
            "adv_collision": false,
            "iteration": 7
        },
        "8": {
            "Loss": 4.518182754516602,
            "ego_col": 6.776242256164551,
            "adv_rd": 0.07459704577922821,
            "adv_col": 1.25,
            "Collision Metric": 0.0,
            "Time of Termination": -1.0,
            "Cumulative OOB": 0.0,
            "Time spent OOB": 0.0,
            "adv_collision": false,
            "iteration": 8
        },
        "9": {
            "Loss": 3.7432641983032227,
            "ego_col": 6.489421367645264,
            "adv_rd": 0.050192154943943024,
            "adv_col": 1.25,
            "Collision Metric": 0.0,
            "Time of Termination": -1.0,
            "Cumulative OOB": 0.0,
            "Time spent OOB": 0.0,
            "adv_collision": false,
            "iteration": 9
        },
        "10": {
            "Loss": 3.319843292236328,
            "ego_col": 6.3517937660217285,
            "adv_rd": 0.035902466624975204,
            "adv_col": 1.25,
            "Collision Metric": 0.0,
            "Time of Termination": -1.0,
            "Cumulative OOB": 0.0,
            "Time spent OOB": 0.0,
            "adv_collision": false,
            "iteration": 10
        },
        "11": {
            "Loss": 3.076779842376709,
            "ego_col": 6.269054889678955,
            "adv_rd": 0.027886250987648964,
            "adv_col": 1.25,
            "Collision Metric": 0.0,
            "Time of Termination": -1.0,
            "Cumulative OOB": 0.0,
            "Time spent OOB": 0.0,
            "adv_collision": false,
            "iteration": 11
        },
        "12": {
            "Loss": 2.9701309204101562,
            "ego_col": 6.263133525848389,
            "adv_rd": 0.022849878296256065,
            "adv_col": 1.25,
            "Collision Metric": 1.0,
            "Time of Termination": 75.0,
            "Cumulative OOB": 0.0,
            "Time spent OOB": 0.0,
            "adv_collision": false,
            "iteration": 12
        },
        "13": {
            "Loss": 2.9701309204101562,
            "ego_col": 6.263133525848389,
            "adv_rd": 0.022849878296256065,
            "adv_col": 1.25,
            "Collision Metric": 1.0,
            "Time of Termination": 75.0,
            "Cumulative OOB": 0.0,
            "Time spent OOB": 0.0,
            "adv_collision": false,
            "iteration": 13
        },
        "14": {
            "Loss": 14.636924743652344,
            "ego_col": 17.973251342773438,
            "adv_rd": 0.020683687180280685,
            "adv_col": 1.25,
            "Collision Metric": 0.0,
            "Time of Termination": -1.0,
            "Cumulative OOB": 0.05000000074505806,
            "Time spent OOB": 0.05000000074505806,
            "adv_collision": false,
            "iteration": 14
        },
        "15": {
            "Loss": 14.485549926757812,
            "ego_col": 17.86001968383789,
            "adv_rd": 0.01877652481198311,
            "adv_col": 1.25,
            "Collision Metric": 0.0,
            "Time of Termination": -1.0,
            "Cumulative OOB": 0.05000000074505806,
            "Time spent OOB": 0.05000000074505806,
            "adv_collision": false,
            "iteration": 15
        },
        "16": {
            "Loss": 14.259449005126953,
            "ego_col": 17.63694190979004,
            "adv_rd": 0.018625374883413315,
            "adv_col": 1.25,
            "Collision Metric": 0.0,
            "Time of Termination": -1.0,
            "Cumulative OOB": 0.05000000074505806,
            "Time spent OOB": 0.05000000074505806,
            "adv_collision": false,
            "iteration": 16
        },