{
    "meta_data": {
        "name": "RouteScenario_522",
        "index": 0,
        "town": "Town05",
        "Num_agents": 4
    },
    "is_terminated": true,
    "tot": 52,
    "adv_collision": false,
    "adv_rel_pos_at_collision": [
        0.9028953313827515,
        -0.42986059188842773
    ],
    "adv_rel_yaw_at_collision": -4.499037265777588,
    "Loss": 1.6405954360961914,
    "ego_col": 4.857438087463379,
    "adv_rd": 0.02665785513818264,
    "adv_col": 1.25,
    "Collision Metric": 1.0,
    "Time of Termination": 52.0,
    "Cumulative OOB": 0.0,
    "Time spent OOB": 0.0,
    "iteration": 23,
    "first_metrics": {
        "Loss": 1.6405954360961914,
        "ego_col": 4.857438087463379,
        "adv_rd": 0.02665785513818264,
        "adv_col": 1.25,
        "Collision Metric": 1.0,
        "Collision Metric_scaled": 2.5220542738679796e-05,
        "Collision Metric_thresholded": 0.0,
        "Time of Termination": 52.0,
        "Cumulative OOB": 0.0,
        "Time spent OOB": 0.0,
        "adv_collision": false,
        "iteration": 23
    },
    "all_iterations": {
        "0": {
            "Loss": 9.861530303955078,
            "ego_col": 13.034456253051758,
            "adv_rd": 0.028853723779320717,
            "adv_col": 1.25,
            "Collision Metric": 0.0,
            "Time of Termination": -1.0,
            "Cumulative OOB": 0.0,
            "Time spent OOB": 0.0,
            "adv_collision": false,
            "iteration": 0
        },
        "1": {
            "Loss": 8.498086929321289,
            "ego_col": 12.051957130432129,
            "adv_rd": 0.009806498885154724,
            "adv_col": 1.25,
            "Collision Metric": 0.0,
            "Time of Termination": -1.0,
            "Cumulative OOB": 0.0,
            "Time spent OOB": 0.0,
            "adv_collision": false,
            "iteration": 1
        },
        "2": {
            "Loss": 9.562274932861328,
            "ego_col": 9.426050186157227,
            "adv_rd": 0.008952728472650051,
            "adv_col": 0.014276391826570034,
            "Collision Metric": 0.0,
            "Time of Termination": -1.0,
            "Cumulative OOB": 0.0,
            "Time spent OOB": 0.0,
            "adv_collision": true,
            "iteration": 2
        },
        "3": {
            "Loss": 10.973005294799805,
            "ego_col": 10.49284553527832,
            "adv_rd": 0.02804788388311863,
            "adv_col": 0.02693261206150055,
            "Collision Metric": 0.0,
            "Time of Termination": -1.0,
            "Cumulative OOB": 0.0,
            "Time spent OOB": 0.0,
            "adv_collision": true,
            "iteration": 3
        },
        "4": {
            "Loss": 6.205746650695801,
            "ego_col": 9.588216781616211,
            "adv_rd": 0.018376490101218224,
            "adv_col": 1.25,
            "Collision Metric": 0.0,
            "Time of Termination": -1.0,
            "Cumulative OOB": 0.0,
            "Time spent OOB": 0.0,
            "adv_collision": false,
            "iteration": 4
        },
        "5": {
            "Loss": 5.918581962585449,
            "ego_col": 8.526274681091309,
            "adv_rd": 0.057115375995635986,
            "adv_col": 1.25,
            "Collision Metric": 0.0,
            "Time of Termination": -1.0,
            "Cumulative OOB": 0.0,
            "Time spent OOB": 0.0,
            "adv_collision": false,
            "iteration": 5
        },
        "6": {
            "Loss": 6.648735046386719,
            "ego_col": 8.031269073486328,
            "adv_rd": 0.1183733120560646,
            "adv_col": 1.25,
            "Collision Metric": 0.0,
            "Time of Termination": -1.0,
            "Cumulative OOB": 0.0,
            "Time spent OOB": 0.0,
            "adv_collision": false,
            "iteration": 6
        },
        "7": {
            "Loss": 7.462024211883545,
            "ego_col": 7.431354522705078,
            "adv_rd": 0.10935366153717041,
            "adv_col": 0.7188010215759277,
            "Collision Metric": 0.0,
            "Time of Termination": -1.0,
            "Cumulative OOB": 0.16250000894069672,
            "Time spent OOB": 0.16250000894069672,
            "adv_collision": false,
            "iteration": 7
        },
        "8": {
            "Loss": 5.7320661544799805,
            "ego_col": 7.32763671875,
            "adv_rd": 0.1077214702963829,
            "adv_col": 1.25,
            "Collision Metric": 0.0,
            "Time of Termination": -1.0,
            "Cumulative OOB": 0.0,
            "Time spent OOB": 0.0,
            "adv_collision": false,
            "iteration": 8
        },
        "9": {
            "Loss": 4.929583549499512,
            "ego_col": 6.909593105316162,
            "adv_rd": 0.0884995386004448,
            "adv_col": 1.25,
            "Collision Metric": 0.0,
            "Time of Termination": -1.0,
            "Cumulative OOB": 0.02500000037252903,
            "Time spent OOB": 0.02500000037252903,
            "adv_collision": false,
            "iteration": 9
        },
        "10": {
            "Loss": 4.43419075012207,
            "ego_col": 6.722169399261475,
            "adv_rd": 0.07310107350349426,
            "adv_col": 1.25,
            "Collision Metric": 0.0,
            "Time of Termination": -1.0,
            "Cumulative OOB": 0.0,
            "Time spent OOB": 0.0,
            "adv_collision": false,
            "iteration": 10
        },
        "11": {
            "Loss": 12.59439468383789,
            "ego_col": 12.8765287399292,
            "adv_rd": 0.17339324951171875,
            "adv_col": 1.25,
            "Collision Metric": 0.0,
            "Time of Termination": -1.0,
            "Cumulative OOB": 0.574999988079071,
            "Time spent OOB": 0.574999988079071,
            "adv_collision": false,
            "iteration": 11
        },
        "12": {
            "Loss": 4.0260844230651855,
            "ego_col": 6.538809299468994,
            "adv_rd": 0.06186375021934509,
            "adv_col": 1.25,
            "Collision Metric": 0.0,
            "Time of Termination": -1.0,
            "Cumulative OOB": 0.0,
            "Time spent OOB": 0.0,
            "adv_collision": false,
            "iteration": 12
        },
        "13": {
            "Loss": 3.763449192047119,
            "ego_col": 6.453545570373535,
            "adv_rd": 0.05299518257379532,
            "adv_col": 1.25,
            "Collision Metric": 0.0,
            "Time of Termination": -1.0,
            "Cumulative OOB": 0.0,
            "Time spent OOB": 0.0,
            "adv_collision": false,
            "iteration": 13
        },
        "14": {
            "Loss": 3.328558921813965,
            "ego_col": 6.144820690155029,
            "adv_rd": 0.046686913818120956,
            "adv_col": 1.25,
            "Collision Metric": 0.0,
            "Time of Termination": -1.0,
            "Cumulative OOB": 0.0,
            "Time spent OOB": 0.0,
            "adv_collision": false,
            "iteration": 14
        },
        "15": {
            "Loss": 3.0231122970581055,
            "ego_col": 5.954010486602783,
            "adv_rd": 0.040955085307359695,
            "adv_col": 1.25,
            "Collision Metric": 0.0,
            "Time of Termination": -1.0,
            "Cumulative OOB": 0.0,
            "Time spent OOB": 0.0,
            "adv_collision": false,
            "iteration": 15
        },
        "16": {
            "Loss": 2.922292709350586,
            "ego_col": 5.893359661102295,
            "adv_rd": 0.038946665823459625,
            "adv_col": 1.25,
            "Collision Metric": 0.0,
            "Time of Termination": -1.0,
            "Cumulative OOB": 0.0,
            "Time spent OOB": 0.0,
            "adv_collision": false,
            "iteration": 16
        },
        "17": {
            "Loss": 2.8832077980041504,
            "ego_col": 5.864300727844238,