{
    "meta_data": {
        "name": "RouteScenario_213",
        "index": 1,
        "town": "Town03",
        "Num_agents": 4
    },
    "is_terminated": true,
    "tot": 71,
    "adv_collision": false,
    "adv_rel_pos_at_collision": [
        0.9995913505554199,
        0.028583969920873642
    ],
    "adv_rel_yaw_at_collision": -3.2439866065979004,
    "Loss": 9.05130386352539,
    "ego_col": 9.31032943725586,
    "adv_rd": 0.1745487004518509,
    "adv_col": 1.25,
    "Collision Metric": 1.0,
    "Time of Termination": 71.0,
    "Cumulative OOB": 0.0,
    "Time spent OOB": 0.0,
    "iteration": 1,
    "first_metrics": {
        "Loss": 9.05130386352539,
        "ego_col": 9.31032943725586,
        "adv_rd": 0.1745487004518509,
        "adv_col": 1.25,
        "Collision Metric": 1.0,
        "Collision Metric_scaled": 2.522596836090088,
        "Collision Metric_thresholded": 1.0,
        "Time of Termination": 71.0,
        "Cumulative OOB": 0.0,
        "Time spent OOB": 0.0,
        "adv_collision": false,
        "iteration": 1
    },
    "all_iterations": {
        "0": {
            "Loss": 10.876169204711914,
            "ego_col": 9.998064994812012,
            "adv_rd": 0.23140524327754974,
            "adv_col": 1.25,
            "Collision Metric": 0.0,
            "Time of Termination": -1.0,
            "Cumulative OOB": 0.0,
            "Time spent OOB": 0.0,
            "adv_collision": false,
            "iteration": 0
        },
        "1": {
            "Loss": 9.05130386352539,
            "ego_col": 9.31032943725586,
            "adv_rd": 0.1745487004518509,
            "adv_col": 1.25,
            "Collision Metric": 1.0,
            "Time of Termination": 71.0,
            "Cumulative OOB": 0.0,
            "Time spent OOB": 0.0,
            "adv_collision": false,
            "iteration": 1
        },
        "2": {
            "Loss": 9.05130386352539,
            "ego_col": 9.31032943725586,
            "adv_rd": 0.1745487004518509,
            "adv_col": 1.25,
            "Collision Metric": 1.0,
            "Time of Termination": 71.0,
            "Cumulative OOB": 0.0,
            "Time spent OOB": 0.0,
            "adv_collision": false,
            "iteration": 2
        },
        "3": {
            "Loss": 9.334221839904785,
            "ego_col": 8.811388969421387,
            "adv_rd": 0.02916122041642666,
            "adv_col": 0.020130546763539314,
            "Collision Metric": 0.0,
            "Time of Termination": -1.0,
            "Cumulative OOB": 0.0,
            "Time spent OOB": 0.0,
            "adv_collision": true,
            "iteration": 3
        },
        "4": {
            "Loss": 8.881484985351562,
            "ego_col": 8.296050071716309,
            "adv_rd": 0.034142132848501205,
            "adv_col": 0.032469168305397034,
            "Collision Metric": 0.0,
            "Time of Termination": -1.0,
            "Cumulative OOB": 0.0,
            "Time spent OOB": 0.0,
            "adv_collision": true,
            "iteration": 4
        },
        "5": {
            "Loss": 6.4542646408081055,
            "ego_col": 7.765756130218506,
            "adv_rd": 0.09380464255809784,
            "adv_col": 1.062528371810913,
            "Collision Metric": 0.0,
            "Time of Termination": -1.0,
            "Cumulative OOB": 0.25,
            "Time spent OOB": 0.25,
            "adv_collision": false,
            "iteration": 5
        },
        "6": {
            "Loss": 6.854971885681152,
            "ego_col": 7.156234264373779,
            "adv_rd": 0.1724368780851364,
            "adv_col": 1.25,
            "Collision Metric": 0.0,
            "Time of Termination": -1.0,
            "Cumulative OOB": 0.23749999701976776,
            "Time spent OOB": 0.23749999701976776,
            "adv_collision": false,
            "iteration": 6
        },
        "7": {
            "Loss": 9.19461441040039,
            "ego_col": 8.724156379699707,
            "adv_rd": 0.21102289855480194,
            "adv_col": 1.25,
            "Collision Metric": 0.0,
            "Time of Termination": -1.0,
            "Cumulative OOB": 0.5,
            "Time spent OOB": 0.5,
            "adv_collision": false,
            "iteration": 7
        },
        "8": {
            "Loss": 8.487865447998047,
            "ego_col": 8.72666072845459,
            "adv_rd": 0.17556020617485046,
            "adv_col": 1.25,
            "Collision Metric": 0.0,
            "Time of Termination": -1.0,
            "Cumulative OOB": 0.5,
            "Time spent OOB": 0.5,
            "adv_collision": false,
            "iteration": 8
        },
        "9": {
            "Loss": 8.079180717468262,
            "ego_col": 8.78073501586914,
            "adv_rd": 0.15242229402065277,
            "adv_col": 1.25,
            "Collision Metric": 0.0,
            "Time of Termination": -1.0,
            "Cumulative OOB": 0.5,
            "Time spent OOB": 0.5,
            "adv_collision": false,
            "iteration": 9
        },
        "10": {
            "Loss": 9.095401763916016,
            "ego_col": 10.244902610778809,
            "adv_rd": 0.1300249546766281,
            "adv_col": 1.25,
            "Collision Metric": 0.0,
            "Time of Termination": -1.0,
            "Cumulative OOB": 0.4749999940395355,
            "Time spent OOB": 0.4749999940395355,
            "adv_collision": false,
            "iteration": 10
        },
        "11": {
            "Loss": 10.446733474731445,
            "ego_col": 11.666360855102539,
            "adv_rd": 0.1265186071395874,
            "adv_col": 1.25,
            "Collision Metric": 0.0,
            "Time of Termination": -1.0,
            "Cumulative OOB": 0.45000001788139343,
            "Time spent OOB": 0.45000001788139343,
            "adv_collision": false,
            "iteration": 11
        },
        "12": {
            "Loss": 9.165595054626465,
            "ego_col": 8.373512268066406,
            "adv_rd": 0.22710414230823517,
            "adv_col": 1.25,
            "Collision Metric": 0.0,
            "Time of Termination": -1.0,
            "Cumulative OOB": 0.2874999940395355,
            "Time spent OOB": 0.2874999940395355,
            "adv_collision": false,
            "iteration": 12
        },
        "13": {
            "Loss": 8.558557510375977,
            "ego_col": 8.329756736755371,
            "adv_rd": 0.19894002377986908,
            "adv_col": 1.25,
            "Collision Metric": 0.0,
            "Time of Termination": -1.0,
            "Cumulative OOB": 0.20000000298023224,
            "Time spent OOB": 0.20000000298023224,
            "adv_collision": false,
            "iteration": 13
        },
        "14": {
            "Loss": 7.186800003051758,
            "ego_col": 8.007742881774902,
            "adv_rd": 0.14645284414291382,
            "adv_col": 1.25,
            "Collision Metric": 0.0,
            "Time of Termination": -1.0,
            "Cumulative OOB": 0.05000000074505806,
            "Time spent OOB": 0.05000000074505806,
            "adv_collision": false,
            "iteration": 14
        },
        "15": {
            "Loss": 10.64794635772705,
            "ego_col": 9.889290809631348,
            "adv_rd": 0.04164445027709007,
            "adv_col": 0.024744508787989616,
            "Collision Metric": 0.0,
            "Time of Termination": -1.0,
            "Cumulative OOB": 0.0,
            "Time spent OOB": 0.0,
            "adv_collision": true,
            "iteration": 15
        },
        "16": {
            "Loss": 10.589576721191406,
            "ego_col": 9.86451244354248,
            "adv_rd": 0.040019359439611435,
            "adv_col": 0.025107672438025475,
            "Collision Metric": 0.0,
            "Time of Termination": -1.0,
            "Cumulative OOB": 0.0,
            "Time spent OOB": 0.0,
            "adv_collision": true,
            "iteration": 16
        },