{
    "meta_data": {
        "name": "RouteScenario_475",
        "index": 3,
        "town": "Town05",
        "Num_agents": 4
    },
    "is_terminated": true,
    "tot": 70,
    "adv_collision": false,
    "adv_rel_pos_at_collision": [
        -0.9478595852851868,
        0.31868818402290344
    ],
    "adv_rel_yaw_at_collision": -0.10338342189788818,
    "Loss": 4.644496917724609,
    "ego_col": 7.857126712799072,
    "adv_rd": 0.026868535205721855,
    "adv_col": 1.25,
    "Collision Metric": 1.0,
    "Time of Termination": 70.0,
    "Cumulative OOB": 0.0,
    "Time spent OOB": 0.0,
    "iteration": 1,
    "first_metrics": {
        "Loss": 4.644496917724609,
        "ego_col": 7.857126712799072,
        "adv_rd": 0.026868535205721855,
        "adv_col": 1.25,
        "Collision Metric": 1.0,
        "Collision Metric_scaled": 0.9012864232063293,
        "Collision Metric_thresholded": 1.0,
        "Time of Termination": 70.0,
        "Cumulative OOB": 0.0,
        "Time spent OOB": 0.0,
        "adv_collision": false,
        "iteration": 1
    },
    "all_iterations": {
        "0": {
            "Loss": 5.586939811706543,
            "ego_col": 8.16446590423584,
            "adv_rd": 0.058623701333999634,
            "adv_col": 1.25,
            "Collision Metric": 0.0,
            "Time of Termination": -1.0,
            "Cumulative OOB": 0.0,
            "Time spent OOB": 0.0,
            "adv_collision": false,
            "iteration": 0
        },
        "1": {
            "Loss": 4.644496917724609,
            "ego_col": 7.857126712799072,
            "adv_rd": 0.026868535205721855,
            "adv_col": 1.25,
            "Collision Metric": 1.0,
            "Time of Termination": 70.0,
            "Cumulative OOB": 0.0,
            "Time spent OOB": 0.0,
            "adv_collision": false,
            "iteration": 1
        },
        "2": {
            "Loss": 4.644496917724609,
            "ego_col": 7.857126712799072,
            "adv_rd": 0.026868535205721855,
            "adv_col": 1.25,
            "Collision Metric": 1.0,
            "Time of Termination": 70.0,
            "Cumulative OOB": 0.0,
            "Time spent OOB": 0.0,
            "adv_collision": false,
            "iteration": 2
        },
        "3": {
            "Loss": 32.5039176940918,
            "ego_col": 35.7916374206543,
            "adv_rd": 0.023113969713449478,
            "adv_col": 1.25,
            "Collision Metric": 0.0,
            "Time of Termination": -1.0,
            "Cumulative OOB": 0.0,
            "Time spent OOB": 0.0,
            "adv_collision": false,
            "iteration": 3
        },
        "4": {
            "Loss": 32.36844253540039,
            "ego_col": 35.597835540771484,
            "adv_rd": 0.026030266657471657,
            "adv_col": 1.25,
            "Collision Metric": 0.0,
            "Time of Termination": -1.0,
            "Cumulative OOB": 0.0,
            "Time spent OOB": 0.0,
            "adv_collision": false,
            "iteration": 4
        },
        "5": {
            "Loss": 32.07610321044922,
            "ego_col": 35.08818054199219,
            "adv_rd": 0.03689616546034813,
            "adv_col": 1.25,
            "Collision Metric": 0.0,
            "Time of Termination": -1.0,
            "Cumulative OOB": 0.0,
            "Time spent OOB": 0.0,
            "adv_collision": false,
            "iteration": 5
        },
        "6": {
            "Loss": 32.08738708496094,
            "ego_col": 34.782718658447266,
            "adv_rd": 0.05273333936929703,
            "adv_col": 1.25,
            "Collision Metric": 0.0,
            "Time of Termination": -1.0,
            "Cumulative OOB": 0.0,
            "Time spent OOB": 0.0,
            "adv_collision": false,
            "iteration": 6
        },
        "7": {
            "Loss": 31.94709014892578,
            "ego_col": 34.462738037109375,
            "adv_rd": 0.0617176778614521,
            "adv_col": 1.25,
            "Collision Metric": 0.0,
            "Time of Termination": -1.0,
            "Cumulative OOB": 0.0,
            "Time spent OOB": 0.0,
            "adv_collision": false,
            "iteration": 7
        },
        "8": {
            "Loss": 31.877727508544922,
            "ego_col": 34.27125930786133,
            "adv_rd": 0.06782347708940506,
            "adv_col": 1.25,
            "Collision Metric": 0.0,
            "Time of Termination": -1.0,
            "Cumulative OOB": 0.0,
            "Time spent OOB": 0.0,
            "adv_collision": false,
            "iteration": 8
        },
        "9": {
            "Loss": 31.529735565185547,
            "ego_col": 33.80440139770508,
            "adv_rd": 0.07376673072576523,
            "adv_col": 1.25,
            "Collision Metric": 0.0,
            "Time of Termination": -1.0,
            "Cumulative OOB": 0.0,
            "Time spent OOB": 0.0,
            "adv_collision": false,
            "iteration": 9
        },
        "10": {
            "Loss": 30.998031616210938,
            "ego_col": 33.2164192199707,
            "adv_rd": 0.07658053934574127,
            "adv_col": 1.25,
            "Collision Metric": 0.0,
            "Time of Termination": -1.0,
            "Cumulative OOB": 0.0,
            "Time spent OOB": 0.0,
            "adv_collision": false,
            "iteration": 10
        },
        "11": {
            "Loss": 39.231014251708984,
            "ego_col": 39.55221176147461,
            "adv_rd": 0.17144016921520233,
            "adv_col": 1.25,
            "Collision Metric": 0.0,
            "Time of Termination": -1.0,
            "Cumulative OOB": 0.5875000357627869,
            "Time spent OOB": 0.5875000357627869,
            "adv_collision": false,
            "iteration": 11
        },
        "12": {
            "Loss": 30.066123962402344,
            "ego_col": 32.44977951049805,
            "adv_rd": 0.0683172270655632,
            "adv_col": 1.25,
            "Collision Metric": 0.0,
            "Time of Termination": -1.0,
            "Cumulative OOB": 0.05000000074505806,
            "Time spent OOB": 0.05000000074505806,
            "adv_collision": false,
            "iteration": 12
        },
        "13": {
            "Loss": 29.92428207397461,
            "ego_col": 32.76569366455078,
            "adv_rd": 0.04542946815490723,
            "adv_col": 1.25,
            "Collision Metric": 0.0,
            "Time of Termination": -1.0,
            "Cumulative OOB": 0.0,
            "Time spent OOB": 0.0,
            "adv_collision": false,
            "iteration": 13
        },
        "14": {
            "Loss": 29.82601547241211,
            "ego_col": 32.90559768676758,
            "adv_rd": 0.033520977944135666,
            "adv_col": 1.25,
            "Collision Metric": 0.0,
            "Time of Termination": -1.0,
            "Cumulative OOB": 0.0,
            "Time spent OOB": 0.0,
            "adv_collision": false,
            "iteration": 14
        },
        "15": {
            "Loss": 29.72890853881836,
            "ego_col": 32.82913589477539,
            "adv_rd": 0.030880305916070938,
            "adv_col": 1.2392780780792236,
            "Collision Metric": 0.0,
            "Time of Termination": -1.0,
            "Cumulative OOB": 0.0,
            "Time spent OOB": 0.0,
            "adv_collision": false,
            "iteration": 15
        },
        "16": {
            "Loss": 29.06656265258789,
            "ego_col": 31.973392486572266,
            "adv_rd": 0.04215848073363304,
            "adv_col": 1.25,
            "Collision Metric": 0.0,
            "Time of Termination": -1.0,
            "Cumulative OOB": 0.0,
            "Time spent OOB": 0.0,
            "adv_collision": false,
            "iteration": 16
        },
        "17": {
            "Loss": 28.469871520996094,
            "ego_col": 31.048120498657227,
            "adv_rd": 0.058587610721588135,
            "adv_col": 1.25,