{
    "meta_data": {
        "name": "RouteScenario_357",
        "index": 5,
        "town": "Town04",
        "Num_agents": 4
    },
    "is_terminated": true,
    "tot": 75,
    "adv_collision": false,
    "adv_rel_pos_at_collision": [
        0.3396388292312622,
        -0.940555989742279
    ],
    "adv_rel_yaw_at_collision": 1.5238983631134033,
    "Loss": 19.13283920288086,
    "ego_col": 19.31324577331543,
    "adv_rd": 0.17847971618175507,
    "adv_col": 1.25,
    "Collision Metric": 1.0,
    "Time of Termination": 75.0,
    "Cumulative OOB": 0.0,
    "Time spent OOB": 0.0,
    "iteration": 7,
    "first_metrics": {
        "Loss": 19.13283920288086,
        "ego_col": 19.31324577331543,
        "adv_rd": 0.17847971618175507,
        "adv_col": 1.25,
        "Collision Metric": 1.0,
        "Collision Metric_scaled": 1.6513258218765259,
        "Collision Metric_thresholded": 1.0,
        "Time of Termination": 75.0,
        "Cumulative OOB": 0.0,
        "Time spent OOB": 0.0,
        "adv_collision": false,
        "iteration": 7
    },
    "all_iterations": {
        "0": {
            "Loss": 19.534278869628906,
            "ego_col": 20.120807647705078,
            "adv_rd": 0.158173605799675,
            "adv_col": 1.25,
            "Collision Metric": 0.0,
            "Time of Termination": -1.0,
            "Cumulative OOB": 0.0,
            "Time spent OOB": 0.0,
            "adv_collision": false,
            "iteration": 0
        },
        "1": {
            "Loss": 21.74062728881836,
            "ego_col": 20.259994506835938,
            "adv_rd": 0.10411590337753296,
            "adv_col": 0.20056171715259552,
            "Collision Metric": 0.0,
            "Time of Termination": -1.0,
            "Cumulative OOB": 0.0,
            "Time spent OOB": 0.0,
            "adv_collision": false,
            "iteration": 1
        },
        "2": {
            "Loss": 21.549631118774414,
            "ego_col": 20.06661605834961,
            "adv_rd": 0.10089629143476486,
            "adv_col": 0.17830367386341095,
            "Collision Metric": 0.0,
            "Time of Termination": -1.0,
            "Cumulative OOB": 0.0,
            "Time spent OOB": 0.0,
            "adv_collision": false,
            "iteration": 2
        },
        "3": {
            "Loss": 18.94785499572754,
            "ego_col": 19.733089447021484,
            "adv_rd": 0.1315414011478424,
            "adv_col": 1.1386877298355103,
            "Collision Metric": 0.0,
            "Time of Termination": -1.0,
            "Cumulative OOB": 0.0,
            "Time spent OOB": 0.0,
            "adv_collision": false,
            "iteration": 3
        },
        "4": {
            "Loss": 19.457015991210938,
            "ego_col": 19.511533737182617,
            "adv_rd": 0.18477408587932587,
            "adv_col": 1.25,
            "Collision Metric": 0.0,
            "Time of Termination": -1.0,
            "Cumulative OOB": 0.0,
            "Time spent OOB": 0.0,
            "adv_collision": false,
            "iteration": 4
        },
        "5": {
            "Loss": 19.773591995239258,
            "ego_col": 19.582029342651367,
            "adv_rd": 0.19707809388637543,
            "adv_col": 1.25,
            "Collision Metric": 0.0,
            "Time of Termination": -1.0,
            "Cumulative OOB": 0.0,
            "Time spent OOB": 0.0,
            "adv_collision": false,
            "iteration": 5
        },
        "6": {
            "Loss": 19.587936401367188,
            "ego_col": 19.499954223632812,
            "adv_rd": 0.19189907610416412,
            "adv_col": 1.25,
            "Collision Metric": 0.0,
            "Time of Termination": -1.0,
            "Cumulative OOB": 0.0,
            "Time spent OOB": 0.0,
            "adv_collision": false,
            "iteration": 6
        },
        "7": {
            "Loss": 19.13283920288086,
            "ego_col": 19.31324577331543,
            "adv_rd": 0.17847971618175507,
            "adv_col": 1.25,
            "Collision Metric": 1.0,
            "Time of Termination": 75.0,
            "Cumulative OOB": 0.0,
            "Time spent OOB": 0.0,
            "adv_collision": false,
            "iteration": 7
        },
        "8": {
            "Loss": 19.13283920288086,
            "ego_col": 19.31324577331543,
            "adv_rd": 0.17847971618175507,
            "adv_col": 1.25,
            "Collision Metric": 1.0,
            "Time of Termination": 75.0,
            "Cumulative OOB": 0.0,
            "Time spent OOB": 0.0,
            "adv_collision": false,
            "iteration": 8
        },
        "9": {
            "Loss": 11.454609870910645,
            "ego_col": 13.717065811157227,
            "adv_rd": 0.07437719404697418,
            "adv_col": 1.25,
            "Collision Metric": 0.0,
            "Time of Termination": -1.0,
            "Cumulative OOB": 0.0,
            "Time spent OOB": 0.0,
            "adv_collision": false,
            "iteration": 9
        },
        "10": {
            "Loss": 11.312456130981445,
            "ego_col": 13.61614990234375,
            "adv_rd": 0.0723152905702591,
            "adv_col": 1.25,
            "Collision Metric": 0.0,
            "Time of Termination": -1.0,
            "Cumulative OOB": 0.0,
            "Time spent OOB": 0.0,
            "adv_collision": false,
            "iteration": 10
        },
        "11": {
            "Loss": 11.26644515991211,
            "ego_col": 13.604483604431152,
            "adv_rd": 0.0705980509519577,
            "adv_col": 1.25,
            "Collision Metric": 0.0,
            "Time of Termination": -1.0,
            "Cumulative OOB": 0.0,
            "Time spent OOB": 0.0,
            "adv_collision": false,
            "iteration": 11
        },
        "12": {
            "Loss": 11.17231273651123,
            "ego_col": 13.555160522460938,
            "adv_rd": 0.06835761666297913,
            "adv_col": 1.25,
            "Collision Metric": 0.0,
            "Time of Termination": -1.0,
            "Cumulative OOB": 0.0,
            "Time spent OOB": 0.0,
            "adv_collision": false,
            "iteration": 12
        },
        "13": {
            "Loss": 11.05472183227539,
            "ego_col": 13.47778034210205,
            "adv_rd": 0.06634707748889923,
            "adv_col": 1.25,
            "Collision Metric": 0.0,
            "Time of Termination": -1.0,
            "Cumulative OOB": 0.0,
            "Time spent OOB": 0.0,
            "adv_collision": false,
            "iteration": 13
        },
        "14": {
            "Loss": 10.932363510131836,
            "ego_col": 13.4070405960083,
            "adv_rd": 0.06376614421606064,
            "adv_col": 1.25,
            "Collision Metric": 0.0,
            "Time of Termination": -1.0,
            "Cumulative OOB": 0.0,
            "Time spent OOB": 0.0,
            "adv_collision": false,
            "iteration": 14
        },
        "15": {
            "Loss": 10.840697288513184,
            "ego_col": 13.361849784851074,
            "adv_rd": 0.06144237145781517,
            "adv_col": 1.25,
            "Collision Metric": 0.0,
            "Time of Termination": -1.0,
            "Cumulative OOB": 0.0,
            "Time spent OOB": 0.0,
            "adv_collision": false,
            "iteration": 15
        },
        "16": {
            "Loss": 9.950105667114258,
            "ego_col": 12.493053436279297,
            "adv_rd": 0.06035261228680611,
            "adv_col": 1.25,
            "Collision Metric": 1.0,
            "Time of Termination": 52.0,
            "Cumulative OOB": 0.0,
            "Time spent OOB": 0.0,
            "adv_collision": false,
            "iteration": 16
        },
        "17": {
            "Loss": 9.950105667114258,
            "ego_col": 12.493053436279297,
            "adv_rd": 0.06035261228680611,
            "adv_col": 1.25,
            "Collision Metric": 1.0,