{
    "meta_data": {
        "name": "RouteScenario_286",
        "index": 4,
        "town": "Town03",
        "Num_agents": 4
    },
    "is_terminated": true,
    "tot": 22,
    "adv_collision": false,
    "adv_rel_pos_at_collision": [
        0.9673827290534973,
        0.2533193826675415
    ],
    "adv_rel_yaw_at_collision": 6.067588806152344,
    "Loss": -3.0714244842529297,
    "ego_col": 0.38659384846687317,
    "adv_rd": 0.014599079266190529,
    "adv_col": 1.25,
    "Collision Metric": 1.0,
    "Time of Termination": 22.0,
    "Cumulative OOB": 0.0,
    "Time spent OOB": 0.0,
    "iteration": 24,
    "first_metrics": {
        "Loss": -3.0714244842529297,
        "ego_col": 0.38659384846687317,
        "adv_rd": 0.014599079266190529,
        "adv_col": 1.25,
        "Collision Metric": 1.0,
        "Collision Metric_scaled": 1.9323186874389648,
        "Collision Metric_thresholded": 1.0,
        "Time of Termination": 22.0,
        "Cumulative OOB": 0.0,
        "Time spent OOB": 0.0,
        "adv_collision": false,
        "iteration": 24
    },
    "all_iterations": {
        "0": {
            "Loss": 3.2617197036743164,
            "ego_col": 4.6040849685668945,
            "adv_rd": 0.12038173526525497,
            "adv_col": 1.25,
            "Collision Metric": 0.0,
            "Time of Termination": -1.0,
            "Cumulative OOB": 0.0,
            "Time spent OOB": 0.0,
            "adv_collision": false,
            "iteration": 0
        },
        "1": {
            "Loss": 7.573825836181641,
            "ego_col": 5.244998931884766,
            "adv_rd": 0.11712296307086945,
            "adv_col": 0.004544161260128021,
            "Collision Metric": 0.0,
            "Time of Termination": -1.0,
            "Cumulative OOB": 0.0,
            "Time spent OOB": 0.0,
            "adv_collision": true,
            "iteration": 1
        },
        "2": {
            "Loss": 2.9592952728271484,
            "ego_col": 4.176191806793213,
            "adv_rd": 0.10761898756027222,
            "adv_col": 1.1230920553207397,
            "Collision Metric": 0.0,
            "Time of Termination": -1.0,
            "Cumulative OOB": 0.11250000447034836,
            "Time spent OOB": 0.11250000447034836,
            "adv_collision": false,
            "iteration": 2
        },
        "3": {
            "Loss": 3.0931906700134277,
            "ego_col": 3.798776388168335,
            "adv_rd": 0.1522207111120224,
            "adv_col": 1.25,
            "Collision Metric": 0.0,
            "Time of Termination": -1.0,
            "Cumulative OOB": 0.08749999850988388,
            "Time spent OOB": 0.08749999850988388,
            "adv_collision": false,
            "iteration": 3
        },
        "4": {
            "Loss": 3.448719024658203,
            "ego_col": 3.6376607418060303,
            "adv_rd": 0.1780529022216797,
            "adv_col": 1.25,
            "Collision Metric": 0.0,
            "Time of Termination": -1.0,
            "Cumulative OOB": 0.07500000298023224,
            "Time spent OOB": 0.07500000298023224,
            "adv_collision": false,
            "iteration": 4
        },
        "5": {
            "Loss": 3.247535228729248,
            "ego_col": 3.6266427040100098,
            "adv_rd": 0.16854462027549744,
            "adv_col": 1.25,
            "Collision Metric": 0.0,
            "Time of Termination": -1.0,
            "Cumulative OOB": 0.07500000298023224,
            "Time spent OOB": 0.07500000298023224,
            "adv_collision": false,
            "iteration": 5
        },
        "6": {
            "Loss": 2.630748748779297,
            "ego_col": 3.645146131515503,
            "adv_rd": 0.13678012788295746,
            "adv_col": 1.25,
            "Collision Metric": 0.0,
            "Time of Termination": -1.0,
            "Cumulative OOB": 0.07500000298023224,
            "Time spent OOB": 0.07500000298023224,
            "adv_collision": false,
            "iteration": 6
        },
        "7": {
            "Loss": 5.103397369384766,
            "ego_col": 3.8723220825195312,
            "adv_rd": 0.11413548141717911,
            "adv_col": 0.35054484009742737,
            "Collision Metric": 0.0,
            "Time of Termination": -1.0,
            "Cumulative OOB": 0.02500000037252903,
            "Time spent OOB": 0.02500000037252903,
            "adv_collision": false,
            "iteration": 7
        },
        "8": {
            "Loss": 3.2775726318359375,
            "ego_col": 4.412303924560547,
            "adv_rd": 0.130763441324234,
            "adv_col": 1.25,
            "Collision Metric": 0.0,
            "Time of Termination": -1.0,
            "Cumulative OOB": 0.512499988079071,
            "Time spent OOB": 0.512499988079071,
            "adv_collision": false,
            "iteration": 8
        },
        "9": {
            "Loss": 2.963388442993164,
            "ego_col": 4.113071918487549,
            "adv_rd": 0.13001583516597748,
            "adv_col": 1.25,
            "Collision Metric": 0.0,
            "Time of Termination": -1.0,
            "Cumulative OOB": 0.5,
            "Time spent OOB": 0.5,
            "adv_collision": false,
            "iteration": 9
        },
        "10": {
            "Loss": 1.9940366744995117,
            "ego_col": 3.6930553913116455,
            "adv_rd": 0.10254907608032227,
            "adv_col": 1.25,
            "Collision Metric": 0.0,
            "Time of Termination": -1.0,
            "Cumulative OOB": 0.48750001192092896,
            "Time spent OOB": 0.48750001192092896,
            "adv_collision": false,
            "iteration": 10
        },
        "11": {
            "Loss": 0.30480527877807617,
            "ego_col": 3.4178009033203125,
            "adv_rd": 0.031850218772888184,
            "adv_col": 1.25,
            "Collision Metric": 0.0,
            "Time of Termination": -1.0,
            "Cumulative OOB": 0.5,
            "Time spent OOB": 0.5,
            "adv_collision": false,
            "iteration": 11
        },
        "12": {
            "Loss": 0.15521025657653809,
            "ego_col": 3.322169065475464,
            "adv_rd": 0.029152056202292442,
            "adv_col": 1.25,
            "Collision Metric": 0.0,
            "Time of Termination": -1.0,
            "Cumulative OOB": 0.48750001192092896,
            "Time spent OOB": 0.48750001192092896,
            "adv_collision": false,
            "iteration": 12
        },
        "13": {
            "Loss": 0.615483283996582,
            "ego_col": 3.611909866333008,
            "adv_rd": 0.03767868131399155,
            "adv_col": 1.25,
            "Collision Metric": 0.0,
            "Time of Termination": -1.0,
            "Cumulative OOB": 0.4749999940395355,
            "Time spent OOB": 0.4749999940395355,
            "adv_collision": false,
            "iteration": 13
        },
        "14": {
            "Loss": 0.7459282875061035,
            "ego_col": 3.330585479736328,
            "adv_rd": 0.05826714262366295,
            "adv_col": 1.25,
            "Collision Metric": 0.0,
            "Time of Termination": -1.0,
            "Cumulative OOB": 0.4625000059604645,
            "Time spent OOB": 0.4625000059604645,
            "adv_collision": false,
            "iteration": 14
        },
        "15": {
            "Loss": 1.9658074378967285,
            "ego_col": 4.439433574676514,
            "adv_rd": 0.06381870061159134,
            "adv_col": 1.25,
            "Collision Metric": 0.0,
            "Time of Termination": -1.0,
            "Cumulative OOB": 0.4625000059604645,
            "Time spent OOB": 0.4625000059604645,
            "adv_collision": false,
            "iteration": 15
        },
        "16": {
            "Loss": 1.9694414138793945,
            "ego_col": 4.504546642303467,
            "adv_rd": 0.0607447512447834,
            "adv_col": 1.25,
            "Collision Metric": 0.0,