{
    "meta_data": {
        "name": "RouteScenario_295",
        "index": 3,
        "town": "Town03",
        "Num_agents": 4
    },
    "is_terminated": true,
    "tot": 79,
    "adv_collision": false,
    "adv_rel_pos_at_collision": [
        0.9384675025939941,
        -0.3453676998615265
    ],
    "adv_rel_yaw_at_collision": -3.3066153526306152,
    "Loss": 16.395374298095703,
    "ego_col": 18.90565299987793,
    "adv_rd": 0.06198609620332718,
    "adv_col": 1.25,
    "Collision Metric": 1.0,
    "Time of Termination": 79.0,
    "Cumulative OOB": 0.0,
    "Time spent OOB": 0.0,
    "iteration": 17,
    "first_metrics": {
        "Loss": 16.395374298095703,
        "ego_col": 18.90565299987793,
        "adv_rd": 0.06198609620332718,
        "adv_col": 1.25,
        "Collision Metric": 1.0,
        "Collision Metric_scaled": 2.6421561241149902,
        "Collision Metric_thresholded": 1.0,
        "Time of Termination": 79.0,
        "Cumulative OOB": 0.0,
        "Time spent OOB": 0.0,
        "adv_collision": false,
        "iteration": 17
    },
    "all_iterations": {
        "0": {
            "Loss": 21.323637008666992,
            "ego_col": 22.896604537963867,
            "adv_rd": 0.1088516116142273,
            "adv_col": 1.25,
            "Collision Metric": 0.0,
            "Time of Termination": -1.0,
            "Cumulative OOB": 0.0,
            "Time spent OOB": 0.0,
            "adv_collision": false,
            "iteration": 0
        },
        "1": {
            "Loss": 20.471248626708984,
            "ego_col": 23.02374839782715,
            "adv_rd": 0.05987504869699478,
            "adv_col": 1.25,
            "Collision Metric": 0.0,
            "Time of Termination": -1.0,
            "Cumulative OOB": 0.0,
            "Time spent OOB": 0.0,
            "adv_collision": false,
            "iteration": 1
        },
        "2": {
            "Loss": 20.134246826171875,
            "ego_col": 22.632471084594727,
            "adv_rd": 0.06258876621723175,
            "adv_col": 1.25,
            "Collision Metric": 0.0,
            "Time of Termination": -1.0,
            "Cumulative OOB": 0.0,
            "Time spent OOB": 0.0,
            "adv_collision": false,
            "iteration": 2
        },
        "3": {
            "Loss": 19.634641647338867,
            "ego_col": 22.09527015686035,
            "adv_rd": 0.06446855515241623,
            "adv_col": 1.25,
            "Collision Metric": 0.0,
            "Time of Termination": -1.0,
            "Cumulative OOB": 0.0,
            "Time spent OOB": 0.0,
            "adv_collision": false,
            "iteration": 3
        },
        "4": {
            "Loss": 19.18842124938965,
            "ego_col": 21.631269454956055,
            "adv_rd": 0.06535759568214417,
            "adv_col": 1.25,
            "Collision Metric": 0.0,
            "Time of Termination": -1.0,
            "Cumulative OOB": 0.0,
            "Time spent OOB": 0.0,
            "adv_collision": false,
            "iteration": 4
        },
        "5": {
            "Loss": 18.87288475036621,
            "ego_col": 21.2731876373291,
            "adv_rd": 0.06748483330011368,
            "adv_col": 1.25,
            "Collision Metric": 0.0,
            "Time of Termination": -1.0,
            "Cumulative OOB": 0.0,
            "Time spent OOB": 0.0,
            "adv_collision": false,
            "iteration": 5
        },
        "6": {
            "Loss": 18.69092559814453,
            "ego_col": 21.03346824645996,
            "adv_rd": 0.07037283480167389,
            "adv_col": 1.25,
            "Collision Metric": 0.0,
            "Time of Termination": -1.0,
            "Cumulative OOB": 0.0,
            "Time spent OOB": 0.0,
            "adv_collision": false,
            "iteration": 6
        },
        "7": {
            "Loss": 18.484060287475586,
            "ego_col": 20.883337020874023,
            "adv_rd": 0.06753619015216827,
            "adv_col": 1.25,
            "Collision Metric": 0.0,
            "Time of Termination": -1.0,
            "Cumulative OOB": 0.0,
            "Time spent OOB": 0.0,
            "adv_collision": false,
            "iteration": 7
        },
        "8": {
            "Loss": 18.243906021118164,
            "ego_col": 20.713558197021484,
            "adv_rd": 0.0640174150466919,
            "adv_col": 1.25,
            "Collision Metric": 0.0,
            "Time of Termination": -1.0,
            "Cumulative OOB": 0.0,
            "Time spent OOB": 0.0,
            "adv_collision": false,
            "iteration": 8
        },
        "9": {
            "Loss": 18.02829360961914,
            "ego_col": 20.51123046875,
            "adv_rd": 0.06335319578647614,
            "adv_col": 1.25,
            "Collision Metric": 0.0,
            "Time of Termination": -1.0,
            "Cumulative OOB": 0.0,
            "Time spent OOB": 0.0,
            "adv_collision": false,
            "iteration": 9
        },
        "10": {
            "Loss": 17.855756759643555,
            "ego_col": 20.269800186157227,
            "adv_rd": 0.06679780036211014,
            "adv_col": 1.25,
            "Collision Metric": 0.0,
            "Time of Termination": -1.0,
            "Cumulative OOB": 0.0,
            "Time spent OOB": 0.0,
            "adv_collision": false,
            "iteration": 10
        },
        "11": {
            "Loss": 17.65555191040039,
            "ego_col": 20.038217544555664,
            "adv_rd": 0.06836672127246857,
            "adv_col": 1.25,
            "Collision Metric": 0.0,
            "Time of Termination": -1.0,
            "Cumulative OOB": 0.0,
            "Time spent OOB": 0.0,
            "adv_collision": false,
            "iteration": 11
        },
        "12": {
            "Loss": 17.424514770507812,
            "ego_col": 19.848608016967773,
            "adv_rd": 0.06629530340433121,
            "adv_col": 1.25,
            "Collision Metric": 0.0,
            "Time of Termination": -1.0,
            "Cumulative OOB": 0.0,
            "Time spent OOB": 0.0,
            "adv_collision": false,
            "iteration": 12
        },
        "13": {
            "Loss": 17.186058044433594,
            "ego_col": 19.67233657836914,
            "adv_rd": 0.06318604946136475,
            "adv_col": 1.25,
            "Collision Metric": 0.0,
            "Time of Termination": -1.0,
            "Cumulative OOB": 0.0,
            "Time spent OOB": 0.0,
            "adv_collision": false,
            "iteration": 13
        },
        "14": {
            "Loss": 17.002330780029297,
            "ego_col": 19.48674964904785,
            "adv_rd": 0.06327901780605316,
            "adv_col": 1.25,
            "Collision Metric": 0.0,
            "Time of Termination": -1.0,
            "Cumulative OOB": 0.0,
            "Time spent OOB": 0.0,
            "adv_collision": false,
            "iteration": 14
        },
        "15": {
            "Loss": 16.80031394958496,
            "ego_col": 19.283475875854492,
            "adv_rd": 0.06334191560745239,
            "adv_col": 1.25,
            "Collision Metric": 0.0,
            "Time of Termination": -1.0,
            "Cumulative OOB": 0.0,
            "Time spent OOB": 0.0,
            "adv_collision": false,
            "iteration": 15
        },
        "16": {
            "Loss": 16.593006134033203,
            "ego_col": 19.08261489868164,
            "adv_rd": 0.06301955133676529,
            "adv_col": 1.25,
            "Collision Metric": 0.0,
            "Time of Termination": -1.0,
            "Cumulative OOB": 0.0,
            "Time spent OOB": 0.0,
            "adv_collision": false,
            "iteration": 16
        },
        "17": {
            "Loss": 16.395374298095703,
            "ego_col": 18.90565299987793,
            "adv_rd": 0.06198609620332718,
            "adv_col": 1.25,
            "Collision Metric": 1.0,
            "Time of Termination": 79.0,