{
    "meta_data": {
        "name": "RouteScenario_533",
        "index": 1,
        "town": "Town05",
        "Num_agents": 4
    },
    "is_terminated": true,
    "tot": 55,
    "adv_collision": false,
    "adv_rel_pos_at_collision": [
        0.9899610877037048,
        0.1413399577140808
    ],
    "adv_rel_yaw_at_collision": 6.1530961990356445,
    "Loss": -1.619459867477417,
    "ego_col": 1.1626876592636108,
    "adv_rd": 0.04839262738823891,
    "adv_col": 1.25,
    "Collision Metric": 1.0,
    "Time of Termination": 55.0,
    "Cumulative OOB": 0.0,
    "Time spent OOB": 0.0,
    "iteration": 28,
    "first_metrics": {
        "Loss": -1.619459867477417,
        "ego_col": 1.1626876592636108,
        "adv_rd": 0.04839262738823891,
        "adv_col": 1.25,
        "Collision Metric": 1.0,
        "Collision Metric_scaled": 1.0674712657928467,
        "Collision Metric_thresholded": 1.0,
        "Time of Termination": 55.0,
        "Cumulative OOB": 0.0,
        "Time spent OOB": 0.0,
        "adv_collision": false,
        "iteration": 28
    },
    "all_iterations": {
        "0": {
            "Loss": -1.54585599899292,
            "ego_col": 1.6488453149795532,
            "adv_rd": 0.027764929458498955,
            "adv_col": 1.25,
            "Collision Metric": 0.0,
            "Time of Termination": -1.0,
            "Cumulative OOB": 0.0,
            "Time spent OOB": 0.0,
            "adv_collision": false,
            "iteration": 0
        },
        "1": {
            "Loss": 1.7302120923995972,
            "ego_col": 1.59993577003479,
            "adv_rd": 0.013608810491859913,
            "adv_col": 0.047299984842538834,
            "Collision Metric": 0.0,
            "Time of Termination": -1.0,
            "Cumulative OOB": 0.0,
            "Time spent OOB": 0.0,
            "adv_collision": true,
            "iteration": 1
        },
        "2": {
            "Loss": 0.011060833930969238,
            "ego_col": 1.4366809129714966,
            "adv_rd": 0.017250634729862213,
            "adv_col": 0.5902109146118164,
            "Collision Metric": 0.0,
            "Time of Termination": -1.0,
            "Cumulative OOB": 0.23749999701976776,
            "Time spent OOB": 0.23749999701976776,
            "adv_collision": false,
            "iteration": 2
        },
        "3": {
            "Loss": -0.9027276039123535,
            "ego_col": 1.7984479665756226,
            "adv_rd": 0.05244121700525284,
            "adv_col": 1.25,
            "Collision Metric": 0.0,
            "Time of Termination": -1.0,
            "Cumulative OOB": 0.23749999701976776,
            "Time spent OOB": 0.23749999701976776,
            "adv_collision": false,
            "iteration": 3
        },
        "4": {
            "Loss": -0.5825304985046387,
            "ego_col": 1.8961372375488281,
            "adv_rd": 0.06356661766767502,
            "adv_col": 1.25,
            "Collision Metric": 0.0,
            "Time of Termination": -1.0,
            "Cumulative OOB": 0.32500001788139343,
            "Time spent OOB": 0.32500001788139343,
            "adv_collision": false,
            "iteration": 4
        },
        "5": {
            "Loss": -1.7343294620513916,
            "ego_col": 1.868808388710022,
            "adv_rd": 0.007343107368797064,
            "adv_col": 1.25,
            "Collision Metric": 0.0,
            "Time of Termination": -1.0,
            "Cumulative OOB": 0.38750001788139343,
            "Time spent OOB": 0.38750001788139343,
            "adv_collision": false,
            "iteration": 5
        },
        "6": {
            "Loss": -1.6542890071868896,
            "ego_col": 1.795549750328064,
            "adv_rd": 0.01500806212425232,
            "adv_col": 1.25,
            "Collision Metric": 0.0,
            "Time of Termination": -1.0,
            "Cumulative OOB": 0.375,
            "Time spent OOB": 0.375,
            "adv_collision": false,
            "iteration": 6
        },
        "7": {
            "Loss": 1.2987699508666992,
            "ego_col": 1.6929082870483398,
            "adv_rd": 0.10139888525009155,
            "adv_col": 0.8073720335960388,
            "Collision Metric": 0.0,
            "Time of Termination": -1.0,
            "Cumulative OOB": 0.3125,
            "Time spent OOB": 0.3125,
            "adv_collision": false,
            "iteration": 7
        },
        "8": {
            "Loss": -2.189502716064453,
            "ego_col": 1.4920819997787476,
            "adv_rd": 0.0034207601565867662,
            "adv_col": 1.25,
            "Collision Metric": 0.0,
            "Time of Termination": -1.0,
            "Cumulative OOB": 0.4375,
            "Time spent OOB": 0.4375,
            "adv_collision": false,
            "iteration": 8
        },
        "9": {
            "Loss": -1.8366445302963257,
            "ego_col": 1.281396746635437,
            "adv_rd": 0.031597934663295746,
            "adv_col": 1.25,
            "Collision Metric": 0.0,
            "Time of Termination": -1.0,
            "Cumulative OOB": 0.36250001192092896,
            "Time spent OOB": 0.36250001192092896,
            "adv_collision": false,
            "iteration": 9
        },
        "10": {
            "Loss": -2.1360249519348145,
            "ego_col": 1.0669573545455933,
            "adv_rd": 0.027350885793566704,
            "adv_col": 1.25,
            "Collision Metric": 0.0,
            "Time of Termination": -1.0,
            "Cumulative OOB": 0.36250001192092896,
            "Time spent OOB": 0.36250001192092896,
            "adv_collision": false,
            "iteration": 10
        },
        "11": {
            "Loss": -1.790140151977539,
            "ego_col": 1.2954109907150269,
            "adv_rd": 0.033222444355487823,
            "adv_col": 1.25,
            "Collision Metric": 0.0,
            "Time of Termination": -1.0,
            "Cumulative OOB": 0.3499999940395355,
            "Time spent OOB": 0.3499999940395355,
            "adv_collision": false,
            "iteration": 11
        },
        "12": {
            "Loss": -0.6913666725158691,
            "ego_col": 1.9977458715438843,
            "adv_rd": 0.05304436758160591,
            "adv_col": 1.25,
            "Collision Metric": 0.0,
            "Time of Termination": -1.0,
            "Cumulative OOB": 0.32500001788139343,
            "Time spent OOB": 0.32500001788139343,
            "adv_collision": false,
            "iteration": 12
        },
        "13": {
            "Loss": -0.7036013603210449,
            "ego_col": 2.999126672744751,
            "adv_rd": 0.0023635998368263245,
            "adv_col": 1.25,
            "Collision Metric": 0.0,
            "Time of Termination": -1.0,
            "Cumulative OOB": 0.4375,
            "Time spent OOB": 0.4375,
            "adv_collision": false,
            "iteration": 13
        },
        "14": {
            "Loss": 1.8182744979858398,
            "ego_col": 4.529405117034912,
            "adv_rd": 0.05194348096847534,
            "adv_col": 1.25,
            "Collision Metric": 0.0,
            "Time of Termination": -1.0,
            "Cumulative OOB": 0.30000001192092896,
            "Time spent OOB": 0.30000001192092896,
            "adv_collision": false,
            "iteration": 14
        },
        "15": {
            "Loss": 2.78023624420166,
            "ego_col": 5.697221279144287,
            "adv_rd": 0.04165075346827507,
            "adv_col": 1.25,
            "Collision Metric": 0.0,
            "Time of Termination": -1.0,
            "Cumulative OOB": 0.30000001192092896,
            "Time spent OOB": 0.30000001192092896,
            "adv_collision": false,
            "iteration": 15
        },
        "16": {
            "Loss": 1.3144221305847168,
            "ego_col": 5.006536960601807,
            "adv_rd": 0.002894269535318017,
            "adv_col": 1.25,
            "Collision Metric": 0.0,