{
    "meta_data": {
        "name": "RouteScenario_346",
        "index": 4,
        "town": "Town04",
        "Num_agents": 4
    },
    "is_terminated": true,
    "tot": 51,
    "adv_collision": false,
    "adv_rel_pos_at_collision": [
        0.9626324772834778,
        -0.2708112895488739
    ],
    "adv_rel_yaw_at_collision": -2.6747865676879883,
    "Loss": 12.970516204833984,
    "ego_col": 13.901434898376465,
    "adv_rd": 0.14095409214496613,
    "adv_col": 1.25,
    "Collision Metric": 1.0,
    "Time of Termination": 51.0,
    "Cumulative OOB": 0.0,
    "Time spent OOB": 0.0,
    "iteration": 1,
    "first_metrics": {
        "Loss": 12.970516204833984,
        "ego_col": 13.901434898376465,
        "adv_rd": 0.14095409214496613,
        "adv_col": 1.25,
        "Collision Metric": 1.0,
        "Collision Metric_scaled": 0.00014468653535004705,
        "Collision Metric_thresholded": 0.0,
        "Time of Termination": 51.0,
        "Cumulative OOB": 0.0,
        "Time spent OOB": 0.0,
        "adv_collision": false,
        "iteration": 1
    },
    "all_iterations": {
        "0": {
            "Loss": 14.569122314453125,
            "ego_col": 15.719807624816895,
            "adv_rd": 0.11136329174041748,
            "adv_col": 1.125983715057373,
            "Collision Metric": 0.0,
            "Time of Termination": -1.0,
            "Cumulative OOB": 0.0,
            "Time spent OOB": 0.0,
            "adv_collision": false,
            "iteration": 0
        },
        "1": {
            "Loss": 12.970516204833984,
            "ego_col": 13.901434898376465,
            "adv_rd": 0.14095409214496613,
            "adv_col": 1.25,
            "Collision Metric": 1.0,
            "Time of Termination": 51.0,
            "Cumulative OOB": 0.0,
            "Time spent OOB": 0.0,
            "adv_collision": false,
            "iteration": 1
        },
        "2": {
            "Loss": 12.970516204833984,
            "ego_col": 13.901434898376465,
            "adv_rd": 0.14095409214496613,
            "adv_col": 1.25,
            "Collision Metric": 1.0,
            "Time of Termination": 51.0,
            "Cumulative OOB": 0.0,
            "Time spent OOB": 0.0,
            "adv_collision": false,
            "iteration": 2
        },
        "3": {
            "Loss": 11.817530632019043,
            "ego_col": 14.408174514770508,
            "adv_rd": 0.05796780064702034,
            "adv_col": 1.25,
            "Collision Metric": 0.0,
            "Time of Termination": -1.0,
            "Cumulative OOB": 0.0,
            "Time spent OOB": 0.0,
            "adv_collision": false,
            "iteration": 3
        },
        "4": {
            "Loss": 11.682706832885742,
            "ego_col": 14.262582778930664,
            "adv_rd": 0.05850620195269585,
            "adv_col": 1.25,
            "Collision Metric": 0.0,
            "Time of Termination": -1.0,
            "Cumulative OOB": 0.0,
            "Time spent OOB": 0.0,
            "adv_collision": false,
            "iteration": 4
        },
        "5": {
            "Loss": 11.09630012512207,
            "ego_col": 13.813117027282715,
            "adv_rd": 0.05165913328528404,
            "adv_col": 1.25,
            "Collision Metric": 1.0,
            "Time of Termination": 64.0,
            "Cumulative OOB": 0.0,
            "Time spent OOB": 0.0,
            "adv_collision": false,
            "iteration": 5
        },
        "6": {
            "Loss": 11.09630012512207,
            "ego_col": 13.813117027282715,
            "adv_rd": 0.05165913328528404,
            "adv_col": 1.25,
            "Collision Metric": 1.0,
            "Time of Termination": 64.0,
            "Cumulative OOB": 0.0,
            "Time spent OOB": 0.0,
            "adv_collision": false,
            "iteration": 6
        },
        "7": {
            "Loss": 12.425172805786133,
            "ego_col": 14.595799446105957,
            "adv_rd": 0.07896869629621506,
            "adv_col": 1.25,
            "Collision Metric": 0.0,
            "Time of Termination": -1.0,
            "Cumulative OOB": 0.0,
            "Time spent OOB": 0.0,
            "adv_collision": false,
            "iteration": 7
        },
        "8": {
            "Loss": 12.038914680480957,
            "ego_col": 14.587701797485352,
            "adv_rd": 0.06006064638495445,
            "adv_col": 1.25,
            "Collision Metric": 0.0,
            "Time of Termination": -1.0,
            "Cumulative OOB": 0.0,
            "Time spent OOB": 0.0,
            "adv_collision": false,
            "iteration": 8
        },
        "9": {
            "Loss": 11.774839401245117,
            "ego_col": 14.55734920501709,
            "adv_rd": 0.04837452992796898,
            "adv_col": 1.25,
            "Collision Metric": 0.0,
            "Time of Termination": -1.0,
            "Cumulative OOB": 0.0,
            "Time spent OOB": 0.0,
            "adv_collision": false,
            "iteration": 9
        },
        "10": {
            "Loss": 12.665995597839355,
            "ego_col": 14.452115058898926,
            "adv_rd": 0.04226114973425865,
            "adv_col": 0.8771143555641174,
            "Collision Metric": 0.0,
            "Time of Termination": -1.0,
            "Cumulative OOB": 0.0,
            "Time spent OOB": 0.0,
            "adv_collision": false,
            "iteration": 10
        },
        "11": {
            "Loss": 12.12144660949707,
            "ego_col": 14.363568305969238,
            "adv_rd": 0.04357950761914253,
            "adv_col": 1.0379040241241455,
            "Collision Metric": 0.0,
            "Time of Termination": -1.0,
            "Cumulative OOB": 0.0,
            "Time spent OOB": 0.0,
            "adv_collision": false,
            "iteration": 11
        },
        "12": {
            "Loss": 11.456416130065918,
            "ego_col": 13.653203010559082,
            "adv_rd": 0.07766065746545792,
            "adv_col": 1.25,
            "Collision Metric": 1.0,
            "Time of Termination": 50.0,
            "Cumulative OOB": 0.0,
            "Time spent OOB": 0.0,
            "adv_collision": false,
            "iteration": 12
        },
        "13": {
            "Loss": 11.456416130065918,
            "ego_col": 13.653203010559082,
            "adv_rd": 0.07766065746545792,
            "adv_col": 1.25,
            "Collision Metric": 1.0,
            "Time of Termination": 50.0,
            "Cumulative OOB": 0.0,
            "Time spent OOB": 0.0,
            "adv_collision": false,
            "iteration": 13
        },
        "14": {
            "Loss": 12.557266235351562,
            "ego_col": 15.11993408203125,
            "adv_rd": 0.059366609901189804,
            "adv_col": 1.25,
            "Collision Metric": 0.0,
            "Time of Termination": -1.0,
            "Cumulative OOB": 0.0,
            "Time spent OOB": 0.0,
            "adv_collision": false,
            "iteration": 14
        },
        "15": {
            "Loss": 12.74006462097168,
            "ego_col": 14.9851655960083,
            "adv_rd": 0.06258310377597809,
            "adv_col": 1.1655877828598022,
            "Collision Metric": 0.0,
            "Time of Termination": -1.0,
            "Cumulative OOB": 0.0,
            "Time spent OOB": 0.0,
            "adv_collision": false,
            "iteration": 15
        },
        "16": {
            "Loss": 12.540931701660156,
            "ego_col": 14.895288467407227,
            "adv_rd": 0.06978212296962738,
            "adv_col": 1.25,
            "Collision Metric": 0.0,
            "Time of Termination": -1.0,
            "Cumulative OOB": 0.0,
            "Time spent OOB": 0.0,
            "adv_collision": false,
            "iteration": 16
        },
        "17": {
            "Loss": 12.581226348876953,
            "ego_col": 14.849328994750977,
            "adv_rd": 0.07409489154815674,
            "adv_col": 1.25,