{
    "meta_data": {
        "name": "RouteScenario_467",
        "index": 5,
        "town": "Town05",
        "Num_agents": 4
    },
    "is_terminated": true,
    "tot": 66,
    "adv_collision": false,
    "adv_rel_pos_at_collision": [
        0.21706104278564453,
        -0.976158082485199
    ],
    "adv_rel_yaw_at_collision": 0.08840443938970566,
    "Loss": -1.4893736839294434,
    "ego_col": 1.9326517581939697,
    "adv_rd": 0.016398731619119644,
    "adv_col": 1.25,
    "Collision Metric": 1.0,
    "Time of Termination": 66.0,
    "Cumulative OOB": 0.0,
    "Time spent OOB": 0.0,
    "iteration": 2,
    "first_metrics": {
        "Loss": -1.4893736839294434,
        "ego_col": 1.9326517581939697,
        "adv_rd": 0.016398731619119644,
        "adv_col": 1.25,
        "Collision Metric": 1.0,
        "Collision Metric_scaled": 2.307757616043091,
        "Collision Metric_thresholded": 1.0,
        "Time of Termination": 66.0,
        "Cumulative OOB": 0.0,
        "Time spent OOB": 0.0,
        "adv_collision": false,
        "iteration": 2
    },
    "all_iterations": {
        "0": {
            "Loss": 0.3031463623046875,
            "ego_col": 2.7452211380004883,
            "adv_rd": 0.00012133043492212892,
            "adv_col": 0.8148337602615356,
            "Collision Metric": 0.0,
            "Time of Termination": -1.0,
            "Cumulative OOB": 0.0,
            "Time spent OOB": 0.0,
            "adv_collision": false,
            "iteration": 0
        },
        "1": {
            "Loss": -0.1074221134185791,
            "ego_col": 2.376119375228882,
            "adv_rd": 0.0005836709751747549,
            "adv_col": 0.831738293170929,
            "Collision Metric": 0.0,
            "Time of Termination": -1.0,
            "Cumulative OOB": 0.0,
            "Time spent OOB": 0.0,
            "adv_collision": false,
            "iteration": 1
        },
        "2": {
            "Loss": -1.4893736839294434,
            "ego_col": 1.9326517581939697,
            "adv_rd": 0.016398731619119644,
            "adv_col": 1.25,
            "Collision Metric": 1.0,
            "Time of Termination": 66.0,
            "Cumulative OOB": 0.0,
            "Time spent OOB": 0.0,
            "adv_collision": false,
            "iteration": 2
        },
        "3": {
            "Loss": -1.4893736839294434,
            "ego_col": 1.9326517581939697,
            "adv_rd": 0.016398731619119644,
            "adv_col": 1.25,
            "Collision Metric": 1.0,
            "Time of Termination": 66.0,
            "Cumulative OOB": 0.0,
            "Time spent OOB": 0.0,
            "adv_collision": false,
            "iteration": 3
        },
        "4": {
            "Loss": -2.8201394081115723,
            "ego_col": 0.5193964838981628,
            "adv_rd": 0.020523203536868095,
            "adv_col": 1.25,
            "Collision Metric": 1.0,
            "Time of Termination": 34.0,
            "Cumulative OOB": 0.0,
            "Time spent OOB": 0.0,
            "adv_collision": false,
            "iteration": 4
        },
        "5": {
            "Loss": 18.418214797973633,
            "ego_col": 17.896543502807617,
            "adv_rd": 0.06254719942808151,
            "adv_col": 0.24309100210666656,
            "Collision Metric": 0.0,
            "Time of Termination": -1.0,
            "Cumulative OOB": 0.0,
            "Time spent OOB": 0.0,
            "adv_collision": true,
            "iteration": 5
        },
        "6": {
            "Loss": 17.807621002197266,
            "ego_col": 16.748085021972656,
            "adv_rd": 0.06396196037530899,
            "adv_col": 0.07323449105024338,
            "Collision Metric": 0.0,
            "Time of Termination": -1.0,
            "Cumulative OOB": 0.0,
            "Time spent OOB": 0.0,
            "adv_collision": true,
            "iteration": 6
        },
        "7": {
            "Loss": 16.442697525024414,
            "ego_col": 15.904820442199707,
            "adv_rd": 0.055004384368658066,
            "adv_col": 0.18740366399288177,
            "Collision Metric": 0.0,
            "Time of Termination": -1.0,
            "Cumulative OOB": 0.0,
            "Time spent OOB": 0.0,
            "adv_collision": true,
            "iteration": 7
        },
        "8": {
            "Loss": 17.41670799255371,
            "ego_col": 16.4659366607666,
            "adv_rd": 0.06291458755731583,
            "adv_col": 0.10250665992498398,
            "Collision Metric": 0.0,
            "Time of Termination": -1.0,
            "Cumulative OOB": 0.375,
            "Time spent OOB": 0.375,
            "adv_collision": false,
            "iteration": 8
        },
        "9": {
            "Loss": 13.589202880859375,
            "ego_col": 16.05245590209961,
            "adv_rd": 0.06433732807636261,
            "adv_col": 1.25,
            "Collision Metric": 0.0,
            "Time of Termination": -1.0,
            "Cumulative OOB": 0.38750001788139343,
            "Time spent OOB": 0.38750001788139343,
            "adv_collision": false,
            "iteration": 9
        },
        "10": {
            "Loss": 13.888797760009766,
            "ego_col": 15.73046588897705,
            "adv_rd": 0.09541656821966171,
            "adv_col": 1.25,
            "Collision Metric": 0.0,
            "Time of Termination": -1.0,
            "Cumulative OOB": 0.38750001788139343,
            "Time spent OOB": 0.38750001788139343,
            "adv_collision": false,
            "iteration": 10
        },
        "11": {
            "Loss": 13.852394104003906,
            "ego_col": 15.454032897949219,
            "adv_rd": 0.10741806030273438,
            "adv_col": 1.25,
            "Collision Metric": 0.0,
            "Time of Termination": -1.0,
            "Cumulative OOB": 0.38750001788139343,
            "Time spent OOB": 0.38750001788139343,
            "adv_collision": false,
            "iteration": 11
        },
        "12": {
            "Loss": 13.487014770507812,
            "ego_col": 15.187789916992188,
            "adv_rd": 0.10246127843856812,
            "adv_col": 1.25,
            "Collision Metric": 0.0,
            "Time of Termination": -1.0,
            "Cumulative OOB": 0.38750001788139343,
            "Time spent OOB": 0.38750001788139343,
            "adv_collision": false,
            "iteration": 12
        },
        "13": {
            "Loss": 14.436786651611328,
            "ego_col": 15.306901931762695,
            "adv_rd": 0.14399424195289612,
            "adv_col": 1.25,
            "Collision Metric": 0.0,
            "Time of Termination": -1.0,
            "Cumulative OOB": 0.375,
            "Time spent OOB": 0.375,
            "adv_collision": false,
            "iteration": 13
        },
        "14": {
            "Loss": 13.66740608215332,
            "ego_col": 15.11717414855957,
            "adv_rd": 0.11501162499189377,
            "adv_col": 1.25,
            "Collision Metric": 0.0,
            "Time of Termination": -1.0,
            "Cumulative OOB": 0.375,
            "Time spent OOB": 0.375,
            "adv_collision": false,
            "iteration": 14
        },
        "15": {
            "Loss": 9.784561157226562,
            "ego_col": 13.173192024230957,
            "adv_rd": 0.018068445846438408,
            "adv_col": 1.25,
            "Collision Metric": 1.0,
            "Time of Termination": 41.0,
            "Cumulative OOB": 0.0,
            "Time spent OOB": 0.0,
            "adv_collision": false,
            "iteration": 15
        },
        "16": {
            "Loss": 9.784561157226562,
            "ego_col": 13.173192024230957,
            "adv_rd": 0.018068445846438408,
            "adv_col": 1.25,
            "Collision Metric": 1.0,
            "Time of Termination": 41.0,
            "Cumulative OOB": 0.0,
            "Time spent OOB": 0.0,
            "adv_collision": false,