{
    "meta_data": {
        "name": "RouteScenario_755",
        "index": 3,
        "town": "Town06",
        "Num_agents": 4
    },
    "is_terminated": true,
    "tot": 69,
    "adv_collision": false,
    "adv_rel_pos_at_collision": [
        0.5136947631835938,
        -0.857973039150238
    ],
    "adv_rel_yaw_at_collision": 0.5076560974121094,
    "Loss": 7.328469276428223,
    "ego_col": 3.994210958480835,
    "adv_rd": 0.2641122043132782,
    "adv_col": 0.6493285894393921,
    "Collision Metric": 1.0,
    "Time of Termination": 69.0,
    "Cumulative OOB": 0.0,
    "Time spent OOB": 0.0,
    "iteration": 6,
    "first_metrics": {
        "Loss": 7.328469276428223,
        "ego_col": 3.994210958480835,
        "adv_rd": 0.2641122043132782,
        "adv_col": 0.6493285894393921,
        "Collision Metric": 1.0,
        "Collision Metric_scaled": 1.6013400554656982,
        "Collision Metric_thresholded": 1.0,
        "Time of Termination": 69.0,
        "Cumulative OOB": 0.0,
        "Time spent OOB": 0.0,
        "adv_collision": false,
        "iteration": 6
    },
    "all_iterations": {
        "0": {
            "Loss": 16.751367568969727,
            "ego_col": 13.071283340454102,
            "adv_rd": 0.28122201561927795,
            "adv_col": 0.6481192111968994,
            "Collision Metric": 0.0,
            "Time of Termination": -1.0,
            "Cumulative OOB": 0.0,
            "Time spent OOB": 0.0,
            "adv_collision": false,
            "iteration": 0
        },
        "1": {
            "Loss": 17.53445816040039,
            "ego_col": 12.41359806060791,
            "adv_rd": 0.2652641832828522,
            "adv_col": 0.06147440895438194,
            "Collision Metric": 0.0,
            "Time of Termination": -1.0,
            "Cumulative OOB": 0.0,
            "Time spent OOB": 0.0,
            "adv_collision": true,
            "iteration": 1
        },
        "2": {
            "Loss": 9.863451957702637,
            "ego_col": 6.427552700042725,
            "adv_rd": 0.26892516016960144,
            "adv_col": 0.6475347280502319,
            "Collision Metric": 0.0,
            "Time of Termination": -1.0,
            "Cumulative OOB": 0.0,
            "Time spent OOB": 0.0,
            "adv_collision": false,
            "iteration": 2
        },
        "3": {
            "Loss": 13.975454330444336,
            "ego_col": 7.901010990142822,
            "adv_rd": 0.4008293151855469,
            "adv_col": 0.6473810076713562,
            "Collision Metric": 0.0,
            "Time of Termination": -1.0,
            "Cumulative OOB": 0.38750001788139343,
            "Time spent OOB": 0.38750001788139343,
            "adv_collision": false,
            "iteration": 3
        },
        "4": {
            "Loss": 12.971489906311035,
            "ego_col": 6.963405132293701,
            "adv_rd": 0.39759036898612976,
            "adv_col": 0.6479076147079468,
            "Collision Metric": 0.0,
            "Time of Termination": -1.0,
            "Cumulative OOB": 0.375,
            "Time spent OOB": 0.375,
            "adv_collision": false,
            "iteration": 4
        },
        "5": {
            "Loss": 11.319201469421387,
            "ego_col": 5.944949150085449,
            "adv_rd": 0.3660026788711548,
            "adv_col": 0.6486005783081055,
            "Collision Metric": 0.0,
            "Time of Termination": -1.0,
            "Cumulative OOB": 0.36250001192092896,
            "Time spent OOB": 0.36250001192092896,
            "adv_collision": false,
            "iteration": 5
        },
        "6": {
            "Loss": 7.328469276428223,
            "ego_col": 3.994210958480835,
            "adv_rd": 0.2641122043132782,
            "adv_col": 0.6493285894393921,
            "Collision Metric": 1.0,
            "Time of Termination": 69.0,
            "Cumulative OOB": 0.0,
            "Time spent OOB": 0.0,
            "adv_collision": false,
            "iteration": 6
        },
        "7": {
            "Loss": 7.328469276428223,
            "ego_col": 3.994210958480835,
            "adv_rd": 0.2641122043132782,
            "adv_col": 0.6493285894393921,
            "Collision Metric": 1.0,
            "Time of Termination": 69.0,
            "Cumulative OOB": 0.0,
            "Time spent OOB": 0.0,
            "adv_collision": false,
            "iteration": 7
        },
        "8": {
            "Loss": 5.09842586517334,
            "ego_col": 5.150877475738525,
            "adv_rd": 0.006057226564735174,
            "adv_col": 0.057865530252456665,
            "Collision Metric": 0.0,
            "Time of Termination": -1.0,
            "Cumulative OOB": 0.0,
            "Time spent OOB": 0.0,
            "adv_collision": true,
            "iteration": 8
        },
        "9": {
            "Loss": 4.92287540435791,
            "ego_col": 5.0529303550720215,
            "adv_rd": 0.006115494295954704,
            "adv_col": 0.084121473133564,
            "Collision Metric": 0.0,
            "Time of Termination": -1.0,
            "Cumulative OOB": 0.0,
            "Time spent OOB": 0.0,
            "adv_collision": true,
            "iteration": 9
        },
        "10": {
            "Loss": 5.0733160972595215,
            "ego_col": 5.042738437652588,
            "adv_rd": 0.006022750400006771,
            "adv_col": 0.02995908074080944,
            "Collision Metric": 0.0,
            "Time of Termination": -1.0,
            "Cumulative OOB": 0.0,
            "Time spent OOB": 0.0,
            "adv_collision": true,
            "iteration": 10
        },
        "11": {
            "Loss": 4.483644008636475,
            "ego_col": 4.872383117675781,
            "adv_rd": 0.005953956861048937,
            "adv_col": 0.16927272081375122,
            "Collision Metric": 0.0,
            "Time of Termination": -1.0,
            "Cumulative OOB": 0.0,
            "Time spent OOB": 0.0,
            "adv_collision": true,
            "iteration": 11
        },
        "12": {
            "Loss": 4.56376314163208,
            "ego_col": 4.822988986968994,
            "adv_rd": 0.005689931567758322,
            "adv_col": 0.12434155493974686,
            "Collision Metric": 0.0,
            "Time of Termination": -1.0,
            "Cumulative OOB": 0.0,
            "Time spent OOB": 0.0,
            "adv_collision": true,
            "iteration": 12
        },
        "13": {
            "Loss": 4.682852268218994,
            "ego_col": 4.827888011932373,
            "adv_rd": 0.005762034095823765,
            "adv_col": 0.08675874024629593,
            "Collision Metric": 0.0,
            "Time of Termination": -1.0,
            "Cumulative OOB": 0.0,
            "Time spent OOB": 0.0,
            "adv_collision": true,
            "iteration": 13
        },
        "14": {
            "Loss": 4.860497951507568,
            "ego_col": 4.907182216644287,
            "adv_rd": 0.00569079490378499,
            "adv_col": 0.053500063717365265,
            "Collision Metric": 0.0,
            "Time of Termination": -1.0,
            "Cumulative OOB": 0.0,
            "Time spent OOB": 0.0,
            "adv_collision": true,
            "iteration": 14
        },
        "15": {
            "Loss": 4.753080368041992,
            "ego_col": 4.923089027404785,
            "adv_rd": 0.005687081720679998,
            "adv_col": 0.09458347409963608,
            "Collision Metric": 0.0,
            "Time of Termination": -1.0,
            "Cumulative OOB": 0.0,
            "Time spent OOB": 0.0,
            "adv_collision": true,
            "iteration": 15
        },
        "16": {
            "Loss": 4.859238624572754,
            "ego_col": 4.939977169036865,
            "adv_rd": 0.005804403219372034,
            "adv_col": 0.06560875475406647,
            "Collision Metric": 0.0,
            "Time of Termination": -1.0,
            "Cumulative OOB": 0.0,
            "Time spent OOB": 0.0,