{
    "meta_data": {
        "name": "RouteScenario_503",
        "index": 1,
        "town": "Town05",
        "Num_agents": 4
    },
    "is_terminated": true,
    "tot": 47,
    "adv_collision": false,
    "adv_rel_pos_at_collision": [
        -0.6805126667022705,
        -0.732736349105835
    ],
    "adv_rel_yaw_at_collision": 0.156416654586792,
    "Loss": -2.89970064163208,
    "ego_col": 0.7194101214408875,
    "adv_rd": 0.006544459145516157,
    "adv_col": 1.25,
    "Collision Metric": 1.0,
    "Time of Termination": 47.0,
    "Cumulative OOB": 0.0,
    "Time spent OOB": 0.0,
    "iteration": 29,
    "first_metrics": {
        "Loss": -2.89970064163208,
        "ego_col": 0.7194101214408875,
        "adv_rd": 0.006544459145516157,
        "adv_col": 1.25,
        "Collision Metric": 1.0,
        "Collision Metric_scaled": 1.9955940246582031,
        "Collision Metric_thresholded": 1.0,
        "Time of Termination": 47.0,
        "Cumulative OOB": 0.0,
        "Time spent OOB": 0.0,
        "adv_collision": false,
        "iteration": 29
    },
    "all_iterations": {
        "0": {
            "Loss": 5.489231109619141,
            "ego_col": 8.156026840209961,
            "adv_rd": 0.054160188883543015,
            "adv_col": 1.25,
            "Collision Metric": 0.0,
            "Time of Termination": -1.0,
            "Cumulative OOB": 0.0,
            "Time spent OOB": 0.0,
            "adv_collision": false,
            "iteration": 0
        },
        "1": {
            "Loss": 9.134902000427246,
            "ego_col": 8.653579711914062,
            "adv_rd": 0.027739856392145157,
            "adv_col": 0.024491697549819946,
            "Collision Metric": 0.0,
            "Time of Termination": -1.0,
            "Cumulative OOB": 0.0,
            "Time spent OOB": 0.0,
            "adv_collision": true,
            "iteration": 1
        },
        "2": {
            "Loss": 6.992443561553955,
            "ego_col": 6.932763576507568,
            "adv_rd": 0.02185196988284588,
            "adv_col": 0.12578639388084412,
            "Collision Metric": 0.0,
            "Time of Termination": -1.0,
            "Cumulative OOB": 0.0,
            "Time spent OOB": 0.0,
            "adv_collision": true,
            "iteration": 2
        },
        "3": {
            "Loss": 5.103353500366211,
            "ego_col": 5.6549201011657715,
            "adv_rd": 0.019316328689455986,
            "adv_col": 0.31263113021850586,
            "Collision Metric": 0.0,
            "Time of Termination": -1.0,
            "Cumulative OOB": 0.0,
            "Time spent OOB": 0.0,
            "adv_collision": true,
            "iteration": 3
        },
        "4": {
            "Loss": 5.292320251464844,
            "ego_col": 4.932860851287842,
            "adv_rd": 0.01927778124809265,
            "adv_col": 0.008698781952261925,
            "Collision Metric": 0.0,
            "Time of Termination": -1.0,
            "Cumulative OOB": 0.0,
            "Time spent OOB": 0.0,
            "adv_collision": true,
            "iteration": 4
        },
        "5": {
            "Loss": 7.309535980224609,
            "ego_col": 7.126823425292969,
            "adv_rd": 0.009167993441224098,
            "adv_col": 0.0002157918643206358,
            "Collision Metric": 0.0,
            "Time of Termination": -1.0,
            "Cumulative OOB": 0.0,
            "Time spent OOB": 0.0,
            "adv_collision": true,
            "iteration": 5
        },
        "6": {
            "Loss": 4.841367244720459,
            "ego_col": 4.813841819763184,
            "adv_rd": 0.033663976937532425,
            "adv_col": 0.21525144577026367,
            "Collision Metric": 0.0,
            "Time of Termination": -1.0,
            "Cumulative OOB": 0.0,
            "Time spent OOB": 0.0,
            "adv_collision": true,
            "iteration": 6
        },
        "7": {
            "Loss": 1.8936882019042969,
            "ego_col": 3.729910373687744,
            "adv_rd": 0.018049677833914757,
            "adv_col": 0.7324051856994629,
            "Collision Metric": 0.0,
            "Time of Termination": -1.0,
            "Cumulative OOB": 0.4625000059604645,
            "Time spent OOB": 0.4625000059604645,
            "adv_collision": false,
            "iteration": 7
        },
        "8": {
            "Loss": 0.1393284797668457,
            "ego_col": 3.523963212966919,
            "adv_rd": 0.018268268555402756,
            "adv_col": 1.25,
            "Collision Metric": 0.0,
            "Time of Termination": -1.0,
            "Cumulative OOB": 0.45000001788139343,
            "Time spent OOB": 0.45000001788139343,
            "adv_collision": false,
            "iteration": 8
        },
        "9": {
            "Loss": -0.16656708717346191,
            "ego_col": 3.1646945476531982,
            "adv_rd": 0.02093691937625408,
            "adv_col": 1.25,
            "Collision Metric": 0.0,
            "Time of Termination": -1.0,
            "Cumulative OOB": 0.4375,
            "Time spent OOB": 0.4375,
            "adv_collision": false,
            "iteration": 9
        },
        "10": {
            "Loss": -0.19440054893493652,
            "ego_col": 3.0834267139434814,
            "adv_rd": 0.023608634248375893,
            "adv_col": 1.25,
            "Collision Metric": 0.0,
            "Time of Termination": -1.0,
            "Cumulative OOB": 0.42500001192092896,
            "Time spent OOB": 0.42500001192092896,
            "adv_collision": false,
            "iteration": 10
        },
        "11": {
            "Loss": 0.0597233772277832,
            "ego_col": 3.190645933151245,
            "adv_rd": 0.030953867360949516,
            "adv_col": 1.25,
            "Collision Metric": 0.0,
            "Time of Termination": -1.0,
            "Cumulative OOB": 0.4124999940395355,
            "Time spent OOB": 0.4124999940395355,
            "adv_collision": false,
            "iteration": 11
        },
        "12": {
            "Loss": -0.31052541732788086,
            "ego_col": 2.9494664669036865,
            "adv_rd": 0.024500399827957153,
            "adv_col": 1.25,
            "Collision Metric": 0.0,
            "Time of Termination": -1.0,
            "Cumulative OOB": 0.4375,
            "Time spent OOB": 0.4375,
            "adv_collision": false,
            "iteration": 12
        },
        "13": {
            "Loss": -0.22973132133483887,
            "ego_col": 3.0247929096221924,
            "adv_rd": 0.024773787707090378,
            "adv_col": 1.25,
            "Collision Metric": 0.0,
            "Time of Termination": -1.0,
            "Cumulative OOB": 0.42500001192092896,
            "Time spent OOB": 0.42500001192092896,
            "adv_collision": false,
            "iteration": 13
        },
        "14": {
            "Loss": -0.21602487564086914,
            "ego_col": 3.048842191696167,
            "adv_rd": 0.02425665222108364,
            "adv_col": 1.25,
            "Collision Metric": 0.0,
            "Time of Termination": -1.0,
            "Cumulative OOB": 0.4124999940395355,
            "Time spent OOB": 0.4124999940395355,
            "adv_collision": false,
            "iteration": 14
        },
        "15": {
            "Loss": -0.5823893547058105,
            "ego_col": 2.7178726196289062,
            "adv_rd": 0.02248690277338028,
            "adv_col": 1.25,
            "Collision Metric": 0.0,
            "Time of Termination": -1.0,
            "Cumulative OOB": 0.4124999940395355,
            "Time spent OOB": 0.4124999940395355,
            "adv_collision": false,
            "iteration": 15
        },
        "16": {
            "Loss": -0.6514761447906494,
            "ego_col": 2.6449246406555176,
            "adv_rd": 0.02267996035516262,
            "adv_col": 1.25,
            "Collision Metric": 0.0,
            "Time of Termination": -1.0,