{
    "meta_data": {
        "name": "RouteScenario_610",
        "index": 8,
        "town": "Town05",
        "Num_agents": 4
    },
    "is_terminated": true,
    "tot": 79,
    "adv_collision": false,
    "adv_rel_pos_at_collision": [
        -0.4483998119831085,
        -0.8938331007957458
    ],
    "adv_rel_yaw_at_collision": 1.4869451522827148,
    "Loss": 2.6550426483154297,
    "ego_col": 5.7876458168029785,
    "adv_rd": 0.03086984157562256,
    "adv_col": 1.25,
    "Collision Metric": 1.0,
    "Time of Termination": 79.0,
    "Cumulative OOB": 0.0,
    "Time spent OOB": 0.0,
    "iteration": 21,
    "first_metrics": {
        "Loss": 2.6550426483154297,
        "ego_col": 5.7876458168029785,
        "adv_rd": 0.03086984157562256,
        "adv_col": 1.25,
        "Collision Metric": 1.0,
        "Collision Metric_scaled": 2.227076292037964,
        "Collision Metric_thresholded": 1.0,
        "Time of Termination": 79.0,
        "Cumulative OOB": 0.0,
        "Time spent OOB": 0.0,
        "adv_collision": false,
        "iteration": 21
    },
    "all_iterations": {
        "0": {
            "Loss": 4.909914016723633,
            "ego_col": 6.986000061035156,
            "adv_rd": 0.008976398967206478,
            "adv_col": 0.7518712282180786,
            "Collision Metric": 0.0,
            "Time of Termination": -1.0,
            "Cumulative OOB": 0.0,
            "Time spent OOB": 0.0,
            "adv_collision": false,
            "iteration": 0
        },
        "1": {
            "Loss": 6.139980316162109,
            "ego_col": 7.692431926727295,
            "adv_rd": 0.00545182591304183,
            "adv_col": 0.5538292527198792,
            "Collision Metric": 0.0,
            "Time of Termination": -1.0,
            "Cumulative OOB": 0.0,
            "Time spent OOB": 0.0,
            "adv_collision": false,
            "iteration": 1
        },
        "2": {
            "Loss": 4.356105804443359,
            "ego_col": 7.670897960662842,
            "adv_rd": 0.011072937399148941,
            "adv_col": 1.1787502765655518,
            "Collision Metric": 0.0,
            "Time of Termination": -1.0,
            "Cumulative OOB": 0.0,
            "Time spent OOB": 0.0,
            "adv_collision": false,
            "iteration": 2
        },
        "3": {
            "Loss": 4.821076393127441,
            "ego_col": 7.9662394523620605,
            "adv_rd": 0.03024183213710785,
            "adv_col": 1.25,
            "Collision Metric": 0.0,
            "Time of Termination": -1.0,
            "Cumulative OOB": 0.0,
            "Time spent OOB": 0.0,
            "adv_collision": false,
            "iteration": 3
        },
        "4": {
            "Loss": 5.858570098876953,
            "ego_col": 8.608428955078125,
            "adv_rd": 0.05000707134604454,
            "adv_col": 1.25,
            "Collision Metric": 0.0,
            "Time of Termination": -1.0,
            "Cumulative OOB": 0.0,
            "Time spent OOB": 0.0,
            "adv_collision": false,
            "iteration": 4
        },
        "5": {
            "Loss": 6.044401168823242,
            "ego_col": 8.532439231872559,
            "adv_rd": 0.06309811770915985,
            "adv_col": 1.25,
            "Collision Metric": 0.0,
            "Time of Termination": -1.0,
            "Cumulative OOB": 0.0,
            "Time spent OOB": 0.0,
            "adv_collision": false,
            "iteration": 5
        },
        "6": {
            "Loss": 5.964028358459473,
            "ego_col": 8.437335014343262,
            "adv_rd": 0.06383466720581055,
            "adv_col": 1.25,
            "Collision Metric": 0.0,
            "Time of Termination": -1.0,
            "Cumulative OOB": 0.0,
            "Time spent OOB": 0.0,
            "adv_collision": false,
            "iteration": 6
        },
        "7": {
            "Loss": 5.755247116088867,
            "ego_col": 8.32544231414795,
            "adv_rd": 0.05899021774530411,
            "adv_col": 1.25,
            "Collision Metric": 0.0,
            "Time of Termination": -1.0,
            "Cumulative OOB": 0.0,
            "Time spent OOB": 0.0,
            "adv_collision": false,
            "iteration": 7
        },
        "8": {
            "Loss": 5.417186737060547,
            "ego_col": 8.187426567077637,
            "adv_rd": 0.04898800328373909,
            "adv_col": 1.25,
            "Collision Metric": 0.0,
            "Time of Termination": -1.0,
            "Cumulative OOB": 0.0,
            "Time spent OOB": 0.0,
            "adv_collision": false,
            "iteration": 8
        },
        "9": {
            "Loss": 5.131013870239258,
            "ego_col": 8.117408752441406,
            "adv_rd": 0.03818025812506676,
            "adv_col": 1.25,
            "Collision Metric": 0.0,
            "Time of Termination": -1.0,
            "Cumulative OOB": 0.0,
            "Time spent OOB": 0.0,
            "adv_collision": false,
            "iteration": 9
        },
        "10": {
            "Loss": 4.900686264038086,
            "ego_col": 8.088879585266113,
            "adv_rd": 0.028090331703424454,
            "adv_col": 1.25,
            "Collision Metric": 0.0,
            "Time of Termination": -1.0,
            "Cumulative OOB": 0.0,
            "Time spent OOB": 0.0,
            "adv_collision": false,
            "iteration": 10
        },
        "11": {
            "Loss": 4.709165573120117,
            "ego_col": 8.037505149841309,
            "adv_rd": 0.021083034574985504,
            "adv_col": 1.25,
            "Collision Metric": 0.0,
            "Time of Termination": -1.0,
            "Cumulative OOB": 0.0,
            "Time spent OOB": 0.0,
            "adv_collision": false,
            "iteration": 11
        },
        "12": {
            "Loss": 4.467282295227051,
            "ego_col": 7.9228105545043945,
            "adv_rd": 0.014723585918545723,
            "adv_col": 1.25,
            "Collision Metric": 0.0,
            "Time of Termination": -1.0,
            "Cumulative OOB": 0.0,
            "Time spent OOB": 0.0,
            "adv_collision": false,
            "iteration": 12
        },
        "13": {
            "Loss": 4.313407897949219,
            "ego_col": 7.85827112197876,
            "adv_rd": 0.010256852023303509,
            "adv_col": 1.25,
            "Collision Metric": 0.0,
            "Time of Termination": -1.0,
            "Cumulative OOB": 0.0,
            "Time spent OOB": 0.0,
            "adv_collision": false,
            "iteration": 13
        },
        "14": {
            "Loss": 2.815073013305664,
            "ego_col": 6.391092777252197,
            "adv_rd": 0.008699017576873302,
            "adv_col": 1.25,
            "Collision Metric": 0.0,
            "Time of Termination": -1.0,
            "Cumulative OOB": 0.0,
            "Time spent OOB": 0.0,
            "adv_collision": false,
            "iteration": 14
        },
        "15": {
            "Loss": 2.1874890327453613,
            "ego_col": 5.474359035491943,
            "adv_rd": 0.0071512386202812195,
            "adv_col": 1.1432982683181763,
            "Collision Metric": 0.0,
            "Time of Termination": -1.0,
            "Cumulative OOB": 0.0,
            "Time spent OOB": 0.0,
            "adv_collision": false,
            "iteration": 15
        },
        "16": {
            "Loss": 3.037510871887207,
            "ego_col": 6.559304237365723,
            "adv_rd": 0.011410337872803211,
            "adv_col": 1.25,
            "Collision Metric": 0.0,
            "Time of Termination": -1.0,
            "Cumulative OOB": 0.0,
            "Time spent OOB": 0.0,
            "adv_collision": false,
            "iteration": 16
        },
        "17": {
            "Loss": 2.6447129249572754,
            "ego_col": 6.067260265350342,
            "adv_rd": 0.01637263409793377,
            "adv_col": 1.25,