{
    "meta_data": {
        "name": "RouteScenario_674",
        "index": 2,
        "town": "Town05",
        "Num_agents": 4
    },
    "is_terminated": true,
    "tot": 78,
    "adv_collision": false,
    "adv_rel_pos_at_collision": [
        0.5263879895210266,
        -0.8502445220947266
    ],
    "adv_rel_yaw_at_collision": 1.8368580341339111,
    "Loss": 15.37713623046875,
    "ego_col": 18.86955451965332,
    "adv_rd": 0.011928808875381947,
    "adv_col": 1.2436648607254028,
    "Collision Metric": 1.0,
    "Time of Termination": 78.0,
    "Cumulative OOB": 0.0,
    "Time spent OOB": 0.0,
    "iteration": 44,
    "first_metrics": {
        "Loss": 15.37713623046875,
        "ego_col": 18.86955451965332,
        "adv_rd": 0.011928808875381947,
        "adv_col": 1.2436648607254028,
        "Collision Metric": 1.0,
        "Collision Metric_scaled": 1.115907073020935,
        "Collision Metric_thresholded": 1.0,
        "Time of Termination": 78.0,
        "Cumulative OOB": 0.0,
        "Time spent OOB": 0.0,
        "adv_collision": false,
        "iteration": 44
    },
    "all_iterations": {
        "0": {
            "Loss": 17.97873878479004,
            "ego_col": 21.41926383972168,
            "adv_rd": 0.011045070365071297,
            "adv_col": 1.220475673675537,
            "Collision Metric": 0.0,
            "Time of Termination": -1.0,
            "Cumulative OOB": 0.0,
            "Time spent OOB": 0.0,
            "adv_collision": false,
            "iteration": 0
        },
        "1": {
            "Loss": 17.549039840698242,
            "ego_col": 21.145610809326172,
            "adv_rd": 0.007671413477510214,
            "adv_col": 1.25,
            "Collision Metric": 0.0,
            "Time of Termination": -1.0,
            "Cumulative OOB": 0.0,
            "Time spent OOB": 0.0,
            "adv_collision": false,
            "iteration": 1
        },
        "2": {
            "Loss": 17.9458065032959,
            "ego_col": 20.877120971679688,
            "adv_rd": 0.04093427211046219,
            "adv_col": 1.25,
            "Collision Metric": 0.0,
            "Time of Termination": -1.0,
            "Cumulative OOB": 0.0,
            "Time spent OOB": 0.0,
            "adv_collision": false,
            "iteration": 2
        },
        "3": {
            "Loss": 17.777692794799805,
            "ego_col": 20.741384506225586,
            "adv_rd": 0.03931538015604019,
            "adv_col": 1.25,
            "Collision Metric": 0.0,
            "Time of Termination": -1.0,
            "Cumulative OOB": 0.0,
            "Time spent OOB": 0.0,
            "adv_collision": false,
            "iteration": 3
        },
        "4": {
            "Loss": 18.073131561279297,
            "ego_col": 20.92228126525879,
            "adv_rd": 0.011172291822731495,
            "adv_col": 1.024198293685913,
            "Collision Metric": 0.0,
            "Time of Termination": -1.0,
            "Cumulative OOB": 0.0,
            "Time spent OOB": 0.0,
            "adv_collision": false,
            "iteration": 4
        },
        "5": {
            "Loss": 19.12982749938965,
            "ego_col": 21.195180892944336,
            "adv_rd": 0.004315849393606186,
            "adv_col": 0.7172236442565918,
            "Collision Metric": 0.0,
            "Time of Termination": -1.0,
            "Cumulative OOB": 0.0,
            "Time spent OOB": 0.0,
            "adv_collision": false,
            "iteration": 5
        },
        "6": {
            "Loss": 17.35390281677246,
            "ego_col": 21.029529571533203,
            "adv_rd": 0.003718635533004999,
            "adv_col": 1.25,
            "Collision Metric": 0.0,
            "Time of Termination": -1.0,
            "Cumulative OOB": 0.0,
            "Time spent OOB": 0.0,
            "adv_collision": false,
            "iteration": 6
        },
        "7": {
            "Loss": 17.336673736572266,
            "ego_col": 20.998245239257812,
            "adv_rd": 0.004421457182615995,
            "adv_col": 1.25,
            "Collision Metric": 0.0,
            "Time of Termination": -1.0,
            "Cumulative OOB": 0.0,
            "Time spent OOB": 0.0,
            "adv_collision": false,
            "iteration": 7
        },
        "8": {
            "Loss": 17.3138370513916,
            "ego_col": 20.95584487915039,
            "adv_rd": 0.005399575922638178,
            "adv_col": 1.25,
            "Collision Metric": 0.0,
            "Time of Termination": -1.0,
            "Cumulative OOB": 0.0,
            "Time spent OOB": 0.0,
            "adv_collision": false,
            "iteration": 8
        },
        "9": {
            "Loss": 17.289264678955078,
            "ego_col": 20.89912223815918,
            "adv_rd": 0.007007093634456396,
            "adv_col": 1.25,
            "Collision Metric": 0.0,
            "Time of Termination": -1.0,
            "Cumulative OOB": 0.0,
            "Time spent OOB": 0.0,
            "adv_collision": false,
            "iteration": 9
        },
        "10": {
            "Loss": 17.210378646850586,
            "ego_col": 20.801755905151367,
            "adv_rd": 0.007931183092296124,
            "adv_col": 1.25,
            "Collision Metric": 0.0,
            "Time of Termination": -1.0,
            "Cumulative OOB": 0.0,
            "Time spent OOB": 0.0,
            "adv_collision": false,
            "iteration": 10
        },
        "11": {
            "Loss": 17.12649917602539,
            "ego_col": 20.705589294433594,
            "adv_rd": 0.008545496501028538,
            "adv_col": 1.25,
            "Collision Metric": 0.0,
            "Time of Termination": -1.0,
            "Cumulative OOB": 0.0,
            "Time spent OOB": 0.0,
            "adv_collision": false,
            "iteration": 11
        },
        "12": {
            "Loss": 17.048999786376953,
            "ego_col": 20.625062942504883,
            "adv_rd": 0.008696883916854858,
            "adv_col": 1.25,
            "Collision Metric": 0.0,
            "Time of Termination": -1.0,
            "Cumulative OOB": 0.0,
            "Time spent OOB": 0.0,
            "adv_collision": false,
            "iteration": 12
        },
        "13": {
            "Loss": 17.000743865966797,
            "ego_col": 20.508024215698242,
            "adv_rd": 0.00902965385466814,
            "adv_col": 1.229291319847107,
            "Collision Metric": 0.0,
            "Time of Termination": -1.0,
            "Cumulative OOB": 0.0,
            "Time spent OOB": 0.0,
            "adv_collision": false,
            "iteration": 13
        },
        "14": {
            "Loss": 16.887880325317383,
            "ego_col": 20.40598487854004,
            "adv_rd": 0.011594734154641628,
            "adv_col": 1.25,
            "Collision Metric": 0.0,
            "Time of Termination": -1.0,
            "Cumulative OOB": 0.0,
            "Time spent OOB": 0.0,
            "adv_collision": false,
            "iteration": 14
        },
        "15": {
            "Loss": 16.879606246948242,
            "ego_col": 20.348928451538086,
            "adv_rd": 0.014033890329301357,
            "adv_col": 1.25,
            "Collision Metric": 0.0,
            "Time of Termination": -1.0,
            "Cumulative OOB": 0.0,
            "Time spent OOB": 0.0,
            "adv_collision": false,
            "iteration": 15
        },
        "16": {
            "Loss": 16.849163055419922,
            "ego_col": 20.2967472076416,
            "adv_rd": 0.0151207959279418,
            "adv_col": 1.25,
            "Collision Metric": 0.0,
            "Time of Termination": -1.0,
            "Cumulative OOB": 0.0,
            "Time spent OOB": 0.0,
            "adv_collision": false,
            "iteration": 16
        },
        "17": {
            "Loss": 16.791501998901367,
            "ego_col": 20.22950553894043,
            "adv_rd": 0.01559978723526001,