{
    "meta_data": {
        "name": "RouteScenario_575",
        "index": 3,
        "town": "Town05",
        "Num_agents": 4
    },
    "is_terminated": true,
    "tot": 55,
    "adv_collision": false,
    "adv_rel_pos_at_collision": [
        0.6973051428794861,
        -0.7167743444442749
    ],
    "adv_rel_yaw_at_collision": 1.5636149644851685,
    "Loss": 15.168704986572266,
    "ego_col": 18.228275299072266,
    "adv_rd": 0.03452147915959358,
    "adv_col": 1.25,
    "Collision Metric": 1.0,
    "Time of Termination": 55.0,
    "Cumulative OOB": 0.0,
    "Time spent OOB": 0.0,
    "iteration": 6,
    "first_metrics": {
        "Loss": 15.168704986572266,
        "ego_col": 18.228275299072266,
        "adv_rd": 0.03452147915959358,
        "adv_col": 1.25,
        "Collision Metric": 1.0,
        "Collision Metric_scaled": 1.8337208032608032,
        "Collision Metric_thresholded": 1.0,
        "Time of Termination": 55.0,
        "Cumulative OOB": 0.0,
        "Time spent OOB": 0.0,
        "adv_collision": false,
        "iteration": 6
    },
    "all_iterations": {
        "0": {
            "Loss": 20.091249465942383,
            "ego_col": 21.45096206665039,
            "adv_rd": 0.04860285669565201,
            "adv_col": 0.7772566080093384,
            "Collision Metric": 0.0,
            "Time of Termination": -1.0,
            "Cumulative OOB": 0.0,
            "Time spent OOB": 0.0,
            "adv_collision": false,
            "iteration": 0
        },
        "1": {
            "Loss": 21.38301658630371,
            "ego_col": 21.809154510498047,
            "adv_rd": 0.0203398410230875,
            "adv_col": 0.277645081281662,
            "Collision Metric": 0.0,
            "Time of Termination": -1.0,
            "Cumulative OOB": 0.0,
            "Time spent OOB": 0.0,
            "adv_collision": false,
            "iteration": 1
        },
        "2": {
            "Loss": 18.397493362426758,
            "ego_col": 20.975418090820312,
            "adv_rd": 0.015987100079655647,
            "adv_col": 0.9658889770507812,
            "Collision Metric": 0.0,
            "Time of Termination": -1.0,
            "Cumulative OOB": 0.0,
            "Time spent OOB": 0.0,
            "adv_collision": false,
            "iteration": 2
        },
        "3": {
            "Loss": 17.109512329101562,
            "ego_col": 20.295316696166992,
            "adv_rd": 0.02820977382361889,
            "adv_col": 1.25,
            "Collision Metric": 0.0,
            "Time of Termination": -1.0,
            "Cumulative OOB": 0.0,
            "Time spent OOB": 0.0,
            "adv_collision": false,
            "iteration": 3
        },
        "4": {
            "Loss": 16.928768157958984,
            "ego_col": 19.6529598236084,
            "adv_rd": 0.051290370523929596,
            "adv_col": 1.25,
            "Collision Metric": 0.0,
            "Time of Termination": -1.0,
            "Cumulative OOB": 0.0,
            "Time spent OOB": 0.0,
            "adv_collision": false,
            "iteration": 4
        },
        "5": {
            "Loss": 16.587615966796875,
            "ego_col": 19.21742820739746,
            "adv_rd": 0.04769199341535568,
            "adv_col": 1.1945509910583496,
            "Collision Metric": 0.0,
            "Time of Termination": -1.0,
            "Cumulative OOB": 0.0,
            "Time spent OOB": 0.0,
            "adv_collision": false,
            "iteration": 5
        },
        "6": {
            "Loss": 15.168704986572266,
            "ego_col": 18.228275299072266,
            "adv_rd": 0.03452147915959358,
            "adv_col": 1.25,
            "Collision Metric": 1.0,
            "Time of Termination": 55.0,
            "Cumulative OOB": 0.0,
            "Time spent OOB": 0.0,
            "adv_collision": false,
            "iteration": 6
        },
        "7": {
            "Loss": 15.168704986572266,
            "ego_col": 18.228275299072266,
            "adv_rd": 0.03452147915959358,
            "adv_col": 1.25,
            "Collision Metric": 1.0,
            "Time of Termination": 55.0,
            "Cumulative OOB": 0.0,
            "Time spent OOB": 0.0,
            "adv_collision": false,
            "iteration": 7
        },
        "8": {
            "Loss": 16.732723236083984,
            "ego_col": 19.01024055480957,
            "adv_rd": 0.02912408486008644,
            "adv_col": 0.9533330202102661,
            "Collision Metric": 0.0,
            "Time of Termination": -1.0,
            "Cumulative OOB": 0.012500000186264515,
            "Time spent OOB": 0.012500000186264515,
            "adv_collision": false,
            "iteration": 8
        },
        "9": {
            "Loss": 15.655323028564453,
            "ego_col": 18.76790428161621,
            "adv_rd": 0.031870946288108826,
            "adv_col": 1.25,
            "Collision Metric": 0.0,
            "Time of Termination": -1.0,
            "Cumulative OOB": 0.02500000037252903,
            "Time spent OOB": 0.012500000186264515,
            "adv_collision": false,
            "iteration": 9
        },
        "10": {
            "Loss": 15.494363784790039,
            "ego_col": 18.54142189025879,
            "adv_rd": 0.03514711931347847,
            "adv_col": 1.25,
            "Collision Metric": 0.0,
            "Time of Termination": -1.0,
            "Cumulative OOB": 0.02500000037252903,
            "Time spent OOB": 0.02500000037252903,
            "adv_collision": false,
            "iteration": 10
        },
        "11": {
            "Loss": 15.33476448059082,
            "ego_col": 18.3926944732666,
            "adv_rd": 0.03460348770022392,
            "adv_col": 1.25,
            "Collision Metric": 0.0,
            "Time of Termination": -1.0,
            "Cumulative OOB": 0.03750000149011612,
            "Time spent OOB": 0.03750000149011612,
            "adv_collision": false,
            "iteration": 11
        },
        "12": {
            "Loss": 15.080333709716797,
            "ego_col": 18.222658157348633,
            "adv_rd": 0.030383789911866188,
            "adv_col": 1.25,
            "Collision Metric": 0.0,
            "Time of Termination": -1.0,
            "Cumulative OOB": 0.05000000074505806,
            "Time spent OOB": 0.05000000074505806,
            "adv_collision": false,
            "iteration": 12
        },
        "13": {
            "Loss": 14.813547134399414,
            "ego_col": 18.066930770874023,
            "adv_rd": 0.024830786511301994,
            "adv_col": 1.25,
            "Collision Metric": 0.0,
            "Time of Termination": -1.0,
            "Cumulative OOB": 0.05000000074505806,
            "Time spent OOB": 0.05000000074505806,
            "adv_collision": false,
            "iteration": 13
        },
        "14": {
            "Loss": 14.636924743652344,
            "ego_col": 17.973251342773438,
            "adv_rd": 0.020683687180280685,
            "adv_col": 1.25,
            "Collision Metric": 0.0,
            "Time of Termination": -1.0,
            "Cumulative OOB": 0.05000000074505806,
            "Time spent OOB": 0.05000000074505806,
            "adv_collision": false,
            "iteration": 14
        },
        "15": {
            "Loss": 14.485549926757812,
            "ego_col": 17.86001968383789,
            "adv_rd": 0.01877652481198311,
            "adv_col": 1.25,
            "Collision Metric": 0.0,
            "Time of Termination": -1.0,
            "Cumulative OOB": 0.05000000074505806,
            "Time spent OOB": 0.05000000074505806,
            "adv_collision": false,
            "iteration": 15
        },
        "16": {
            "Loss": 14.259449005126953,
            "ego_col": 17.63694190979004,
            "adv_rd": 0.018625374883413315,
            "adv_col": 1.25,
            "Collision Metric": 0.0,
            "Time of Termination": -1.0,
            "Cumulative OOB": 0.05000000074505806,