{
    "meta_data": {
        "name": "RouteScenario_714",
        "index": 2,
        "town": "Town05",
        "Num_agents": 4
    },
    "is_terminated": true,
    "tot": 79,
    "adv_collision": false,
    "adv_rel_pos_at_collision": [
        0.9850946664810181,
        -0.1720125377178192
    ],
    "adv_rel_yaw_at_collision": -3.9038190841674805,
    "Loss": 43.458194732666016,
    "ego_col": 46.21512985229492,
    "adv_rd": 0.049653224647045135,
    "adv_col": 1.25,
    "Collision Metric": 1.0,
    "Time of Termination": 79.0,
    "Cumulative OOB": 0.0,
    "Time spent OOB": 0.0,
    "iteration": 18,
    "first_metrics": {
        "Loss": 43.458194732666016,
        "ego_col": 46.21512985229492,
        "adv_rd": 0.049653224647045135,
        "adv_col": 1.25,
        "Collision Metric": 1.0,
        "Collision Metric_scaled": 0.1820351779460907,
        "Collision Metric_thresholded": 0.0,
        "Time of Termination": 79.0,
        "Cumulative OOB": 0.0,
        "Time spent OOB": 0.0,
        "adv_collision": false,
        "iteration": 18
    },
    "all_iterations": {
        "0": {
            "Loss": 45.63849639892578,
            "ego_col": 48.39626693725586,
            "adv_rd": 0.04961149021983147,
            "adv_col": 1.25,
            "Collision Metric": 0.0,
            "Time of Termination": -1.0,
            "Cumulative OOB": 0.0,
            "Time spent OOB": 0.0,
            "adv_collision": false,
            "iteration": 0
        },
        "1": {
            "Loss": 45.81999588012695,
            "ego_col": 48.2969970703125,
            "adv_rd": 0.06364993751049042,
            "adv_col": 1.25,
            "Collision Metric": 0.0,
            "Time of Termination": -1.0,
            "Cumulative OOB": 0.0,
            "Time spent OOB": 0.0,
            "adv_collision": false,
            "iteration": 1
        },
        "2": {
            "Loss": 45.53262710571289,
            "ego_col": 48.49099349975586,
            "adv_rd": 0.03958173096179962,
            "adv_col": 1.25,
            "Collision Metric": 0.0,
            "Time of Termination": -1.0,
            "Cumulative OOB": 0.0,
            "Time spent OOB": 0.0,
            "adv_collision": false,
            "iteration": 2
        },
        "3": {
            "Loss": 45.52622985839844,
            "ego_col": 48.58271789550781,
            "adv_rd": 0.03467560559511185,
            "adv_col": 1.25,
            "Collision Metric": 0.0,
            "Time of Termination": -1.0,
            "Cumulative OOB": 0.012500000186264515,
            "Time spent OOB": 0.012500000186264515,
            "adv_collision": false,
            "iteration": 3
        },
        "4": {
            "Loss": 45.38151168823242,
            "ego_col": 48.46967697143555,
            "adv_rd": 0.033091649413108826,
            "adv_col": 1.25,
            "Collision Metric": 0.0,
            "Time of Termination": -1.0,
            "Cumulative OOB": 0.012500000186264515,
            "Time spent OOB": 0.012500000186264515,
            "adv_collision": false,
            "iteration": 4
        },
        "5": {
            "Loss": 45.17713928222656,
            "ego_col": 48.25248336791992,
            "adv_rd": 0.0337328277528286,
            "adv_col": 1.25,
            "Collision Metric": 0.0,
            "Time of Termination": -1.0,
            "Cumulative OOB": 0.012500000186264515,
            "Time spent OOB": 0.012500000186264515,
            "adv_collision": false,
            "iteration": 5
        },
        "6": {
            "Loss": 44.996986389160156,
            "ego_col": 48.00231170654297,
            "adv_rd": 0.03723381832242012,
            "adv_col": 1.25,
            "Collision Metric": 0.0,
            "Time of Termination": -1.0,
            "Cumulative OOB": 0.012500000186264515,
            "Time spent OOB": 0.012500000186264515,
            "adv_collision": false,
            "iteration": 6
        },
        "7": {
            "Loss": 44.86684036254883,
            "ego_col": 47.75031661987305,
            "adv_rd": 0.04332616180181503,
            "adv_col": 1.25,
            "Collision Metric": 0.0,
            "Time of Termination": -1.0,
            "Cumulative OOB": 0.0,
            "Time spent OOB": 0.0,
            "adv_collision": false,
            "iteration": 7
        },
        "8": {
            "Loss": 44.8486442565918,
            "ego_col": 47.44377136230469,
            "adv_rd": 0.057743560522794724,
            "adv_col": 1.25,
            "Collision Metric": 0.0,
            "Time of Termination": -1.0,
            "Cumulative OOB": 0.0,
            "Time spent OOB": 0.0,
            "adv_collision": false,
            "iteration": 8
        },
        "9": {
            "Loss": 44.79647445678711,
            "ego_col": 47.2638053894043,
            "adv_rd": 0.05696040391921997,
            "adv_col": 1.202180027961731,
            "Collision Metric": 0.0,
            "Time of Termination": -1.0,
            "Cumulative OOB": 0.0,
            "Time spent OOB": 0.0,
            "adv_collision": false,
            "iteration": 9
        },
        "10": {
            "Loss": 45.04240036010742,
            "ego_col": 47.00346374511719,
            "adv_rd": 0.08944683521986008,
            "adv_col": 1.25,
            "Collision Metric": 0.0,
            "Time of Termination": -1.0,
            "Cumulative OOB": 0.0,
            "Time spent OOB": 0.0,
            "adv_collision": false,
            "iteration": 10
        },
        "11": {
            "Loss": 44.740272521972656,
            "ego_col": 46.82308578491211,
            "adv_rd": 0.08335942775011063,
            "adv_col": 1.25,
            "Collision Metric": 0.0,
            "Time of Termination": -1.0,
            "Cumulative OOB": 0.0,
            "Time spent OOB": 0.0,
            "adv_collision": false,
            "iteration": 11
        },
        "12": {
            "Loss": 44.28947448730469,
            "ego_col": 46.787208557128906,
            "adv_rd": 0.06261321157217026,
            "adv_col": 1.25,
            "Collision Metric": 0.0,
            "Time of Termination": -1.0,
            "Cumulative OOB": 0.0,
            "Time spent OOB": 0.0,
            "adv_collision": false,
            "iteration": 12
        },
        "13": {
            "Loss": 44.010013580322266,
            "ego_col": 46.705806732177734,
            "adv_rd": 0.05271033197641373,
            "adv_col": 1.25,
            "Collision Metric": 0.0,
            "Time of Termination": -1.0,
            "Cumulative OOB": 0.0,
            "Time spent OOB": 0.0,
            "adv_collision": false,
            "iteration": 13
        },
        "14": {
            "Loss": 43.8787956237793,
            "ego_col": 46.65348434448242,
            "adv_rd": 0.04876553639769554,
            "adv_col": 1.25,
            "Collision Metric": 0.0,
            "Time of Termination": -1.0,
            "Cumulative OOB": 0.0,
            "Time spent OOB": 0.0,
            "adv_collision": false,
            "iteration": 14
        },
        "15": {
            "Loss": 43.782474517822266,
            "ego_col": 46.557167053222656,
            "adv_rd": 0.04876530170440674,
            "adv_col": 1.25,
            "Collision Metric": 0.0,
            "Time of Termination": -1.0,
            "Cumulative OOB": 0.0,
            "Time spent OOB": 0.0,
            "adv_collision": false,
            "iteration": 15
        },
        "16": {
            "Loss": 43.74890899658203,
            "ego_col": 46.46308898925781,
            "adv_rd": 0.05179104208946228,
            "adv_col": 1.25,
            "Collision Metric": 0.0,
            "Time of Termination": -1.0,
            "Cumulative OOB": 0.0,
            "Time spent OOB": 0.0,
            "adv_collision": false,
            "iteration": 16
        },
        "17": {
            "Loss": 43.65921401977539,
            "ego_col": 46.35456466674805,