{
    "meta_data": {
        "name": "RouteScenario_438",
        "index": 6,
        "town": "Town04",
        "Num_agents": 4
    },
    "is_terminated": true,
    "tot": 54,
    "adv_collision": false,
    "adv_rel_pos_at_collision": [
        0.8739292621612549,
        -0.48605307936668396
    ],
    "adv_rel_yaw_at_collision": 1.6517366170883179,
    "Loss": 12.988798141479492,
    "ego_col": 14.827354431152344,
    "adv_rd": 0.09557222574949265,
    "adv_col": 1.25,
    "Collision Metric": 1.0,
    "Time of Termination": 54.0,
    "Cumulative OOB": 0.0,
    "Time spent OOB": 0.0,
    "iteration": 43,
    "first_metrics": {
        "Loss": 12.988798141479492,
        "ego_col": 14.827354431152344,
        "adv_rd": 0.09557222574949265,
        "adv_col": 1.25,
        "Collision Metric": 1.0,
        "Collision Metric_scaled": 0.00015823671128600836,
        "Collision Metric_thresholded": 0.0,
        "Time of Termination": 54.0,
        "Cumulative OOB": 0.0,
        "Time spent OOB": 0.0,
        "adv_collision": false,
        "iteration": 43
    },
    "all_iterations": {
        "0": {
            "Loss": 15.750616073608398,
            "ego_col": 17.395278930664062,
            "adv_rd": 0.10526683181524277,
            "adv_col": 1.25,
            "Collision Metric": 0.0,
            "Time of Termination": -1.0,
            "Cumulative OOB": 0.0,
            "Time spent OOB": 0.0,
            "adv_collision": false,
            "iteration": 0
        },
        "1": {
            "Loss": 17.700674057006836,
            "ego_col": 16.89930534362793,
            "adv_rd": 0.04009632393717766,
            "adv_col": 0.00018563118646852672,
            "Collision Metric": 0.0,
            "Time of Termination": -1.0,
            "Cumulative OOB": 0.0,
            "Time spent OOB": 0.0,
            "adv_collision": true,
            "iteration": 1
        },
        "2": {
            "Loss": 17.386959075927734,
            "ego_col": 16.418493270874023,
            "adv_rd": 0.05044535547494888,
            "adv_col": 0.013480663299560547,
            "Collision Metric": 0.0,
            "Time of Termination": -1.0,
            "Cumulative OOB": 0.0,
            "Time spent OOB": 0.0,
            "adv_collision": true,
            "iteration": 2
        },
        "3": {
            "Loss": 16.960535049438477,
            "ego_col": 16.52227020263672,
            "adv_rd": 0.0453319251537323,
            "adv_col": 0.15612460672855377,
            "Collision Metric": 0.0,
            "Time of Termination": -1.0,
            "Cumulative OOB": 0.0,
            "Time spent OOB": 0.0,
            "adv_collision": true,
            "iteration": 3
        },
        "4": {
            "Loss": 17.52069854736328,
            "ego_col": 17.38486099243164,
            "adv_rd": 0.036416083574295044,
            "adv_col": 0.19749444723129272,
            "Collision Metric": 0.0,
            "Time of Termination": -1.0,
            "Cumulative OOB": 0.0,
            "Time spent OOB": 0.0,
            "adv_collision": true,
            "iteration": 4
        },
        "5": {
            "Loss": 17.662628173828125,
            "ego_col": 17.358030319213867,
            "adv_rd": 0.03565773367881775,
            "adv_col": 0.13618524372577667,
            "Collision Metric": 0.0,
            "Time of Termination": -1.0,
            "Cumulative OOB": 0.0,
            "Time spent OOB": 0.0,
            "adv_collision": true,
            "iteration": 5
        },
        "6": {
            "Loss": 16.8980770111084,
            "ego_col": 16.889820098876953,
            "adv_rd": 0.04414507374167442,
            "adv_col": 0.29154863953590393,
            "Collision Metric": 0.0,
            "Time of Termination": -1.0,
            "Cumulative OOB": 0.0,
            "Time spent OOB": 0.0,
            "adv_collision": true,
            "iteration": 6
        },
        "7": {
            "Loss": 17.486520767211914,
            "ego_col": 16.69756507873535,
            "adv_rd": 0.05022929981350899,
            "adv_col": 0.07187659293413162,
            "Collision Metric": 0.0,
            "Time of Termination": -1.0,
            "Cumulative OOB": 0.0,
            "Time spent OOB": 0.0,
            "adv_collision": true,
            "iteration": 7
        },
        "8": {
            "Loss": 17.159116744995117,
            "ego_col": 16.217172622680664,
            "adv_rd": 0.06444688886404037,
            "adv_col": 0.11566457897424698,
            "Collision Metric": 0.0,
            "Time of Termination": -1.0,
            "Cumulative OOB": 0.0,
            "Time spent OOB": 0.0,
            "adv_collision": true,
            "iteration": 8
        },
        "9": {
            "Loss": 16.62242317199707,
            "ego_col": 15.579127311706543,
            "adv_rd": 0.08426444977521896,
            "adv_col": 0.21399752795696259,
            "Collision Metric": 0.0,
            "Time of Termination": -1.0,
            "Cumulative OOB": 0.0,
            "Time spent OOB": 0.0,
            "adv_collision": true,
            "iteration": 9
        },
        "10": {
            "Loss": 21.442005157470703,
            "ego_col": 20.75735855102539,
            "adv_rd": 0.22173233330249786,
            "adv_col": 1.25,
            "Collision Metric": 0.0,
            "Time of Termination": -1.0,
            "Cumulative OOB": 0.612500011920929,
            "Time spent OOB": 0.612500011920929,
            "adv_collision": false,
            "iteration": 10
        },
        "11": {
            "Loss": 20.416034698486328,
            "ego_col": 20.266679763793945,
            "adv_rd": 0.19496774673461914,
            "adv_col": 1.25,
            "Collision Metric": 0.0,
            "Time of Termination": -1.0,
            "Cumulative OOB": 0.6000000238418579,
            "Time spent OOB": 0.6000000238418579,
            "adv_collision": false,
            "iteration": 11
        },
        "12": {
            "Loss": 17.829513549804688,
            "ego_col": 15.065958023071289,
            "adv_rd": 0.13948003947734833,
            "adv_col": 0.008681299164891243,
            "Collision Metric": 0.0,
            "Time of Termination": -1.0,
            "Cumulative OOB": 0.45000001788139343,
            "Time spent OOB": 0.45000001788139343,
            "adv_collision": false,
            "iteration": 12
        },
        "13": {
            "Loss": 14.428215026855469,
            "ego_col": 15.629706382751465,
            "adv_rd": 0.1243680939078331,
            "adv_col": 1.229617953300476,
            "Collision Metric": 0.0,
            "Time of Termination": -1.0,
            "Cumulative OOB": 0.45000001788139343,
            "Time spent OOB": 0.45000001788139343,
            "adv_collision": false,
            "iteration": 13
        },
        "14": {
            "Loss": 18.27695083618164,
            "ego_col": 16.339391708374023,
            "adv_rd": 0.11739599704742432,
            "adv_col": 0.1367868334054947,
            "Collision Metric": 0.0,
            "Time of Termination": -1.0,
            "Cumulative OOB": 0.0,
            "Time spent OOB": 0.0,
            "adv_collision": true,
            "iteration": 14
        },
        "15": {
            "Loss": 22.195999145507812,
            "ego_col": 19.65975570678711,
            "adv_rd": 0.14482934772968292,
            "adv_col": 0.12011440843343735,
            "Collision Metric": 0.0,
            "Time of Termination": -1.0,
            "Cumulative OOB": 0.20000000298023224,
            "Time spent OOB": 0.20000000298023224,
            "adv_collision": false,
            "iteration": 15
        },
        "16": {
            "Loss": 19.60768699645996,
            "ego_col": 19.893918991088867,
            "adv_rd": 0.17318838834762573,
            "adv_col": 1.25,
            "Collision Metric": 0.0,
            "Time of Termination": -1.0,