{
    "meta_data": {
        "name": "RouteScenario_262",
        "index": 0,
        "town": "Town03",
        "Num_agents": 4
    },
    "is_terminated": true,
    "tot": 60,
    "adv_collision": false,
    "adv_rel_pos_at_collision": [
        0.48948267102241516,
        0.8720130324363708
    ],
    "adv_rel_yaw_at_collision": 4.36829948425293,
    "Loss": 15.70730972290039,
    "ego_col": 17.356977462768555,
    "adv_rd": 0.10501660406589508,
    "adv_col": 1.25,
    "Collision Metric": 1.0,
    "Time of Termination": 60.0,
    "Cumulative OOB": 0.0,
    "Time spent OOB": 0.0,
    "iteration": 25,
    "first_metrics": {
        "Loss": 15.70730972290039,
        "ego_col": 17.356977462768555,
        "adv_rd": 0.10501660406589508,
        "adv_col": 1.25,
        "Collision Metric": 1.0,
        "Collision Metric_scaled": 0.0002281296910950914,
        "Collision Metric_thresholded": 0.0,
        "Time of Termination": 60.0,
        "Cumulative OOB": 0.0,
        "Time spent OOB": 0.0,
        "adv_collision": false,
        "iteration": 25
    },
    "all_iterations": {
        "0": {
            "Loss": 17.954933166503906,
            "ego_col": 19.913373947143555,
            "adv_rd": 0.08957798033952713,
            "adv_col": 1.25,
            "Collision Metric": 0.0,
            "Time of Termination": -1.0,
            "Cumulative OOB": 0.0,
            "Time spent OOB": 0.0,
            "adv_collision": false,
            "iteration": 0
        },
        "1": {
            "Loss": 21.74757194519043,
            "ego_col": 21.02203941345215,
            "adv_rd": 0.03998503461480141,
            "adv_col": 0.024722466245293617,
            "Collision Metric": 0.0,
            "Time of Termination": -1.0,
            "Cumulative OOB": 0.0,
            "Time spent OOB": 0.0,
            "adv_collision": true,
            "iteration": 1
        },
        "2": {
            "Loss": 19.461624145507812,
            "ego_col": 20.449359893798828,
            "adv_rd": 0.07939698547124863,
            "adv_col": 0.8585586547851562,
            "Collision Metric": 0.0,
            "Time of Termination": -1.0,
            "Cumulative OOB": 0.1875,
            "Time spent OOB": 0.1875,
            "adv_collision": false,
            "iteration": 2
        },
        "3": {
            "Loss": 19.551679611206055,
            "ego_col": 20.1404972076416,
            "adv_rd": 0.06072292476892471,
            "adv_col": 0.6010922193527222,
            "Collision Metric": 0.0,
            "Time of Termination": -1.0,
            "Cumulative OOB": 0.30000001192092896,
            "Time spent OOB": 0.30000001192092896,
            "adv_collision": false,
            "iteration": 3
        },
        "4": {
            "Loss": 18.975692749023438,
            "ego_col": 19.945417404174805,
            "adv_rd": 0.12360856682062149,
            "adv_col": 1.1472991704940796,
            "Collision Metric": 0.0,
            "Time of Termination": -1.0,
            "Cumulative OOB": 0.3125,
            "Time spent OOB": 0.3125,
            "adv_collision": false,
            "iteration": 4
        },
        "5": {
            "Loss": 19.91070556640625,
            "ego_col": 19.84067726135254,
            "adv_rd": 0.19100137054920197,
            "adv_col": 1.25,
            "Collision Metric": 0.0,
            "Time of Termination": -1.0,
            "Cumulative OOB": 0.32500001788139343,
            "Time spent OOB": 0.32500001788139343,
            "adv_collision": false,
            "iteration": 5
        },
        "6": {
            "Loss": 20.089527130126953,
            "ego_col": 19.670766830444336,
            "adv_rd": 0.20843806862831116,
            "adv_col": 1.25,
            "Collision Metric": 0.0,
            "Time of Termination": -1.0,
            "Cumulative OOB": 0.3375000059604645,
            "Time spent OOB": 0.3375000059604645,
            "adv_collision": false,
            "iteration": 6
        },
        "7": {
            "Loss": 27.144744873046875,
            "ego_col": 27.713394165039062,
            "adv_rd": 0.15906758606433868,
            "adv_col": 1.25,
            "Collision Metric": 0.0,
            "Time of Termination": -1.0,
            "Cumulative OOB": 0.612500011920929,
            "Time spent OOB": 0.612500011920929,
            "adv_collision": false,
            "iteration": 7
        },
        "8": {
            "Loss": 19.963594436645508,
            "ego_col": 19.586339950561523,
            "adv_rd": 0.20636272430419922,
            "adv_col": 1.25,
            "Collision Metric": 0.0,
            "Time of Termination": -1.0,
            "Cumulative OOB": 0.3375000059604645,
            "Time spent OOB": 0.3375000059604645,
            "adv_collision": false,
            "iteration": 8
        },
        "9": {
            "Loss": 19.295639038085938,
            "ego_col": 19.595108032226562,
            "adv_rd": 0.172526553273201,
            "adv_col": 1.25,
            "Collision Metric": 0.0,
            "Time of Termination": -1.0,
            "Cumulative OOB": 0.3375000059604645,
            "Time spent OOB": 0.3375000059604645,
            "adv_collision": false,
            "iteration": 9
        },
        "10": {
            "Loss": 18.988853454589844,
            "ego_col": 19.580778121948242,
            "adv_rd": 0.1579037457704544,
            "adv_col": 1.25,
            "Collision Metric": 0.0,
            "Time of Termination": -1.0,
            "Cumulative OOB": 0.32500001788139343,
            "Time spent OOB": 0.32500001788139343,
            "adv_collision": false,
            "iteration": 10
        },
        "11": {
            "Loss": 17.940099716186523,
            "ego_col": 19.591833114624023,
            "adv_rd": 0.10491330921649933,
            "adv_col": 1.25,
            "Collision Metric": 0.0,
            "Time of Termination": -1.0,
            "Cumulative OOB": 0.32500001788139343,
            "Time spent OOB": 0.32500001788139343,
            "adv_collision": false,
            "iteration": 11
        },
        "12": {
            "Loss": 17.522411346435547,
            "ego_col": 19.556182861328125,
            "adv_rd": 0.08581141382455826,
            "adv_col": 1.25,
            "Collision Metric": 0.0,
            "Time of Termination": -1.0,
            "Cumulative OOB": 0.3125,
            "Time spent OOB": 0.3125,
            "adv_collision": false,
            "iteration": 12
        },
        "13": {
            "Loss": 20.798873901367188,
            "ego_col": 19.491132736206055,
            "adv_rd": 0.08893702179193497,
            "adv_col": 0.15699979662895203,
            "Collision Metric": 0.0,
            "Time of Termination": -1.0,
            "Cumulative OOB": 0.2874999940395355,
            "Time spent OOB": 0.2874999940395355,
            "adv_collision": false,
            "iteration": 13
        },
        "14": {
            "Loss": 20.04208755493164,
            "ego_col": 19.438404083251953,
            "adv_rd": 0.08208391815423965,
            "adv_col": 0.34599825739860535,
            "Collision Metric": 0.0,
            "Time of Termination": -1.0,
            "Cumulative OOB": 0.2874999940395355,
            "Time spent OOB": 0.2874999940395355,
            "adv_collision": false,
            "iteration": 14
        },
        "15": {
            "Loss": 17.075057983398438,
            "ego_col": 19.34561538696289,
            "adv_rd": 0.0739721804857254,
            "adv_col": 1.25,
            "Collision Metric": 0.0,
            "Time of Termination": -1.0,
            "Cumulative OOB": 0.30000001192092896,
            "Time spent OOB": 0.30000001192092896,
            "adv_collision": false,
            "iteration": 15
        },
        "16": {
            "Loss": 17.002010345458984,
            "ego_col": 19.244321823120117,
            "adv_rd": 0.07538443058729172,
            "adv_col": 1.25,