{
    "meta_data": {
        "name": "RouteScenario_298",
        "index": 6,
        "town": "Town03",
        "Num_agents": 4
    },
    "is_terminated": true,
    "tot": 79,
    "adv_collision": false,
    "adv_rel_pos_at_collision": [
        0.8760303258895874,
        -0.48225605487823486
    ],
    "adv_rel_yaw_at_collision": 2.6452746391296387,
    "Loss": 16.38275146484375,
    "ego_col": 19.321706771850586,
    "adv_rd": 0.04055222496390343,
    "adv_col": 1.25,
    "Collision Metric": 1.0,
    "Time of Termination": 79.0,
    "Cumulative OOB": 0.0,
    "Time spent OOB": 0.0,
    "iteration": 10,
    "first_metrics": {
        "Loss": 16.38275146484375,
        "ego_col": 19.321706771850586,
        "adv_rd": 0.04055222496390343,
        "adv_col": 1.25,
        "Collision Metric": 1.0,
        "Collision Metric_scaled": 2.74537992477417,
        "Collision Metric_thresholded": 1.0,
        "Time of Termination": 79.0,
        "Cumulative OOB": 0.0,
        "Time spent OOB": 0.0,
        "adv_collision": false,
        "iteration": 10
    },
    "all_iterations": {
        "0": {
            "Loss": 18.90501594543457,
            "ego_col": 20.421289443969727,
            "adv_rd": 0.11168628931045532,
            "adv_col": 1.25,
            "Collision Metric": 0.0,
            "Time of Termination": -1.0,
            "Cumulative OOB": 0.0,
            "Time spent OOB": 0.0,
            "adv_collision": false,
            "iteration": 0
        },
        "1": {
            "Loss": 18.39158058166504,
            "ego_col": 20.860702514648438,
            "adv_rd": 0.06404393166303635,
            "adv_col": 1.25,
            "Collision Metric": 0.0,
            "Time of Termination": -1.0,
            "Cumulative OOB": 0.0,
            "Time spent OOB": 0.0,
            "adv_collision": false,
            "iteration": 1
        },
        "2": {
            "Loss": 17.98659324645996,
            "ego_col": 20.788311004638672,
            "adv_rd": 0.04741407558321953,
            "adv_col": 1.25,
            "Collision Metric": 0.0,
            "Time of Termination": -1.0,
            "Cumulative OOB": 0.0,
            "Time spent OOB": 0.0,
            "adv_collision": false,
            "iteration": 2
        },
        "3": {
            "Loss": 17.58041763305664,
            "ego_col": 20.45505142211914,
            "adv_rd": 0.043768275529146194,
            "adv_col": 1.25,
            "Collision Metric": 0.0,
            "Time of Termination": -1.0,
            "Cumulative OOB": 0.0,
            "Time spent OOB": 0.0,
            "adv_collision": false,
            "iteration": 3
        },
        "4": {
            "Loss": 17.359094619750977,
            "ego_col": 20.063337326049805,
            "adv_rd": 0.05228787660598755,
            "adv_col": 1.25,
            "Collision Metric": 0.0,
            "Time of Termination": -1.0,
            "Cumulative OOB": 0.0,
            "Time spent OOB": 0.0,
            "adv_collision": false,
            "iteration": 4
        },
        "5": {
            "Loss": 17.30210304260254,
            "ego_col": 19.738513946533203,
            "adv_rd": 0.06567941606044769,
            "adv_col": 1.25,
            "Collision Metric": 0.0,
            "Time of Termination": -1.0,
            "Cumulative OOB": 0.0,
            "Time spent OOB": 0.0,
            "adv_collision": false,
            "iteration": 5
        },
        "6": {
            "Loss": 17.034099578857422,
            "ego_col": 19.662206649780273,
            "adv_rd": 0.056094683706760406,
            "adv_col": 1.25,
            "Collision Metric": 0.0,
            "Time of Termination": -1.0,
            "Cumulative OOB": 0.0,
            "Time spent OOB": 0.0,
            "adv_collision": false,
            "iteration": 6
        },
        "7": {
            "Loss": 16.843717575073242,
            "ego_col": 19.66133689880371,
            "adv_rd": 0.04661903530359268,
            "adv_col": 1.25,
            "Collision Metric": 0.0,
            "Time of Termination": -1.0,
            "Cumulative OOB": 0.0,
            "Time spent OOB": 0.0,
            "adv_collision": false,
            "iteration": 7
        },
        "8": {
            "Loss": 16.684738159179688,
            "ego_col": 19.621719360351562,
            "adv_rd": 0.040650926530361176,
            "adv_col": 1.25,
            "Collision Metric": 0.0,
            "Time of Termination": -1.0,
            "Cumulative OOB": 0.0,
            "Time spent OOB": 0.0,
            "adv_collision": false,
            "iteration": 8
        },
        "9": {
            "Loss": 16.540990829467773,
            "ego_col": 19.502683639526367,
            "adv_rd": 0.039415352046489716,
            "adv_col": 1.25,
            "Collision Metric": 0.0,
            "Time of Termination": -1.0,
            "Cumulative OOB": 0.0,
            "Time spent OOB": 0.0,
            "adv_collision": false,
            "iteration": 9
        },
        "10": {
            "Loss": 16.38275146484375,
            "ego_col": 19.321706771850586,
            "adv_rd": 0.04055222496390343,
            "adv_col": 1.25,
            "Collision Metric": 1.0,
            "Time of Termination": 79.0,
            "Cumulative OOB": 0.0,
            "Time spent OOB": 0.0,
            "adv_collision": false,
            "iteration": 10
        },
        "11": {
            "Loss": 16.38275146484375,
            "ego_col": 19.321706771850586,
            "adv_rd": 0.04055222496390343,
            "adv_col": 1.25,
            "Collision Metric": 1.0,
            "Time of Termination": 79.0,
            "Cumulative OOB": 0.0,
            "Time spent OOB": 0.0,
            "adv_collision": false,
            "iteration": 11
        },
        "12": {
            "Loss": 17.424514770507812,
            "ego_col": 19.848608016967773,
            "adv_rd": 0.06629530340433121,
            "adv_col": 1.25,
            "Collision Metric": 0.0,
            "Time of Termination": -1.0,
            "Cumulative OOB": 0.0,
            "Time spent OOB": 0.0,
            "adv_collision": false,
            "iteration": 12
        },
        "13": {
            "Loss": 17.186058044433594,
            "ego_col": 19.67233657836914,
            "adv_rd": 0.06318604946136475,
            "adv_col": 1.25,
            "Collision Metric": 0.0,
            "Time of Termination": -1.0,
            "Cumulative OOB": 0.0,
            "Time spent OOB": 0.0,
            "adv_collision": false,
            "iteration": 13
        },
        "14": {
            "Loss": 17.002330780029297,
            "ego_col": 19.48674964904785,
            "adv_rd": 0.06327901780605316,
            "adv_col": 1.25,
            "Collision Metric": 0.0,
            "Time of Termination": -1.0,
            "Cumulative OOB": 0.0,
            "Time spent OOB": 0.0,
            "adv_collision": false,
            "iteration": 14
        },
        "15": {
            "Loss": 16.80031394958496,
            "ego_col": 19.283475875854492,
            "adv_rd": 0.06334191560745239,
            "adv_col": 1.25,
            "Collision Metric": 0.0,
            "Time of Termination": -1.0,
            "Cumulative OOB": 0.0,
            "Time spent OOB": 0.0,
            "adv_collision": false,
            "iteration": 15
        },
        "16": {
            "Loss": 16.593006134033203,
            "ego_col": 19.08261489868164,
            "adv_rd": 0.06301955133676529,
            "adv_col": 1.25,
            "Collision Metric": 0.0,
            "Time of Termination": -1.0,
            "Cumulative OOB": 0.0,
            "Time spent OOB": 0.0,
            "adv_collision": false,
            "iteration": 16
        },
        "17": {
            "Loss": 16.395374298095703,
            "ego_col": 18.90565299987793,
            "adv_rd": 0.06198609620332718,
            "adv_col": 1.25,
            "Collision Metric": 1.0,