{
    "meta_data": {
        "name": "RouteScenario_613",
        "index": 1,
        "town": "Town05",
        "Num_agents": 4
    },
    "is_terminated": true,
    "tot": 53,
    "adv_collision": false,
    "adv_rel_pos_at_collision": [
        0.906871497631073,
        -0.4214073121547699
    ],
    "adv_rel_yaw_at_collision": 3.056931257247925,
    "Loss": 19.312397003173828,
    "ego_col": 19.628620147705078,
    "adv_rd": 0.022849787026643753,
    "adv_col": 0.25773918628692627,
    "Collision Metric": 1.0,
    "Time of Termination": 53.0,
    "Cumulative OOB": 0.0,
    "Time spent OOB": 0.0,
    "iteration": 1,
    "first_metrics": {
        "Loss": 19.312397003173828,
        "ego_col": 19.628620147705078,
        "adv_rd": 0.022849787026643753,
        "adv_col": 0.25773918628692627,
        "Collision Metric": 1.0,
        "Collision Metric_scaled": 2.6937597795040347e-05,
        "Collision Metric_thresholded": 0.0,
        "Time of Termination": 53.0,
        "Cumulative OOB": 0.0,
        "Time spent OOB": 0.0,
        "adv_collision": false,
        "iteration": 1
    },
    "all_iterations": {
        "0": {
            "Loss": 17.82078742980957,
            "ego_col": 20.271970748901367,
            "adv_rd": 0.04209578409790993,
            "adv_col": 1.0976996421813965,
            "Collision Metric": 0.0,
            "Time of Termination": -1.0,
            "Cumulative OOB": 0.0,
            "Time spent OOB": 0.0,
            "adv_collision": false,
            "iteration": 0
        },
        "1": {
            "Loss": 19.312397003173828,
            "ego_col": 19.628620147705078,
            "adv_rd": 0.022849787026643753,
            "adv_col": 0.25773918628692627,
            "Collision Metric": 1.0,
            "Time of Termination": 53.0,
            "Cumulative OOB": 0.0,
            "Time spent OOB": 0.0,
            "adv_collision": false,
            "iteration": 1
        },
        "2": {
            "Loss": 19.312397003173828,
            "ego_col": 19.628620147705078,
            "adv_rd": 0.022849787026643753,
            "adv_col": 0.25773918628692627,
            "Collision Metric": 1.0,
            "Time of Termination": 53.0,
            "Cumulative OOB": 0.0,
            "Time spent OOB": 0.0,
            "adv_collision": false,
            "iteration": 2
        },
        "3": {
            "Loss": 0.5537891387939453,
            "ego_col": 4.041400909423828,
            "adv_rd": 0.013119402341544628,
            "adv_col": 1.25,
            "Collision Metric": 0.0,
            "Time of Termination": -1.0,
            "Cumulative OOB": 0.0,
            "Time spent OOB": 0.0,
            "adv_collision": false,
            "iteration": 3
        },
        "4": {
            "Loss": 3.0630593299865723,
            "ego_col": 4.233001232147217,
            "adv_rd": 0.013272285461425781,
            "adv_col": 0.47846248745918274,
            "Collision Metric": 0.0,
            "Time of Termination": -1.0,
            "Cumulative OOB": 0.0,
            "Time spent OOB": 0.0,
            "adv_collision": false,
            "iteration": 4
        },
        "5": {
            "Loss": 0.9222698211669922,
            "ego_col": 4.411247253417969,
            "adv_rd": 0.013051137328147888,
            "adv_col": 1.25,
            "Collision Metric": 0.0,
            "Time of Termination": -1.0,
            "Cumulative OOB": 0.0,
            "Time spent OOB": 0.0,
            "adv_collision": false,
            "iteration": 5
        },
        "6": {
            "Loss": 0.5096011161804199,
            "ego_col": 4.034276962280273,
            "adv_rd": 0.011266208253800869,
            "adv_col": 1.25,
            "Collision Metric": 0.0,
            "Time of Termination": -1.0,
            "Cumulative OOB": 0.0,
            "Time spent OOB": 0.0,
            "adv_collision": false,
            "iteration": 6
        },
        "7": {
            "Loss": 0.0932013988494873,
            "ego_col": 3.637885808944702,
            "adv_rd": 0.010265784338116646,
            "adv_col": 1.25,
            "Collision Metric": 0.0,
            "Time of Termination": -1.0,
            "Cumulative OOB": 0.0,
            "Time spent OOB": 0.0,
            "adv_collision": false,
            "iteration": 7
        },
        "8": {
            "Loss": -0.2600867748260498,
            "ego_col": 3.278963565826416,
            "adv_rd": 0.010547486133873463,
            "adv_col": 1.25,
            "Collision Metric": 0.0,
            "Time of Termination": -1.0,
            "Cumulative OOB": 0.0,
            "Time spent OOB": 0.0,
            "adv_collision": false,
            "iteration": 8
        },
        "9": {
            "Loss": -0.639521598815918,
            "ego_col": 2.889287233352661,
            "adv_rd": 0.01105955895036459,
            "adv_col": 1.25,
            "Collision Metric": 0.0,
            "Time of Termination": -1.0,
            "Cumulative OOB": 0.0,
            "Time spent OOB": 0.0,
            "adv_collision": false,
            "iteration": 9
        },
        "10": {
            "Loss": -0.7165145874023438,
            "ego_col": 2.806015729904175,
            "adv_rd": 0.011373489163815975,
            "adv_col": 1.25,
            "Collision Metric": 0.0,
            "Time of Termination": -1.0,
            "Cumulative OOB": 0.0,
            "Time spent OOB": 0.0,
            "adv_collision": false,
            "iteration": 10
        },
        "11": {
            "Loss": -1.1074645519256592,
            "ego_col": 2.421398639678955,
            "adv_rd": 0.011056839488446712,
            "adv_col": 1.25,
            "Collision Metric": 0.0,
            "Time of Termination": -1.0,
            "Cumulative OOB": 0.0,
            "Time spent OOB": 0.0,
            "adv_collision": false,
            "iteration": 11
        },
        "12": {
            "Loss": -1.192037582397461,
            "ego_col": 2.352529764175415,
            "adv_rd": 0.010271638631820679,
            "adv_col": 1.25,
            "Collision Metric": 0.0,
            "Time of Termination": -1.0,
            "Cumulative OOB": 0.0,
            "Time spent OOB": 0.0,
            "adv_collision": false,
            "iteration": 12
        },
        "13": {
            "Loss": -1.388885498046875,
            "ego_col": 2.172450065612793,
            "adv_rd": 0.009433216415345669,
            "adv_col": 1.25,
            "Collision Metric": 0.0,
            "Time of Termination": -1.0,
            "Cumulative OOB": 0.0,
            "Time spent OOB": 0.0,
            "adv_collision": false,
            "iteration": 13
        },
        "14": {
            "Loss": -1.9750792980194092,
            "ego_col": 1.6012613773345947,
            "adv_rd": 0.008682966232299805,
            "adv_col": 1.25,
            "Collision Metric": 0.0,
            "Time of Termination": -1.0,
            "Cumulative OOB": 0.0,
            "Time spent OOB": 0.0,
            "adv_collision": false,
            "iteration": 14
        },
        "15": {
            "Loss": -2.922024726867676,
            "ego_col": 0.6615628600120544,
            "adv_rd": 0.00832061655819416,
            "adv_col": 1.25,
            "Collision Metric": 1.0,
            "Time of Termination": 52.0,
            "Cumulative OOB": 0.0,
            "Time spent OOB": 0.0,
            "adv_collision": false,
            "iteration": 15
        },
        "16": {
            "Loss": -2.922024726867676,
            "ego_col": 0.6615628600120544,
            "adv_rd": 0.00832061655819416,
            "adv_col": 1.25,
            "Collision Metric": 1.0,
            "Time of Termination": 52.0,
            "Cumulative OOB": 0.0,
            "Time spent OOB": 0.0,
            "adv_collision": false,
            "iteration": 16
        }
    }
}