{
    "Adam": {
        "1": {
            "Town03": 1.6936739213797514,
            "Town04": 1.7826804462225005,
            "Town05": 1.894525142451476,
            "Town06": 1.7689134036999627
        },
        "2": {
            "Town03": 1.7700012286556086,
            "Town04": 1.882119184073577,
            "Town05": 2.0077997824233718,
            "Town06": 1.8561785699400082
        },
        "4": {
            "Town03": 1.9027097003458373,
            "Town04": 2.046190681119009,
            "Town05": 2.123659328333711,
            "Town06": 2.0322352458733195
        }
    },
    "Both_Paths": {
        "1": {
            "Town03": 2.80158361524725,
            "Town04": 3.23181127289881,
            "Town05": 3.32776710167209,
            "Town06": 3.30075721514116
        },
        "2": {
            "Town03": 2.88033148756937,
            "Town04": 3.31666627024426,
            "Town05": 3.43931866758505,
            "Town06": 3.37424720569893
        },
        "4": {
            "Town03": 3.01770948883831,
            "Town04": 3.47291340996345,
            "Town05": 3.54274032032028,
            "Town06": 3.55005462292512
        }
    }
}