{
    "meta_data": {
        "name": "RouteScenario_115",
        "index": 3,
        "town": "Town03",
        "Num_agents": 4
    },
    "is_terminated": true,
    "tot": 73,
    "adv_collision": false,
    "adv_rel_pos_at_collision": [
        -0.5941382050514221,
        0.804362952709198
    ],
    "adv_rel_yaw_at_collision": -0.7199122905731201,
    "Loss": 15.955951690673828,
    "ego_col": 19.19896125793457,
    "adv_rd": 0.0253495704382658,
    "adv_col": 1.25,
    "Collision Metric": 1.0,
    "Time of Termination": 73.0,
    "Cumulative OOB": 0.0,
    "Time spent OOB": 0.0,
    "iteration": 18,
    "first_metrics": {
        "Loss": 15.955951690673828,
        "ego_col": 19.19896125793457,
        "adv_rd": 0.0253495704382658,
        "adv_col": 1.25,
        "Collision Metric": 1.0,
        "Collision Metric_scaled": 3.5615904331207275,
        "Collision Metric_thresholded": 1.0,
        "Time of Termination": 73.0,
        "Cumulative OOB": 0.0,
        "Time spent OOB": 0.0,
        "adv_collision": false,
        "iteration": 18
    },
    "all_iterations": {
        "0": {
            "Loss": 20.295576095581055,
            "ego_col": 21.053638458251953,
            "adv_rd": 0.1495969146490097,
            "adv_col": 1.25,
            "Collision Metric": 0.0,
            "Time of Termination": -1.0,
            "Cumulative OOB": 0.0,
            "Time spent OOB": 0.0,
            "adv_collision": false,
            "iteration": 0
        },
        "1": {
            "Loss": 19.438920974731445,
            "ego_col": 20.758590698242188,
            "adv_rd": 0.12151654064655304,
            "adv_col": 1.25,
            "Collision Metric": 0.0,
            "Time of Termination": -1.0,
            "Cumulative OOB": 0.0,
            "Time spent OOB": 0.0,
            "adv_collision": false,
            "iteration": 1
        },
        "2": {
            "Loss": 18.583356857299805,
            "ego_col": 20.765701293945312,
            "adv_rd": 0.07838276773691177,
            "adv_col": 1.25,
            "Collision Metric": 0.0,
            "Time of Termination": -1.0,
            "Cumulative OOB": 0.0,
            "Time spent OOB": 0.0,
            "adv_collision": false,
            "iteration": 2
        },
        "3": {
            "Loss": 18.23093605041504,
            "ego_col": 20.786344528198242,
            "adv_rd": 0.05972955375909805,
            "adv_col": 1.25,
            "Collision Metric": 0.0,
            "Time of Termination": -1.0,
            "Cumulative OOB": 0.0,
            "Time spent OOB": 0.0,
            "adv_collision": false,
            "iteration": 3
        },
        "4": {
            "Loss": 18.1912784576416,
            "ego_col": 20.896835327148438,
            "adv_rd": 0.05222215875983238,
            "adv_col": 1.25,
            "Collision Metric": 0.0,
            "Time of Termination": -1.0,
            "Cumulative OOB": 0.0,
            "Time spent OOB": 0.0,
            "adv_collision": false,
            "iteration": 4
        },
        "5": {
            "Loss": 18.590665817260742,
            "ego_col": 21.392728805541992,
            "adv_rd": 0.04739687591791153,
            "adv_col": 1.25,
            "Collision Metric": 0.0,
            "Time of Termination": -1.0,
            "Cumulative OOB": 0.0,
            "Time spent OOB": 0.0,
            "adv_collision": false,
            "iteration": 5
        },
        "6": {
            "Loss": 18.551130294799805,
            "ego_col": 21.413776397705078,
            "adv_rd": 0.04436766728758812,
            "adv_col": 1.25,
            "Collision Metric": 0.0,
            "Time of Termination": -1.0,
            "Cumulative OOB": 0.0,
            "Time spent OOB": 0.0,
            "adv_collision": false,
            "iteration": 6
        },
        "7": {
            "Loss": 18.42400360107422,
            "ego_col": 21.353660583496094,
            "adv_rd": 0.04101713001728058,
            "adv_col": 1.25,
            "Collision Metric": 0.0,
            "Time of Termination": -1.0,
            "Cumulative OOB": 0.0,
            "Time spent OOB": 0.0,
            "adv_collision": false,
            "iteration": 7
        },
        "8": {
            "Loss": 18.192541122436523,
            "ego_col": 21.174917221069336,
            "adv_rd": 0.038381196558475494,
            "adv_col": 1.25,
            "Collision Metric": 0.0,
            "Time of Termination": -1.0,
            "Cumulative OOB": 0.0,
            "Time spent OOB": 0.0,
            "adv_collision": false,
            "iteration": 8
        },
        "9": {
            "Loss": 17.53816795349121,
            "ego_col": 20.567373275756836,
            "adv_rd": 0.03603969141840935,
            "adv_col": 1.25,
            "Collision Metric": 0.0,
            "Time of Termination": -1.0,
            "Cumulative OOB": 0.0,
            "Time spent OOB": 0.0,
            "adv_collision": false,
            "iteration": 9
        },
        "10": {
            "Loss": 17.043590545654297,
            "ego_col": 20.10546875,
            "adv_rd": 0.03440610691905022,
            "adv_col": 1.25,
            "Collision Metric": 0.0,
            "Time of Termination": -1.0,
            "Cumulative OOB": 0.0,
            "Time spent OOB": 0.0,
            "adv_collision": false,
            "iteration": 10
        },
        "11": {
            "Loss": 16.796419143676758,
            "ego_col": 19.86480712890625,
            "adv_rd": 0.03408064320683479,
            "adv_col": 1.25,
            "Collision Metric": 0.0,
            "Time of Termination": -1.0,
            "Cumulative OOB": 0.0,
            "Time spent OOB": 0.0,
            "adv_collision": false,
            "iteration": 11
        },
        "12": {
            "Loss": 16.585296630859375,
            "ego_col": 19.67508888244629,
            "adv_rd": 0.03301041200757027,
            "adv_col": 1.25,
            "Collision Metric": 0.0,
            "Time of Termination": -1.0,
            "Cumulative OOB": 0.0,
            "Time spent OOB": 0.0,
            "adv_collision": false,
            "iteration": 12
        },
        "13": {
            "Loss": 16.415142059326172,
            "ego_col": 19.54913330078125,
            "adv_rd": 0.03080046735703945,
            "adv_col": 1.25,
            "Collision Metric": 0.0,
            "Time of Termination": -1.0,
            "Cumulative OOB": 0.0,
            "Time spent OOB": 0.0,
            "adv_collision": false,
            "iteration": 13
        },
        "14": {
            "Loss": 16.273910522460938,
            "ego_col": 19.442401885986328,
            "adv_rd": 0.02907547727227211,
            "adv_col": 1.25,
            "Collision Metric": 0.0,
            "Time of Termination": -1.0,
            "Cumulative OOB": 0.0,
            "Time spent OOB": 0.0,
            "adv_collision": false,
            "iteration": 14
        },
        "15": {
            "Loss": 16.169950485229492,
            "ego_col": 19.366147994995117,
            "adv_rd": 0.02769014798104763,
            "adv_col": 1.25,
            "Collision Metric": 0.0,
            "Time of Termination": -1.0,
            "Cumulative OOB": 0.0,
            "Time spent OOB": 0.0,
            "adv_collision": false,
            "iteration": 15
        },
        "16": {
            "Loss": 16.035120010375977,
            "ego_col": 19.253013610839844,
            "adv_rd": 0.026605352759361267,
            "adv_col": 1.25,
            "Collision Metric": 0.0,
            "Time of Termination": -1.0,
            "Cumulative OOB": 0.0,
            "Time spent OOB": 0.0,
            "adv_collision": false,
            "iteration": 16
        },
        "17": {
            "Loss": 15.914955139160156,
            "ego_col": 19.148103713989258,
            "adv_rd": 0.025842567905783653,
            "adv_col": 1.25,
            "Collision Metric": 0.0,