{
    "meta_data": {
        "name": "RouteScenario_723",
        "index": 1,
        "town": "Town06",
        "Num_agents": 4
    },
    "is_terminated": true,
    "tot": 56,
    "adv_collision": false,
    "adv_rel_pos_at_collision": [
        -0.36420124769210815,
        0.9313201904296875
    ],
    "adv_rel_yaw_at_collision": -0.12179233878850937,
    "Loss": -2.1786856651306152,
    "ego_col": 1.2248502969741821,
    "adv_rd": 0.017323195934295654,
    "adv_col": 1.25,
    "Collision Metric": 1.0,
    "Time of Termination": 56.0,
    "Cumulative OOB": 0.0,
    "Time spent OOB": 0.0,
    "iteration": 4,
    "first_metrics": {
        "Loss": -2.1786856651306152,
        "ego_col": 1.2248502969741821,
        "adv_rd": 0.017323195934295654,
        "adv_col": 1.25,
        "Collision Metric": 1.0,
        "Collision Metric_scaled": 0.9754065275192261,
        "Collision Metric_thresholded": 1.0,
        "Time of Termination": 56.0,
        "Cumulative OOB": 0.0,
        "Time spent OOB": 0.0,
        "adv_collision": false,
        "iteration": 4
    },
    "all_iterations": {
        "0": {
            "Loss": -1.1142170429229736,
            "ego_col": 2.3249428272247314,
            "adv_rd": 0.015542007982730865,
            "adv_col": 1.25,
            "Collision Metric": 0.0,
            "Time of Termination": -1.0,
            "Cumulative OOB": 0.0,
            "Time spent OOB": 0.0,
            "adv_collision": false,
            "iteration": 0
        },
        "1": {
            "Loss": -1.5582075119018555,
            "ego_col": 2.06113600730896,
            "adv_rd": 0.006532825529575348,
            "adv_col": 1.25,
            "Collision Metric": 0.0,
            "Time of Termination": -1.0,
            "Cumulative OOB": 0.0,
            "Time spent OOB": 0.0,
            "adv_collision": false,
            "iteration": 1
        },
        "2": {
            "Loss": -1.8061093091964722,
            "ego_col": 1.8280874490737915,
            "adv_rd": 0.0057901605032384396,
            "adv_col": 1.25,
            "Collision Metric": 0.0,
            "Time of Termination": -1.0,
            "Cumulative OOB": 0.0,
            "Time spent OOB": 0.0,
            "adv_collision": false,
            "iteration": 2
        },
        "3": {
            "Loss": -2.3096513748168945,
            "ego_col": 1.307651162147522,
            "adv_rd": 0.006634871009737253,
            "adv_col": 1.25,
            "Collision Metric": 0.0,
            "Time of Termination": -1.0,
            "Cumulative OOB": 0.0,
            "Time spent OOB": 0.0,
            "adv_collision": false,
            "iteration": 3
        },
        "4": {
            "Loss": -2.1786856651306152,
            "ego_col": 1.2248502969741821,
            "adv_rd": 0.017323195934295654,
            "adv_col": 1.25,
            "Collision Metric": 1.0,
            "Time of Termination": 56.0,
            "Cumulative OOB": 0.0,
            "Time spent OOB": 0.0,
            "adv_collision": false,
            "iteration": 4
        },
        "5": {
            "Loss": -2.1786856651306152,
            "ego_col": 1.2248502969741821,
            "adv_rd": 0.017323195934295654,
            "adv_col": 1.25,
            "Collision Metric": 1.0,
            "Time of Termination": 56.0,
            "Cumulative OOB": 0.0,
            "Time spent OOB": 0.0,
            "adv_collision": false,
            "iteration": 5
        },
        "6": {
            "Loss": 14.134237289428711,
            "ego_col": 16.46892738342285,
            "adv_rd": 0.07076548784971237,
            "adv_col": 1.25,
            "Collision Metric": 0.0,
            "Time of Termination": -1.0,
            "Cumulative OOB": 0.17499999701976776,
            "Time spent OOB": 0.17499999701976776,
            "adv_collision": false,
            "iteration": 6
        },
        "7": {
            "Loss": 12.027142524719238,
            "ego_col": 15.201504707336426,
            "adv_rd": 0.02878188155591488,
            "adv_col": 1.25,
            "Collision Metric": 0.0,
            "Time of Termination": -1.0,
            "Cumulative OOB": 0.0,
            "Time spent OOB": 0.0,
            "adv_collision": false,
            "iteration": 7
        },
        "8": {
            "Loss": 11.290474891662598,
            "ego_col": 14.642898559570312,
            "adv_rd": 0.019878821447491646,
            "adv_col": 1.25,
            "Collision Metric": 0.0,
            "Time of Termination": -1.0,
            "Cumulative OOB": 0.0,
            "Time spent OOB": 0.0,
            "adv_collision": false,
            "iteration": 8
        },
        "9": {
            "Loss": 10.663949966430664,
            "ego_col": 14.064302444458008,
            "adv_rd": 0.017482399940490723,
            "adv_col": 1.25,
            "Collision Metric": 0.0,
            "Time of Termination": -1.0,
            "Cumulative OOB": 0.0,
            "Time spent OOB": 0.0,
            "adv_collision": false,
            "iteration": 9
        },
        "10": {
            "Loss": 10.044889450073242,
            "ego_col": 13.448527336120605,
            "adv_rd": 0.01731809414923191,
            "adv_col": 1.25,
            "Collision Metric": 0.0,
            "Time of Termination": -1.0,
            "Cumulative OOB": 0.0,
            "Time spent OOB": 0.0,
            "adv_collision": false,
            "iteration": 10
        },
        "11": {
            "Loss": 9.41609001159668,
            "ego_col": 12.80749797821045,
            "adv_rd": 0.017929619178175926,
            "adv_col": 1.25,
            "Collision Metric": 0.0,
            "Time of Termination": -1.0,
            "Cumulative OOB": 0.0,
            "Time spent OOB": 0.0,
            "adv_collision": false,
            "iteration": 11
        },
        "12": {
            "Loss": 8.818523406982422,
            "ego_col": 12.17478084564209,
            "adv_rd": 0.019687123596668243,
            "adv_col": 1.25,
            "Collision Metric": 0.0,
            "Time of Termination": -1.0,
            "Cumulative OOB": 0.0,
            "Time spent OOB": 0.0,
            "adv_collision": false,
            "iteration": 12
        },
        "13": {
            "Loss": 8.235940933227539,
            "ego_col": 11.548982620239258,
            "adv_rd": 0.02184789441525936,
            "adv_col": 1.25,
            "Collision Metric": 0.0,
            "Time of Termination": -1.0,
            "Cumulative OOB": 0.0,
            "Time spent OOB": 0.0,
            "adv_collision": false,
            "iteration": 13
        },
        "14": {
            "Loss": 7.70526123046875,
            "ego_col": 10.985774040222168,
            "adv_rd": 0.023474350571632385,
            "adv_col": 1.25,
            "Collision Metric": 0.0,
            "Time of Termination": -1.0,
            "Cumulative OOB": 0.0,
            "Time spent OOB": 0.0,
            "adv_collision": false,
            "iteration": 14
        },
        "15": {
            "Loss": 7.240065574645996,
            "ego_col": 10.492311477661133,
            "adv_rd": 0.024887699633836746,
            "adv_col": 1.25,
            "Collision Metric": 0.0,
            "Time of Termination": -1.0,
            "Cumulative OOB": 0.0,
            "Time spent OOB": 0.0,
            "adv_collision": false,
            "iteration": 15
        },
        "16": {
            "Loss": 6.821255683898926,
            "ego_col": 10.076427459716797,
            "adv_rd": 0.024741409346461296,
            "adv_col": 1.25,
            "Collision Metric": 0.0,
            "Time of Termination": -1.0,
            "Cumulative OOB": 0.0,
            "Time spent OOB": 0.0,
            "adv_collision": false,
            "iteration": 16
        },
        "17": {
            "Loss": 6.427461624145508,
            "ego_col": 9.71533489227295,
            "adv_rd": 0.02310633659362793,
            "adv_col": 1.25,