{
    "meta_data": {
        "name": "RouteScenario_479",
        "index": 7,
        "town": "Town05",
        "Num_agents": 4
    },
    "is_terminated": true,
    "tot": 78,
    "adv_collision": false,
    "adv_rel_pos_at_collision": [
        -0.30883222818374634,
        -0.9511165618896484
    ],
    "adv_rel_yaw_at_collision": 1.2800211906433105,
    "Loss": 3.009061813354492,
    "ego_col": 6.1625471115112305,
    "adv_rd": 0.0298257227987051,
    "adv_col": 1.25,
    "Collision Metric": 1.0,
    "Time of Termination": 78.0,
    "Cumulative OOB": 0.0,
    "Time spent OOB": 0.0,
    "iteration": 7,
    "first_metrics": {
        "Loss": 3.009061813354492,
        "ego_col": 6.1625471115112305,
        "adv_rd": 0.0298257227987051,
        "adv_col": 1.25,
        "Collision Metric": 1.0,
        "Collision Metric_scaled": 1.9856239557266235,
        "Collision Metric_thresholded": 1.0,
        "Time of Termination": 78.0,
        "Cumulative OOB": 0.0,
        "Time spent OOB": 0.0,
        "adv_collision": false,
        "iteration": 7
    },
    "all_iterations": {
        "0": {
            "Loss": 4.235839366912842,
            "ego_col": 6.86482572555542,
            "adv_rd": 0.0100716482847929,
            "adv_col": 0.9434731602668762,
            "Collision Metric": 0.0,
            "Time of Termination": -1.0,
            "Cumulative OOB": 0.0,
            "Time spent OOB": 0.0,
            "adv_collision": false,
            "iteration": 0
        },
        "1": {
            "Loss": 5.183300971984863,
            "ego_col": 7.1422319412231445,
            "adv_rd": 0.007231886964291334,
            "adv_col": 0.7011895179748535,
            "Collision Metric": 0.0,
            "Time of Termination": -1.0,
            "Cumulative OOB": 0.0,
            "Time spent OOB": 0.0,
            "adv_collision": false,
            "iteration": 1
        },
        "2": {
            "Loss": 2.9552245140075684,
            "ego_col": 6.418499946594238,
            "adv_rd": 0.01433622557669878,
            "adv_col": 1.25,
            "Collision Metric": 0.0,
            "Time of Termination": -1.0,
            "Cumulative OOB": 0.0,
            "Time spent OOB": 0.0,
            "adv_collision": false,
            "iteration": 2
        },
        "3": {
            "Loss": 3.3580446243286133,
            "ego_col": 6.587220668792725,
            "adv_rd": 0.026041192933917046,
            "adv_col": 1.25,
            "Collision Metric": 0.0,
            "Time of Termination": -1.0,
            "Cumulative OOB": 0.0,
            "Time spent OOB": 0.0,
            "adv_collision": false,
            "iteration": 3
        },
        "4": {
            "Loss": 3.50638484954834,
            "ego_col": 6.485851287841797,
            "adv_rd": 0.03852667286992073,
            "adv_col": 1.25,
            "Collision Metric": 0.0,
            "Time of Termination": -1.0,
            "Cumulative OOB": 0.0,
            "Time spent OOB": 0.0,
            "adv_collision": false,
            "iteration": 4
        },
        "5": {
            "Loss": 3.4255332946777344,
            "ego_col": 6.341043472290039,
            "adv_rd": 0.04172448813915253,
            "adv_col": 1.25,
            "Collision Metric": 0.0,
            "Time of Termination": -1.0,
            "Cumulative OOB": 0.0,
            "Time spent OOB": 0.0,
            "adv_collision": false,
            "iteration": 5
        },
        "6": {
            "Loss": 3.201083183288574,
            "ego_col": 6.204770565032959,
            "adv_rd": 0.037315644323825836,
            "adv_col": 1.25,
            "Collision Metric": 0.0,
            "Time of Termination": -1.0,
            "Cumulative OOB": 0.0,
            "Time spent OOB": 0.0,
            "adv_collision": false,
            "iteration": 6
        },
        "7": {
            "Loss": 3.009061813354492,
            "ego_col": 6.1625471115112305,
            "adv_rd": 0.0298257227987051,
            "adv_col": 1.25,
            "Collision Metric": 1.0,
            "Time of Termination": 78.0,
            "Cumulative OOB": 0.0,
            "Time spent OOB": 0.0,
            "adv_collision": false,
            "iteration": 7
        },
        "8": {
            "Loss": 3.009061813354492,
            "ego_col": 6.1625471115112305,
            "adv_rd": 0.0298257227987051,
            "adv_col": 1.25,
            "Collision Metric": 1.0,
            "Time of Termination": 78.0,
            "Cumulative OOB": 0.0,
            "Time spent OOB": 0.0,
            "adv_collision": false,
            "iteration": 8
        },
        "9": {
            "Loss": 7.154657363891602,
            "ego_col": 10.302952766418457,
            "adv_rd": 0.02904924750328064,
            "adv_col": 1.243093490600586,
            "Collision Metric": 0.0,
            "Time of Termination": -1.0,
            "Cumulative OOB": 0.0,
            "Time spent OOB": 0.0,
            "adv_collision": false,
            "iteration": 9
        },
        "10": {
            "Loss": 7.134344100952148,
            "ego_col": 10.187751770019531,
            "adv_rd": 0.03482961282134056,
            "adv_col": 1.25,
            "Collision Metric": 0.0,
            "Time of Termination": -1.0,
            "Cumulative OOB": 0.0,
            "Time spent OOB": 0.0,
            "adv_collision": false,
            "iteration": 10
        },
        "11": {
            "Loss": 7.106886863708496,
            "ego_col": 10.096092224121094,
            "adv_rd": 0.03803973272442818,
            "adv_col": 1.25,
            "Collision Metric": 0.0,
            "Time of Termination": -1.0,
            "Cumulative OOB": 0.0,
            "Time spent OOB": 0.0,
            "adv_collision": false,
            "iteration": 11
        },
        "12": {
            "Loss": 7.059258460998535,
            "ego_col": 10.03439998626709,
            "adv_rd": 0.03874291107058525,
            "adv_col": 1.25,
            "Collision Metric": 0.0,
            "Time of Termination": -1.0,
            "Cumulative OOB": 0.0,
            "Time spent OOB": 0.0,
            "adv_collision": false,
            "iteration": 12
        },
        "13": {
            "Loss": 6.994359970092773,
            "ego_col": 9.98868465423584,
            "adv_rd": 0.03778376802802086,
            "adv_col": 1.25,
            "Collision Metric": 0.0,
            "Time of Termination": -1.0,
            "Cumulative OOB": 0.0,
            "Time spent OOB": 0.0,
            "adv_collision": false,
            "iteration": 13
        },
        "14": {
            "Loss": 6.925968170166016,
            "ego_col": 9.966760635375977,
            "adv_rd": 0.03546036407351494,
            "adv_col": 1.25,
            "Collision Metric": 0.0,
            "Time of Termination": -1.0,
            "Cumulative OOB": 0.0,
            "Time spent OOB": 0.0,
            "adv_collision": false,
            "iteration": 14
        },
        "15": {
            "Loss": 6.844342231750488,
            "ego_col": 9.953929901123047,
            "adv_rd": 0.03202063590288162,
            "adv_col": 1.25,
            "Collision Metric": 0.0,
            "Time of Termination": -1.0,
            "Cumulative OOB": 0.0,
            "Time spent OOB": 0.0,
            "adv_collision": false,
            "iteration": 15
        },
        "16": {
            "Loss": 6.762660980224609,
            "ego_col": 9.953737258911133,
            "adv_rd": 0.027946168556809425,
            "adv_col": 1.25,
            "Collision Metric": 0.0,
            "Time of Termination": -1.0,
            "Cumulative OOB": 0.0,
            "Time spent OOB": 0.0,
            "adv_collision": false,
            "iteration": 16
        },
        "17": {
            "Loss": 6.686476707458496,
            "ego_col": 9.959139823913574,
            "adv_rd": 0.02386682666838169,
            "adv_col": 1.25,
            "Collision Metric": 0.0,