{
    "meta_data": {
        "name": "RouteScenario_116",
        "index": 4,
        "town": "Town03",
        "Num_agents": 4
    },
    "is_terminated": true,
    "tot": 78,
    "adv_collision": false,
    "adv_rel_pos_at_collision": [
        0.4518594443798065,
        0.8920891284942627
    ],
    "adv_rel_yaw_at_collision": -1.5300469398498535,
    "Loss": 15.108175277709961,
    "ego_col": 18.22970962524414,
    "adv_rd": 0.03142324462532997,
    "adv_col": 1.25,
    "Collision Metric": 1.0,
    "Time of Termination": 78.0,
    "Cumulative OOB": 0.0,
    "Time spent OOB": 0.0,
    "iteration": 28,
    "first_metrics": {
        "Loss": 15.108175277709961,
        "ego_col": 18.22970962524414,
        "adv_rd": 0.03142324462532997,
        "adv_col": 1.25,
        "Collision Metric": 1.0,
        "Collision Metric_scaled": 1.5927340984344482,
        "Collision Metric_thresholded": 1.0,
        "Time of Termination": 78.0,
        "Cumulative OOB": 0.0,
        "Time spent OOB": 0.0,
        "adv_collision": false,
        "iteration": 28
    },
    "all_iterations": {
        "0": {
            "Loss": 19.90988540649414,
            "ego_col": 21.096961975097656,
            "adv_rd": 0.1281461864709854,
            "adv_col": 1.25,
            "Collision Metric": 0.0,
            "Time of Termination": -1.0,
            "Cumulative OOB": 0.0,
            "Time spent OOB": 0.0,
            "adv_collision": false,
            "iteration": 0
        },
        "1": {
            "Loss": 19.09906768798828,
            "ego_col": 20.769773483276367,
            "adv_rd": 0.10396470129489899,
            "adv_col": 1.25,
            "Collision Metric": 0.0,
            "Time of Termination": -1.0,
            "Cumulative OOB": 0.0,
            "Time spent OOB": 0.0,
            "adv_collision": false,
            "iteration": 1
        },
        "2": {
            "Loss": 18.235517501831055,
            "ego_col": 20.552865982055664,
            "adv_rd": 0.07163260132074356,
            "adv_col": 1.25,
            "Collision Metric": 0.0,
            "Time of Termination": -1.0,
            "Cumulative OOB": 0.0,
            "Time spent OOB": 0.0,
            "adv_collision": false,
            "iteration": 2
        },
        "3": {
            "Loss": 17.911949157714844,
            "ego_col": 20.383012771606445,
            "adv_rd": 0.06394677609205246,
            "adv_col": 1.25,
            "Collision Metric": 0.0,
            "Time of Termination": -1.0,
            "Cumulative OOB": 0.0,
            "Time spent OOB": 0.0,
            "adv_collision": false,
            "iteration": 3
        },
        "4": {
            "Loss": 17.606081008911133,
            "ego_col": 20.155412673950195,
            "adv_rd": 0.06003345176577568,
            "adv_col": 1.25,
            "Collision Metric": 0.0,
            "Time of Termination": -1.0,
            "Cumulative OOB": 0.0,
            "Time spent OOB": 0.0,
            "adv_collision": false,
            "iteration": 4
        },
        "5": {
            "Loss": 17.66997528076172,
            "ego_col": 20.351158142089844,
            "adv_rd": 0.05344089865684509,
            "adv_col": 1.25,
            "Collision Metric": 0.0,
            "Time of Termination": -1.0,
            "Cumulative OOB": 0.0,
            "Time spent OOB": 0.0,
            "adv_collision": false,
            "iteration": 5
        },
        "6": {
            "Loss": 17.46922492980957,
            "ego_col": 20.264266967773438,
            "adv_rd": 0.047747936099767685,
            "adv_col": 1.25,
            "Collision Metric": 0.0,
            "Time of Termination": -1.0,
            "Cumulative OOB": 0.0,
            "Time spent OOB": 0.0,
            "adv_collision": false,
            "iteration": 6
        },
        "7": {
            "Loss": 17.280424118041992,
            "ego_col": 20.16436195373535,
            "adv_rd": 0.04330310970544815,
            "adv_col": 1.25,
            "Collision Metric": 0.0,
            "Time of Termination": -1.0,
            "Cumulative OOB": 0.0,
            "Time spent OOB": 0.0,
            "adv_collision": false,
            "iteration": 7
        },
        "8": {
            "Loss": 17.11351203918457,
            "ego_col": 20.074121475219727,
            "adv_rd": 0.03946957364678383,
            "adv_col": 1.25,
            "Collision Metric": 0.0,
            "Time of Termination": -1.0,
            "Cumulative OOB": 0.0,
            "Time spent OOB": 0.0,
            "adv_collision": false,
            "iteration": 8
        },
        "9": {
            "Loss": 16.930553436279297,
            "ego_col": 19.944520950317383,
            "adv_rd": 0.036801647394895554,
            "adv_col": 1.25,
            "Collision Metric": 0.0,
            "Time of Termination": -1.0,
            "Cumulative OOB": 0.0,
            "Time spent OOB": 0.0,
            "adv_collision": false,
            "iteration": 9
        },
        "10": {
            "Loss": 16.663623809814453,
            "ego_col": 19.713775634765625,
            "adv_rd": 0.03499240800738335,
            "adv_col": 1.25,
            "Collision Metric": 0.0,
            "Time of Termination": -1.0,
            "Cumulative OOB": 0.0,
            "Time spent OOB": 0.0,
            "adv_collision": false,
            "iteration": 10
        },
        "11": {
            "Loss": 16.494728088378906,
            "ego_col": 19.54804039001465,
            "adv_rd": 0.03483433648943901,
            "adv_col": 1.25,
            "Collision Metric": 0.0,
            "Time of Termination": -1.0,
            "Cumulative OOB": 0.0,
            "Time spent OOB": 0.0,
            "adv_collision": false,
            "iteration": 11
        },
        "12": {
            "Loss": 16.33792495727539,
            "ego_col": 19.386632919311523,
            "adv_rd": 0.03506464511156082,
            "adv_col": 1.25,
            "Collision Metric": 0.0,
            "Time of Termination": -1.0,
            "Cumulative OOB": 0.0,
            "Time spent OOB": 0.0,
            "adv_collision": false,
            "iteration": 12
        },
        "13": {
            "Loss": 16.291889190673828,
            "ego_col": 19.339405059814453,
            "adv_rd": 0.03512424975633621,
            "adv_col": 1.25,
            "Collision Metric": 0.0,
            "Time of Termination": -1.0,
            "Cumulative OOB": 0.0,
            "Time spent OOB": 0.0,
            "adv_collision": false,
            "iteration": 13
        },
        "14": {
            "Loss": 16.196969985961914,
            "ego_col": 19.219284057617188,
            "adv_rd": 0.03638429194688797,
            "adv_col": 1.25,
            "Collision Metric": 0.0,
            "Time of Termination": -1.0,
            "Cumulative OOB": 0.0,
            "Time spent OOB": 0.0,
            "adv_collision": false,
            "iteration": 14
        },
        "15": {
            "Loss": 15.987728118896484,
            "ego_col": 18.987821578979492,
            "adv_rd": 0.03749535605311394,
            "adv_col": 1.25,
            "Collision Metric": 0.0,
            "Time of Termination": -1.0,
            "Cumulative OOB": 0.0,
            "Time spent OOB": 0.0,
            "adv_collision": false,
            "iteration": 15
        },
        "16": {
            "Loss": 15.999212265014648,
            "ego_col": 18.962627410888672,
            "adv_rd": 0.03932924196124077,
            "adv_col": 1.25,
            "Collision Metric": 0.0,
            "Time of Termination": -1.0,
            "Cumulative OOB": 0.0,
            "Time spent OOB": 0.0,
            "adv_collision": false,
            "iteration": 16
        },
        "17": {
            "Loss": 15.918550491333008,
            "ego_col": 18.881607055664062,
            "adv_rd": 0.03934718668460846,
            "adv_col": 1.25,
            "Collision Metric": 0.0,