{
    "meta_data": {
        "name": "RouteScenario_355",
        "index": 3,
        "town": "Town04",
        "Num_agents": 4
    },
    "is_terminated": true,
    "tot": 49,
    "adv_collision": false,
    "adv_rel_pos_at_collision": [
        0.17565321922302246,
        -0.9844521284103394
    ],
    "adv_rel_yaw_at_collision": 2.9725499153137207,
    "Loss": 2.7895240783691406,
    "ego_col": 5.348976135253906,
    "adv_rd": 0.059527404606342316,
    "adv_col": 1.25,
    "Collision Metric": 1.0,
    "Time of Termination": 49.0,
    "Cumulative OOB": 0.0,
    "Time spent OOB": 0.0,
    "iteration": 1,
    "first_metrics": {
        "Loss": 2.7895240783691406,
        "ego_col": 5.348976135253906,
        "adv_rd": 0.059527404606342316,
        "adv_col": 1.25,
        "Collision Metric": 1.0,
        "Collision Metric_scaled": 1.6818690299987793,
        "Collision Metric_thresholded": 1.0,
        "Time of Termination": 49.0,
        "Cumulative OOB": 0.0,
        "Time spent OOB": 0.0,
        "adv_collision": false,
        "iteration": 1
    },
    "all_iterations": {
        "0": {
            "Loss": 12.156118392944336,
            "ego_col": 13.7161226272583,
            "adv_rd": 0.10949978977441788,
            "adv_col": 1.25,
            "Collision Metric": 0.0,
            "Time of Termination": -1.0,
            "Cumulative OOB": 0.0,
            "Time spent OOB": 0.0,
            "adv_collision": false,
            "iteration": 0
        },
        "1": {
            "Loss": 2.7895240783691406,
            "ego_col": 5.348976135253906,
            "adv_rd": 0.059527404606342316,
            "adv_col": 1.25,
            "Collision Metric": 1.0,
            "Time of Termination": 49.0,
            "Cumulative OOB": 0.0,
            "Time spent OOB": 0.0,
            "adv_collision": false,
            "iteration": 1
        },
        "2": {
            "Loss": 2.7895240783691406,
            "ego_col": 5.348976135253906,
            "adv_rd": 0.059527404606342316,
            "adv_col": 1.25,
            "Collision Metric": 1.0,
            "Time of Termination": 49.0,
            "Cumulative OOB": 0.0,
            "Time spent OOB": 0.0,
            "adv_collision": false,
            "iteration": 2
        },
        "3": {
            "Loss": 20.738941192626953,
            "ego_col": 21.927276611328125,
            "adv_rd": 0.128083273768425,
            "adv_col": 1.25,
            "Collision Metric": 0.0,
            "Time of Termination": -1.0,
            "Cumulative OOB": 0.26250001788139343,
            "Time spent OOB": 0.26250001788139343,
            "adv_collision": false,
            "iteration": 3
        },
        "4": {
            "Loss": 19.577686309814453,
            "ego_col": 20.93807601928711,
            "adv_rd": 0.11948054283857346,
            "adv_col": 1.25,
            "Collision Metric": 0.0,
            "Time of Termination": -1.0,
            "Cumulative OOB": 0.2750000059604645,
            "Time spent OOB": 0.2750000059604645,
            "adv_collision": false,
            "iteration": 4
        },
        "5": {
            "Loss": 18.35399627685547,
            "ego_col": 20.38400650024414,
            "adv_rd": 0.08599946647882462,
            "adv_col": 1.25,
            "Collision Metric": 0.0,
            "Time of Termination": -1.0,
            "Cumulative OOB": 0.26250001788139343,
            "Time spent OOB": 0.26250001788139343,
            "adv_collision": false,
            "iteration": 5
        },
        "6": {
            "Loss": 17.889734268188477,
            "ego_col": 20.35341453552246,
            "adv_rd": 0.06431597471237183,
            "adv_col": 1.25,
            "Collision Metric": 0.0,
            "Time of Termination": -1.0,
            "Cumulative OOB": 0.23749999701976776,
            "Time spent OOB": 0.23749999701976776,
            "adv_collision": false,
            "iteration": 6
        },
        "7": {
            "Loss": 17.666536331176758,
            "ego_col": 20.18073081970215,
            "adv_rd": 0.06179031729698181,
            "adv_col": 1.25,
            "Collision Metric": 0.0,
            "Time of Termination": -1.0,
            "Cumulative OOB": 0.16250000894069672,
            "Time spent OOB": 0.16250000894069672,
            "adv_collision": false,
            "iteration": 7
        },
        "8": {
            "Loss": 17.29669952392578,
            "ego_col": 20.00334930419922,
            "adv_rd": 0.052167560905218124,
            "adv_col": 1.25,
            "Collision Metric": 0.0,
            "Time of Termination": -1.0,
            "Cumulative OOB": 0.0625,
            "Time spent OOB": 0.0625,
            "adv_collision": false,
            "iteration": 8
        },
        "9": {
            "Loss": 16.939218521118164,
            "ego_col": 19.7804012298584,
            "adv_rd": 0.04544082283973694,
            "adv_col": 1.25,
            "Collision Metric": 0.0,
            "Time of Termination": -1.0,
            "Cumulative OOB": 0.0,
            "Time spent OOB": 0.0,
            "adv_collision": false,
            "iteration": 9
        },
        "10": {
            "Loss": 17.211650848388672,
            "ego_col": 19.90663719177246,
            "adv_rd": 0.04681483656167984,
            "adv_col": 1.2104274034500122,
            "Collision Metric": 0.0,
            "Time of Termination": -1.0,
            "Cumulative OOB": 0.0,
            "Time spent OOB": 0.0,
            "adv_collision": false,
            "iteration": 10
        },
        "11": {
            "Loss": 17.60390853881836,
            "ego_col": 20.129261016845703,
            "adv_rd": 0.06123242527246475,
            "adv_col": 1.25,
            "Collision Metric": 0.0,
            "Time of Termination": -1.0,
            "Cumulative OOB": 0.0,
            "Time spent OOB": 0.0,
            "adv_collision": false,
            "iteration": 11
        },
        "12": {
            "Loss": 17.860383987426758,
            "ego_col": 19.97743034362793,
            "adv_rd": 0.08164767175912857,
            "adv_col": 1.25,
            "Collision Metric": 0.0,
            "Time of Termination": -1.0,
            "Cumulative OOB": 0.0,
            "Time spent OOB": 0.0,
            "adv_collision": false,
            "iteration": 12
        },
        "13": {
            "Loss": 17.473848342895508,
            "ego_col": 19.8407039642334,
            "adv_rd": 0.06915725767612457,
            "adv_col": 1.25,
            "Collision Metric": 1.0,
            "Time of Termination": 72.0,
            "Cumulative OOB": 0.0,
            "Time spent OOB": 0.0,
            "adv_collision": false,
            "iteration": 13
        },
        "14": {
            "Loss": 17.473848342895508,
            "ego_col": 19.8407039642334,
            "adv_rd": 0.06915725767612457,
            "adv_col": 1.25,
            "Collision Metric": 1.0,
            "Time of Termination": 72.0,
            "Cumulative OOB": 0.0,
            "Time spent OOB": 0.0,
            "adv_collision": false,
            "iteration": 14
        },
        "15": {
            "Loss": 10.929606437683105,
            "ego_col": 12.66648006439209,
            "adv_rd": 0.10065632313489914,
            "adv_col": 1.25,
            "Collision Metric": 0.0,
            "Time of Termination": -1.0,
            "Cumulative OOB": 0.07500000298023224,
            "Time spent OOB": 0.07500000298023224,
            "adv_collision": false,
            "iteration": 15
        },
        "16": {
            "Loss": 10.368536949157715,
            "ego_col": 12.483572959899902,
            "adv_rd": 0.08174820244312286,
            "adv_col": 1.25,
            "Collision Metric": 1.0,
            "Time of Termination": 58.0,
            "Cumulative OOB": 0.0,
            "Time spent OOB": 0.0,
            "adv_collision": false,
            "iteration": 16
        },