{
    "meta_data": {
        "name": "RouteScenario_299",
        "index": 7,
        "town": "Town04",
        "Num_agents": 4
    },
    "is_terminated": true,
    "tot": 76,
    "adv_collision": false,
    "adv_rel_pos_at_collision": [
        0.9270628094673157,
        -0.374906063079834
    ],
    "adv_rel_yaw_at_collision": 0.16545259952545166,
    "Loss": -1.6929938793182373,
    "ego_col": 2.0344674587249756,
    "adv_rd": 0.0011269369861111045,
    "adv_col": 1.25,
    "Collision Metric": 1.0,
    "Time of Termination": 76.0,
    "Cumulative OOB": 0.0,
    "Time spent OOB": 0.0,
    "iteration": 16,
    "first_metrics": {
        "Loss": -1.6929938793182373,
        "ego_col": 2.0344674587249756,
        "adv_rd": 0.0011269369861111045,
        "adv_col": 1.25,
        "Collision Metric": 1.0,
        "Collision Metric_scaled": 2.9989631175994873,
        "Collision Metric_thresholded": 1.0,
        "Time of Termination": 76.0,
        "Cumulative OOB": 0.0,
        "Time spent OOB": 0.0,
        "adv_collision": false,
        "iteration": 16
    },
    "all_iterations": {
        "0": {
            "Loss": -0.43115806579589844,
            "ego_col": 3.3165688514709473,
            "adv_rd": 0.00011365309910615906,
            "adv_col": 1.25,
            "Collision Metric": 0.0,
            "Time of Termination": -1.0,
            "Cumulative OOB": 0.0,
            "Time spent OOB": 0.0,
            "adv_collision": false,
            "iteration": 0
        },
        "1": {
            "Loss": -0.3367471694946289,
            "ego_col": 3.3760323524475098,
            "adv_rd": 0.0018610224360600114,
            "adv_col": 1.25,
            "Collision Metric": 0.0,
            "Time of Termination": -1.0,
            "Cumulative OOB": 0.0,
            "Time spent OOB": 0.0,
            "adv_collision": false,
            "iteration": 1
        },
        "2": {
            "Loss": -0.6779911518096924,
            "ego_col": 3.039100170135498,
            "adv_rd": 0.0016454373253509402,
            "adv_col": 1.25,
            "Collision Metric": 0.0,
            "Time of Termination": -1.0,
            "Cumulative OOB": 0.0,
            "Time spent OOB": 0.0,
            "adv_collision": false,
            "iteration": 2
        },
        "3": {
            "Loss": -0.7628955841064453,
            "ego_col": 2.981187343597412,
            "adv_rd": 0.0002958507393486798,
            "adv_col": 1.25,
            "Collision Metric": 0.0,
            "Time of Termination": -1.0,
            "Cumulative OOB": 0.0,
            "Time spent OOB": 0.0,
            "adv_collision": false,
            "iteration": 3
        },
        "4": {
            "Loss": -0.8359711170196533,
            "ego_col": 2.9117486476898193,
            "adv_rd": 0.00011401716619729996,
            "adv_col": 1.25,
            "Collision Metric": 0.0,
            "Time of Termination": -1.0,
            "Cumulative OOB": 0.0,
            "Time spent OOB": 0.0,
            "adv_collision": false,
            "iteration": 4
        },
        "5": {
            "Loss": -0.7652342319488525,
            "ego_col": 2.9819395542144775,
            "adv_rd": 0.0001413101563230157,
            "adv_col": 1.25,
            "Collision Metric": 0.0,
            "Time of Termination": -1.0,
            "Cumulative OOB": 0.0,
            "Time spent OOB": 0.0,
            "adv_collision": false,
            "iteration": 5
        },
        "6": {
            "Loss": -0.699592113494873,
            "ego_col": 3.0434677600860596,
            "adv_rd": 0.0003470074152573943,
            "adv_col": 1.25,
            "Collision Metric": 0.0,
            "Time of Termination": -1.0,
            "Cumulative OOB": 0.0,
            "Time spent OOB": 0.0,
            "adv_collision": false,
            "iteration": 6
        },
        "7": {
            "Loss": -0.6803078651428223,
            "ego_col": 3.053110361099243,
            "adv_rd": 0.0008290926343761384,
            "adv_col": 1.25,
            "Collision Metric": 0.0,
            "Time of Termination": -1.0,
            "Cumulative OOB": 0.0,
            "Time spent OOB": 0.0,
            "adv_collision": false,
            "iteration": 7
        },
        "8": {
            "Loss": -0.7735891342163086,
            "ego_col": 2.953969717025757,
            "adv_rd": 0.001122060464695096,
            "adv_col": 1.25,
            "Collision Metric": 0.0,
            "Time of Termination": -1.0,
            "Cumulative OOB": 0.0,
            "Time spent OOB": 0.0,
            "adv_collision": false,
            "iteration": 8
        },
        "9": {
            "Loss": -0.8188221454620361,
            "ego_col": 2.9138965606689453,
            "adv_rd": 0.0008640681626275182,
            "adv_col": 1.25,
            "Collision Metric": 0.0,
            "Time of Termination": -1.0,
            "Cumulative OOB": 0.0,
            "Time spent OOB": 0.0,
            "adv_collision": false,
            "iteration": 9
        },
        "10": {
            "Loss": -0.973355770111084,
            "ego_col": 2.766010046005249,
            "adv_rd": 0.000531705329194665,
            "adv_col": 1.25,
            "Collision Metric": 0.0,
            "Time of Termination": -1.0,
            "Cumulative OOB": 0.0,
            "Time spent OOB": 0.0,
            "adv_collision": false,
            "iteration": 10
        },
        "11": {
            "Loss": -1.149125576019287,
            "ego_col": 2.5915725231170654,
            "adv_rd": 0.00046509664389304817,
            "adv_col": 1.25,
            "Collision Metric": 0.0,
            "Time of Termination": -1.0,
            "Cumulative OOB": 0.0,
            "Time spent OOB": 0.0,
            "adv_collision": false,
            "iteration": 11
        },
        "12": {
            "Loss": -1.3456785678863525,
            "ego_col": 2.389727830886841,
            "adv_rd": 0.0007296825060620904,
            "adv_col": 1.25,
            "Collision Metric": 0.0,
            "Time of Termination": -1.0,
            "Cumulative OOB": 0.0,
            "Time spent OOB": 0.0,
            "adv_collision": false,
            "iteration": 12
        },
        "13": {
            "Loss": -1.4610772132873535,
            "ego_col": 2.25648832321167,
            "adv_rd": 0.0016217291122302413,
            "adv_col": 1.25,
            "Collision Metric": 0.0,
            "Time of Termination": -1.0,
            "Cumulative OOB": 0.0,
            "Time spent OOB": 0.0,
            "adv_collision": false,
            "iteration": 13
        },
        "14": {
            "Loss": -1.5436265468597412,
            "ego_col": 2.1792116165161133,
            "adv_rd": 0.001358093461021781,
            "adv_col": 1.25,
            "Collision Metric": 0.0,
            "Time of Termination": -1.0,
            "Cumulative OOB": 0.0,
            "Time spent OOB": 0.0,
            "adv_collision": false,
            "iteration": 14
        },
        "15": {
            "Loss": -1.8791313171386719,
            "ego_col": 1.8569129705429077,
            "adv_rd": 0.0006977843004278839,
            "adv_col": 1.25,
            "Collision Metric": 0.0,
            "Time of Termination": -1.0,
            "Cumulative OOB": 0.0,
            "Time spent OOB": 0.0,
            "adv_collision": false,
            "iteration": 15
        },
        "16": {
            "Loss": -1.6929938793182373,
            "ego_col": 2.0344674587249756,
            "adv_rd": 0.0011269369861111045,
            "adv_col": 1.25,
            "Collision Metric": 1.0,
            "Time of Termination": 76.0,
            "Cumulative OOB": 0.0,
            "Time spent OOB": 0.0,
            "adv_collision": false,
            "iteration": 16
        },
        "17": {
            "Loss": -1.6929938793182373,
            "ego_col": 2.0344674587249756,
            "adv_rd": 0.0011269369861111045,
            "adv_col": 1.25,